turn_number,my_active_hp_ratio,opp_active_hp_ratio,my_bench_count,opp_bench_count,my_prizes_left,opp_prizes_left,my_energy_in_hand,my_hand_size,action_is_ATTACK,action_is_RETREAT,action_is_ATTACH_ENERGY,action_is_PLAY_SUPPORTER,action_is_PLAY_BASIC_TO_BENCH,action_is_EVOLVE,action_is_USE_ABILITY,action_is_PASS_TURN,action_type,immediate_reward,state_value_delta,turn,game_outcome,game_id
1.0,1.0,1.0,1.0,0.0,6.0,6.0,1.0,4.0,0.0,0.0,1.0,0.0,0.0,0.0,0.0,0.0,ATTACH_ENERGY,0.3,0.6999999999999997,1,opponent,0
2.0,0.7142857142857143,1.0,1.0,0.0,6.0,6.0,0.0,4.0,0.0,1.0,0.0,0.0,0.0,0.0,0.0,0.0,RETREAT,-0.1,0.0,2,opponent,0
3.0,0.9,1.0,1.0,0.0,6.0,6.0,0.0,4.0,0.0,0.0,0.0,1.0,0.0,0.0,0.0,0.0,PLAY_SUPPORTER,0.4,0.0,3,opponent,0
4.0,0.6,1.0,1.0,0.0,6.0,6.0,0.0,3.0,0.0,0.0,0.0,0.0,0.0,0.0,0.0,1.0,PASS_TURN,0.0,0.0,4,opponent,0
5.0,0.5,1.0,1.0,0.0,6.0,6.0,0.0,3.0,0.0,0.0,0.0,1.0,0.0,0.0,0.0,0.0,PLAY_SUPPORTER,0.4,0.0,5,opponent,0
6.0,0.3,1.0,1.0,0.0,6.0,6.0,0.0,2.0,0.0,0.0,0.0,1.0,0.0,0.0,0.0,0.0,PLAY_SUPPORTER,0.4,0.0,6,opponent,0
7.0,0.2,1.0,1.0,0.0,6.0,6.0,0.0,1.0,0.0,0.0,0.0,0.0,1.0,0.0,0.0,0.0,PLAY_BASIC_TO_BENCH,0.2,1.9,7,opponent,0
8.0,0.1,1.0,2.0,0.0,6.0,6.0,0.0,0.0,0.0,0.0,0.0,0.0,0.0,0.0,0.0,1.0,PASS_TURN,0.0,0.0,8,opponent,0
9.0,0.7142857142857143,1.0,1.0,0.0,6.0,5.0,0.0,0.0,1.0,0.0,0.0,0.0,0.0,0.0,0.0,0.0,ATTACK,0.5,0.09999999999999964,9,opponent,0
10.0,0.7142857142857143,0.8888888888888888,1.0,0.0,6.0,5.0,0.0,0.0,1.0,0.0,0.0,0.0,0.0,0.0,0.0,0.0,ATTACK,0.5,0.10000000000000053,10,opponent,0
11.0,0.7142857142857143,0.7777777777777778,1.0,0.0,6.0,5.0,0.0,0.0,0.0,0.0,0.0,0.0,0.0,0.0,0.0,1.0,PASS_TURN,0.0,0.0,11,opponent,0
12.0,0.5,0.7777777777777778,1.0,0.0,6.0,5.0,0.0,0.0,1.0,0.0,0.0,0.0,0.0,0.0,0.0,0.0,ATTACK,0.5,0.09999999999999964,12,opponent,0
13.0,0.5,0.6666666666666666,1.0,0.0,6.0,5.0,0.0,0.0,1.0,0.0,0.0,0.0,0.0,0.0,0.0,0.0,ATTACK,0.5,0.09999999999999964,13,opponent,0
14.0,0.2857142857142857,0.5555555555555556,1.0,0.0,6.0,5.0,0.0,0.0,0.0,1.0,0.0,0.0,0.0,0.0,0.0,0.0,RETREAT,-0.1,0.0,14,opponent,0
15.0,0.9285714285714286,0.5555555555555556,1.0,0.0,6.0,5.0,0.0,0.0,0.0,0.0,0.0,0.0,0.0,0.0,0.0,1.0,PASS_TURN,0.0,0.0,15,opponent,0
16.0,0.7857142857142857,0.5555555555555556,1.0,0.0,6.0,5.0,0.0,0.0,0.0,0.0,0.0,0.0,0.0,0.0,0.0,1.0,PASS_TURN,0.0,0.0,16,opponent,0
17.0,0.7142857142857143,0.5555555555555556,1.0,0.0,6.0,5.0,0.0,0.0,0.0,0.0,0.0,0.0,0.0,0.0,0.0,1.0,PASS_TURN,0.0,0.0,17,opponent,0
18.0,0.6428571428571429,0.5555555555555556,1.0,0.0,6.0,5.0,0.0,0.0,0.0,0.0,0.0,0.0,0.0,0.0,0.0,1.0,PASS_TURN,0.0,0.0,18,opponent,0
19.0,0.6428571428571429,0.5555555555555556,1.0,0.0,6.0,5.0,0.0,0.0,0.0,0.0,0.0,0.0,0.0,0.0,0.0,1.0,PASS_TURN,0.0,0.0,19,opponent,0
20.0,0.35714285714285715,0.5555555555555556,1.0,0.0,6.0,5.0,0.0,0.0,0.0,0.0,0.0,0.0,0.0,0.0,0.0,1.0,PASS_TURN,0.0,0.0,20,opponent,0
21.0,0.07142857142857142,0.5555555555555556,1.0,0.0,6.0,5.0,0.0,0.0,0.0,1.0,0.0,0.0,0.0,0.0,0.0,0.0,RETREAT,-0.1,0.0,21,opponent,0
22.0,0.07142857142857142,0.5555555555555556,0.0,0.0,6.0,4.0,0.0,0.0,0.0,0.0,0.0,0.0,0.0,0.0,0.0,1.0,PASS_TURN,0.0,0.0,22,opponent,0
1.0,1.0,1.0,0.0,3.0,6.0,6.0,3.0,5.0,0.0,0.0,1.0,0.0,0.0,0.0,0.0,0.0,ATTACH_ENERGY,0.3,0.6999999999999997,1,opponent,1
2.0,0.8571428571428571,1.0,0.0,3.0,6.0,6.0,2.0,5.0,0.0,0.0,0.0,1.0,0.0,0.0,0.0,0.0,PLAY_SUPPORTER,0.4,0.0,2,opponent,1
3.0,0.5714285714285714,1.0,0.0,3.0,6.0,6.0,2.0,4.0,0.0,0.0,1.0,0.0,0.0,0.0,0.0,0.0,ATTACH_ENERGY,0.3,0.7000000000000006,3,opponent,1
4.0,0.42857142857142855,1.0,0.0,3.0,6.0,6.0,1.0,4.0,1.0,0.0,0.0,0.0,0.0,0.0,0.0,0.0,ATTACK,0.5,0.10000000000000053,4,opponent,1
5.0,0.35714285714285715,0.8888888888888888,0.0,3.0,6.0,6.0,1.0,4.0,1.0,0.0,0.0,0.0,0.0,0.0,0.0,0.0,ATTACK,0.5,0.10000000000000009,5,opponent,1
6.0,0.2857142857142857,0.7777777777777778,0.0,3.0,6.0,6.0,1.0,4.0,0.0,0.0,0.0,1.0,0.0,0.0,0.0,0.0,PLAY_SUPPORTER,0.4,0.0,6,opponent,1
7.0,0.14285714285714285,0.7777777777777778,0.0,3.0,6.0,6.0,1.0,3.0,0.0,0.0,0.0,1.0,0.0,0.0,0.0,0.0,PLAY_SUPPORTER,0.4,0.0,7,opponent,1
8.0,0.14285714285714285,0.7777777777777778,0.0,3.0,6.0,6.0,1.0,2.0,0.0,0.0,0.0,1.0,0.0,0.0,0.0,0.0,PLAY_SUPPORTER,0.4,0.0,8,opponent,1
9.0,0.07142857142857142,0.7777777777777778,0.0,3.0,6.0,6.0,1.0,1.0,0.0,0.0,0.0,1.0,0.0,0.0,0.0,0.0,PLAY_SUPPORTER,0.4,0.0,9,opponent,1
1.0,1.0,1.0,0.0,1.0,6.0,6.0,1.0,6.0,0.0,0.0,1.0,0.0,0.0,0.0,0.0,0.0,ATTACH_ENERGY,0.3,0.7000000000000002,1,opponent,2
2.0,1.0,1.0,0.0,1.0,6.0,6.0,0.0,6.0,1.0,0.0,0.0,0.0,0.0,0.0,0.0,0.0,ATTACK,1.5,0.2999999999999998,2,opponent,2
3.0,0.9,0.7857142857142857,0.0,1.0,6.0,6.0,0.0,6.0,1.0,0.0,0.0,0.0,0.0,0.0,0.0,0.0,ATTACK,1.5,0.2999999999999997,3,opponent,2
4.0,0.6,0.5714285714285714,0.0,1.0,6.0,6.0,0.0,6.0,1.0,0.0,0.0,0.0,0.0,0.0,0.0,0.0,ATTACK,1.5,0.2999999999999997,4,opponent,2
5.0,0.5,0.35714285714285715,0.0,1.0,6.0,6.0,0.0,6.0,1.0,0.0,0.0,0.0,0.0,0.0,0.0,0.0,ATTACK,1.5,0.30000000000000004,5,opponent,2
6.0,0.2,0.14285714285714285,0.0,1.0,6.0,6.0,0.0,6.0,1.0,0.0,0.0,0.0,0.0,0.0,0.0,0.0,ATTACK,6.5,-2.3000000000000003,6,opponent,2
1.0,1.0,1.0,1.0,3.0,6.0,6.0,0.0,4.0,0.0,1.0,0.0,0.0,0.0,0.0,0.0,0.0,RETREAT,-0.1,0.0,1,opponent,3
2.0,0.6,1.0,1.0,3.0,6.0,6.0,0.0,4.0,0.0,0.0,0.0,1.0,0.0,0.0,0.0,0.0,PLAY_SUPPORTER,0.4,0.0,2,opponent,3
3.0,0.5,1.0,1.0,3.0,6.0,6.0,0.0,3.0,0.0,0.0,0.0,1.0,0.0,0.0,0.0,0.0,PLAY_SUPPORTER,0.4,0.0,3,opponent,3
4.0,0.3,1.0,1.0,3.0,6.0,6.0,0.0,2.0,0.0,0.0,0.0,1.0,0.0,0.0,0.0,0.0,PLAY_SUPPORTER,0.4,0.0,4,opponent,3
5.0,0.2,1.0,1.0,3.0,6.0,6.0,0.0,1.0,0.0,1.0,0.0,0.0,0.0,0.0,0.0,0.0,RETREAT,-0.1,0.0,5,opponent,3
6.0,0.42857142857142855,1.0,1.0,3.0,6.0,6.0,0.0,1.0,0.0,0.0,0.0,1.0,0.0,0.0,0.0,0.0,PLAY_SUPPORTER,0.4,0.0,6,opponent,3
7.0,0.42857142857142855,1.0,1.0,3.0,6.0,6.0,0.0,0.0,0.0,0.0,0.0,0.0,0.0,0.0,0.0,1.0,PASS_TURN,0.0,0.0,7,opponent,3
8.0,0.2,1.0,0.0,3.0,6.0,5.0,0.0,0.0,0.0,0.0,0.0,0.0,0.0,0.0,0.0,1.0,PASS_TURN,0.0,0.0,8,opponent,3
9.0,0.1,1.0,0.0,3.0,6.0,5.0,0.0,0.0,0.0,0.0,0.0,0.0,0.0,0.0,0.0,1.0,PASS_TURN,0.0,0.0,9,opponent,3
1.0,1.0,1.0,1.0,2.0,6.0,6.0,2.0,7.0,0.0,0.0,1.0,0.0,0.0,0.0,0.0,0.0,ATTACH_ENERGY,0.3,0.7000000000000002,1,opponent,4
2.0,0.7142857142857143,1.0,1.0,2.0,6.0,6.0,1.0,7.0,1.0,0.0,0.0,0.0,0.0,0.0,0.0,0.0,ATTACK,1.0,0.19999999999999996,2,opponent,4
3.0,0.7142857142857143,0.8571428571428571,1.0,2.0,6.0,6.0,1.0,7.0,1.0,0.0,0.0,0.0,0.0,0.0,0.0,0.0,ATTACK,1.0,0.19999999999999996,3,opponent,4
4.0,0.5714285714285714,0.7142857142857143,1.0,2.0,6.0,6.0,1.0,7.0,1.0,0.0,0.0,0.0,0.0,0.0,0.0,0.0,ATTACK,1.0,0.19999999999999996,4,opponent,4
5.0,0.2857142857142857,0.5714285714285714,1.0,2.0,6.0,6.0,1.0,7.0,0.0,0.0,0.0,1.0,0.0,0.0,0.0,0.0,PLAY_SUPPORTER,0.4,0.0,5,opponent,4
6.0,0.07142857142857142,0.5714285714285714,1.0,2.0,6.0,6.0,1.0,6.0,0.0,1.0,0.0,0.0,0.0,0.0,0.0,0.0,RETREAT,-0.1,0.0,6,opponent,4
7.0,0.8333333333333334,0.5714285714285714,1.0,2.0,6.0,6.0,1.0,6.0,0.0,0.0,0.0,1.0,0.0,0.0,0.0,0.0,PLAY_SUPPORTER,0.4,0.0,7,opponent,4
8.0,0.3333333333333333,0.5714285714285714,1.0,2.0,6.0,6.0,1.0,5.0,0.0,0.0,0.0,1.0,0.0,0.0,0.0,0.0,PLAY_SUPPORTER,0.4,0.0,8,opponent,4
9.0,0.07142857142857142,0.5714285714285714,0.0,2.0,6.0,5.0,1.0,4.0,0.0,0.0,0.0,1.0,0.0,0.0,0.0,0.0,PLAY_SUPPORTER,0.4,0.0,9,opponent,4
1.0,1.0,1.0,0.0,1.0,6.0,6.0,1.0,5.0,0.0,0.0,1.0,0.0,0.0,0.0,0.0,0.0,ATTACH_ENERGY,0.3,0.7000000000000001,1,opponent,5
2.0,0.8888888888888888,1.0,0.0,1.0,6.0,6.0,0.0,5.0,1.0,0.0,0.0,0.0,0.0,0.0,0.0,0.0,ATTACK,0.5,0.10000000000000009,2,opponent,5
3.0,0.7777777777777778,0.8333333333333334,0.0,1.0,6.0,6.0,0.0,5.0,1.0,0.0,0.0,0.0,0.0,0.0,0.0,0.0,ATTACK,0.5,0.10000000000000009,3,opponent,5
4.0,0.5555555555555556,0.6666666666666666,0.0,1.0,6.0,6.0,0.0,5.0,1.0,0.0,0.0,0.0,0.0,0.0,0.0,0.0,ATTACK,0.5,0.09999999999999987,4,opponent,5
5.0,0.2222222222222222,0.5,0.0,1.0,6.0,6.0,0.0,5.0,0.0,0.0,0.0,1.0,0.0,0.0,0.0,0.0,PLAY_SUPPORTER,0.4,0.0,5,opponent,5
1.0,1.0,1.0,1.0,3.0,6.0,6.0,2.0,7.0,0.0,0.0,1.0,0.0,0.0,0.0,0.0,0.0,ATTACH_ENERGY,0.3,0.7000000000000002,1,opponent,6
2.0,0.7142857142857143,1.0,1.0,3.0,6.0,6.0,1.0,7.0,0.0,0.0,1.0,0.0,0.0,0.0,0.0,0.0,ATTACH_ENERGY,0.3,0.7000000000000002,2,opponent,6
3.0,0.42857142857142855,1.0,1.0,3.0,6.0,6.0,0.0,7.0,0.0,1.0,0.0,0.0,0.0,0.0,0.0,0.0,RETREAT,-0.1,0.0,3,opponent,6
4.0,1.0,1.0,1.0,3.0,6.0,6.0,0.0,7.0,0.0,0.0,0.0,1.0,0.0,0.0,0.0,0.0,PLAY_SUPPORTER,0.4,0.0,4,opponent,6
5.0,0.7142857142857143,1.0,1.0,3.0,6.0,6.0,0.0,6.0,0.0,0.0,0.0,1.0,0.0,0.0,0.0,0.0,PLAY_SUPPORTER,0.4,0.0,5,opponent,6
6.0,0.7142857142857143,1.0,1.0,3.0,6.0,6.0,0.0,5.0,0.0,0.0,0.0,1.0,0.0,0.0,0.0,0.0,PLAY_SUPPORTER,0.4,0.0,6,opponent,6
7.0,0.5,1.0,1.0,3.0,6.0,6.0,0.0,4.0,0.0,0.0,0.0,1.0,0.0,0.0,0.0,0.0,PLAY_SUPPORTER,0.4,0.0,7,opponent,6
8.0,0.35714285714285715,1.0,1.0,3.0,6.0,6.0,0.0,3.0,0.0,0.0,0.0,1.0,0.0,0.0,0.0,0.0,PLAY_SUPPORTER,0.4,0.0,8,opponent,6
9.0,0.07142857142857142,1.0,1.0,3.0,6.0,6.0,0.0,2.0,0.0,1.0,0.0,0.0,0.0,0.0,0.0,0.0,RETREAT,-0.1,0.0,9,opponent,6
10.0,0.35714285714285715,1.0,1.0,3.0,6.0,6.0,0.0,2.0,1.0,0.0,0.0,0.0,0.0,0.0,0.0,0.0,ATTACK,0.5,0.09999999999999964,10,opponent,6
11.0,0.07142857142857142,0.875,1.0,3.0,6.0,6.0,0.0,2.0,0.0,1.0,0.0,0.0,0.0,0.0,0.0,0.0,RETREAT,-0.1,0.0,11,opponent,6
12.0,0.07142857142857142,0.875,0.0,3.0,6.0,5.0,0.0,2.0,0.0,0.0,0.0,1.0,0.0,0.0,0.0,0.0,PLAY_SUPPORTER,0.4,0.0,12,opponent,6
1.0,1.0,1.0,0.0,2.0,6.0,6.0,0.0,6.0,0.0,0.0,0.0,1.0,0.0,0.0,0.0,0.0,PLAY_SUPPORTER,0.4,0.0,1,opponent,7
2.0,0.75,1.0,0.0,2.0,6.0,6.0,0.0,5.0,0.0,0.0,0.0,1.0,0.0,0.0,0.0,0.0,PLAY_SUPPORTER,0.4,0.0,2,opponent,7
3.0,0.5,1.0,0.0,2.0,6.0,6.0,0.0,4.0,0.0,0.0,0.0,1.0,0.0,0.0,0.0,0.0,PLAY_SUPPORTER,0.4,0.0,3,opponent,7
4.0,0.5,1.0,0.0,2.0,6.0,6.0,0.0,3.0,0.0,0.0,0.0,1.0,0.0,0.0,0.0,0.0,PLAY_SUPPORTER,0.4,0.0,4,opponent,7
5.0,0.375,1.0,0.0,2.0,6.0,6.0,0.0,2.0,0.0,0.0,0.0,1.0,0.0,0.0,0.0,0.0,PLAY_SUPPORTER,0.4,0.0,5,opponent,7
6.0,0.375,1.0,0.0,2.0,6.0,6.0,0.0,1.0,0.0,0.0,0.0,1.0,0.0,0.0,0.0,0.0,PLAY_SUPPORTER,0.4,0.0,6,opponent,7
7.0,0.25,1.0,0.0,2.0,6.0,6.0,0.0,0.0,0.0,0.0,0.0,0.0,0.0,0.0,0.0,1.0,PASS_TURN,0.0,0.0,7,opponent,7
1.0,1.0,1.0,1.0,2.0,6.0,6.0,3.0,5.0,0.0,0.0,0.0,0.0,0.0,0.0,0.0,1.0,PASS_TURN,0.0,0.0,1,opponent,8
2.0,0.8888888888888888,1.0,1.0,2.0,6.0,6.0,3.0,5.0,0.0,0.0,1.0,0.0,0.0,0.0,0.0,0.0,ATTACH_ENERGY,0.3,0.7000000000000002,2,opponent,8
3.0,0.4444444444444444,1.0,1.0,2.0,6.0,6.0,2.0,5.0,0.0,0.0,1.0,0.0,0.0,0.0,0.0,0.0,ATTACH_ENERGY,0.3,0.7000000000000004,3,opponent,8
4.0,0.3333333333333333,1.0,1.0,2.0,6.0,6.0,1.0,5.0,0.0,0.0,0.0,1.0,0.0,0.0,0.0,0.0,PLAY_SUPPORTER,0.4,0.0,4,opponent,8
5.0,0.2222222222222222,1.0,1.0,2.0,6.0,6.0,1.0,4.0,0.0,1.0,0.0,0.0,0.0,0.0,0.0,0.0,RETREAT,-0.1,0.0,5,opponent,8
6.0,1.0,1.0,1.0,2.0,6.0,6.0,1.0,4.0,0.0,0.0,0.0,1.0,0.0,0.0,0.0,0.0,PLAY_SUPPORTER,0.4,0.0,6,opponent,8
7.0,0.5,1.0,1.0,2.0,6.0,6.0,1.0,3.0,0.0,0.0,0.0,1.0,0.0,0.0,0.0,0.0,PLAY_SUPPORTER,0.4,0.0,7,opponent,8
8.0,0.5,1.0,1.0,2.0,6.0,6.0,1.0,2.0,0.0,0.0,0.0,1.0,0.0,0.0,0.0,0.0,PLAY_SUPPORTER,0.4,0.0,8,opponent,8
9.0,0.125,1.0,1.0,2.0,6.0,6.0,1.0,1.0,0.0,1.0,0.0,0.0,0.0,0.0,0.0,0.0,RETREAT,-0.1,0.0,9,opponent,8
10.0,0.1111111111111111,1.0,1.0,2.0,6.0,6.0,1.0,1.0,0.0,1.0,0.0,0.0,0.0,0.0,0.0,0.0,RETREAT,-0.1,0.0,10,opponent,8
11.0,0.1111111111111111,1.0,0.0,2.0,6.0,5.0,1.0,1.0,0.0,0.0,0.0,1.0,0.0,0.0,0.0,0.0,PLAY_SUPPORTER,0.4,0.0,11,opponent,8
1.0,1.0,1.0,0.0,2.0,6.0,6.0,2.0,3.0,0.0,0.0,1.0,0.0,0.0,0.0,0.0,0.0,ATTACH_ENERGY,0.3,0.6999999999999997,1,opponent,9
2.0,0.6,1.0,0.0,2.0,6.0,6.0,1.0,3.0,1.0,0.0,0.0,0.0,0.0,0.0,0.0,0.0,ATTACK,1.5,0.2999999999999998,2,opponent,9
3.0,0.3,0.75,0.0,2.0,6.0,6.0,1.0,3.0,0.0,0.0,0.0,0.0,1.0,0.0,0.0,0.0,PLAY_BASIC_TO_BENCH,0.2,1.6,3,opponent,9
4.0,1.0,0.75,0.0,2.0,6.0,5.0,1.0,2.0,0.0,0.0,0.0,1.0,0.0,0.0,0.0,0.0,PLAY_SUPPORTER,0.4,0.0,4,opponent,9
5.0,0.7142857142857143,0.75,0.0,2.0,6.0,5.0,1.0,1.0,0.0,0.0,0.0,1.0,0.0,0.0,0.0,0.0,PLAY_SUPPORTER,0.4,0.0,5,opponent,9
6.0,0.7142857142857143,0.75,0.0,2.0,6.0,5.0,1.0,0.0,0.0,0.0,1.0,0.0,0.0,0.0,0.0,0.0,ATTACH_ENERGY,0.3,0.3,6,opponent,9
7.0,0.7142857142857143,0.75,0.0,2.0,6.0,5.0,0.0,0.0,1.0,0.0,0.0,0.0,0.0,0.0,0.0,0.0,ATTACK,0.5,0.10000000000000009,7,opponent,9
8.0,0.14285714285714285,0.6666666666666666,0.0,2.0,6.0,5.0,0.0,0.0,0.0,0.0,0.0,0.0,0.0,0.0,0.0,1.0,PASS_TURN,0.0,0.0,8,opponent,9
1.0,1.0,1.0,0.0,0.0,6.0,6.0,0.0,7.0,0.0,0.0,0.0,0.0,1.0,0.0,0.0,0.0,PLAY_BASIC_TO_BENCH,0.2,1.5999999999999999,1,opponent,10
2.0,0.7857142857142857,1.0,1.0,0.0,6.0,6.0,0.0,6.0,0.0,0.0,0.0,1.0,0.0,0.0,0.0,0.0,PLAY_SUPPORTER,0.4,0.0,2,opponent,10
3.0,0.7857142857142857,1.0,1.0,0.0,6.0,6.0,0.0,5.0,0.0,0.0,0.0,1.0,0.0,0.0,0.0,0.0,PLAY_SUPPORTER,0.4,0.0,3,opponent,10
4.0,0.7857142857142857,1.0,1.0,0.0,6.0,6.0,0.0,4.0,0.0,0.0,0.0,1.0,0.0,0.0,0.0,0.0,PLAY_SUPPORTER,0.4,0.0,4,opponent,10
5.0,0.7142857142857143,1.0,1.0,0.0,6.0,6.0,0.0,3.0,0.0,0.0,0.0,1.0,0.0,0.0,0.0,0.0,PLAY_SUPPORTER,0.4,0.0,5,opponent,10
6.0,0.5714285714285714,1.0,1.0,0.0,6.0,6.0,0.0,2.0,0.0,0.0,0.0,1.0,0.0,0.0,0.0,0.0,PLAY_SUPPORTER,0.4,0.0,6,opponent,10
7.0,0.5714285714285714,1.0,1.0,0.0,6.0,6.0,0.0,1.0,0.0,0.0,0.0,1.0,0.0,0.0,0.0,0.0,PLAY_SUPPORTER,0.4,0.0,7,opponent,10
8.0,0.2857142857142857,1.0,1.0,0.0,6.0,6.0,0.0,0.0,0.0,1.0,0.0,0.0,0.0,0.0,0.0,0.0,RETREAT,-0.1,0.0,8,opponent,10
9.0,0.7142857142857143,1.0,1.0,0.0,6.0,6.0,0.0,0.0,0.0,0.0,0.0,0.0,0.0,0.0,0.0,1.0,PASS_TURN,0.0,0.0,9,opponent,10
10.0,0.42857142857142855,1.0,1.0,0.0,6.0,6.0,0.0,0.0,0.0,0.0,0.0,0.0,0.0,0.0,0.0,1.0,PASS_TURN,0.0,0.0,10,opponent,10
11.0,0.14285714285714285,1.0,1.0,0.0,6.0,6.0,0.0,0.0,0.0,1.0,0.0,0.0,0.0,0.0,0.0,0.0,RETREAT,-0.1,0.0,11,opponent,10
12.0,0.21428571428571427,1.0,1.0,0.0,6.0,6.0,0.0,0.0,0.0,1.0,0.0,0.0,0.0,0.0,0.0,0.0,RETREAT,-0.1,0.0,12,opponent,10
13.0,0.21428571428571427,1.0,0.0,0.0,6.0,5.0,0.0,0.0,0.0,0.0,0.0,0.0,0.0,0.0,0.0,1.0,PASS_TURN,0.0,0.0,13,opponent,10
14.0,0.07142857142857142,1.0,0.0,0.0,6.0,5.0,0.0,0.0,0.0,0.0,0.0,0.0,0.0,0.0,0.0,1.0,PASS_TURN,0.0,0.0,14,opponent,10
1.0,1.0,1.0,2.0,0.0,6.0,6.0,0.0,2.0,0.0,0.0,0.0,1.0,0.0,0.0,0.0,0.0,PLAY_SUPPORTER,0.4,0.0,1,opponent,11
2.0,0.625,1.0,2.0,0.0,6.0,6.0,0.0,1.0,0.0,1.0,0.0,0.0,0.0,0.0,0.0,0.0,RETREAT,-0.1,0.0,2,opponent,11
3.0,0.7777777777777778,1.0,2.0,0.0,6.0,6.0,0.0,1.0,0.0,0.0,0.0,1.0,0.0,0.0,0.0,0.0,PLAY_SUPPORTER,0.4,0.0,3,opponent,11
4.0,0.3333333333333333,1.0,2.0,0.0,6.0,6.0,0.0,0.0,0.0,1.0,0.0,0.0,0.0,0.0,0.0,0.0,RETREAT,-0.1,0.0,4,opponent,11
5.0,0.9285714285714286,1.0,2.0,0.0,6.0,6.0,0.0,0.0,0.0,0.0,0.0,0.0,0.0,0.0,0.0,1.0,PASS_TURN,0.0,0.0,5,opponent,11
6.0,0.6428571428571429,1.0,2.0,0.0,6.0,6.0,0.0,0.0,0.0,0.0,0.0,0.0,0.0,0.0,0.0,1.0,PASS_TURN,0.0,0.0,6,opponent,11
7.0,0.5714285714285714,1.0,2.0,0.0,6.0,6.0,0.0,0.0,0.0,0.0,0.0,0.0,0.0,0.0,0.0,1.0,PASS_TURN,0.0,0.0,7,opponent,11
8.0,0.35714285714285715,1.0,2.0,0.0,6.0,6.0,0.0,0.0,0.0,1.0,0.0,0.0,0.0,0.0,0.0,0.0,RETREAT,-0.1,0.0,8,opponent,11
9.0,0.375,1.0,2.0,0.0,6.0,6.0,0.0,0.0,0.0,0.0,0.0,0.0,0.0,0.0,0.0,1.0,PASS_TURN,0.0,0.0,9,opponent,11
10.0,0.3333333333333333,1.0,1.0,0.0,6.0,5.0,0.0,0.0,0.0,1.0,0.0,0.0,0.0,0.0,0.0,0.0,RETREAT,-0.1,0.0,10,opponent,11
11.0,0.07142857142857142,1.0,1.0,0.0,6.0,5.0,0.0,0.0,0.0,1.0,0.0,0.0,0.0,0.0,0.0,0.0,RETREAT,-0.1,0.0,11,opponent,11
12.0,0.1111111111111111,1.0,1.0,0.0,6.0,5.0,0.0,0.0,0.0,1.0,0.0,0.0,0.0,0.0,0.0,0.0,RETREAT,-0.1,0.0,12,opponent,11
13.0,0.1111111111111111,1.0,0.0,0.0,6.0,4.0,0.0,0.0,0.0,0.0,0.0,0.0,0.0,0.0,0.0,1.0,PASS_TURN,0.0,0.0,13,opponent,11
1.0,1.0,1.0,3.0,0.0,6.0,6.0,1.0,4.0,0.0,0.0,1.0,0.0,0.0,0.0,0.0,0.0,ATTACH_ENERGY,0.3,0.6999999999999993,1,me,12
2.0,1.0,1.0,3.0,0.0,6.0,6.0,0.0,4.0,0.0,0.0,0.0,1.0,0.0,0.0,0.0,0.0,PLAY_SUPPORTER,0.4,0.0,2,me,12
3.0,0.5,1.0,3.0,0.0,6.0,6.0,0.0,3.0,0.0,0.0,0.0,1.0,0.0,0.0,0.0,0.0,PLAY_SUPPORTER,0.4,0.0,3,me,12
4.0,0.5,1.0,3.0,0.0,6.0,6.0,0.0,2.0,0.0,0.0,0.0,1.0,0.0,0.0,0.0,0.0,PLAY_SUPPORTER,0.4,0.0,4,me,12
5.0,1.0,1.0,2.0,0.0,6.0,5.0,0.0,1.0,0.0,0.0,0.0,1.0,0.0,0.0,0.0,0.0,PLAY_SUPPORTER,0.4,0.0,5,me,12
6.0,0.7777777777777778,1.0,2.0,0.0,6.0,5.0,0.0,0.0,0.0,0.0,0.0,0.0,0.0,0.0,0.0,1.0,PASS_TURN,0.0,0.0,6,me,12
7.0,0.3333333333333333,1.0,2.0,0.0,6.0,5.0,0.0,0.0,0.0,0.0,0.0,0.0,0.0,0.0,0.0,1.0,PASS_TURN,0.0,0.0,7,me,12
8.0,1.0,1.0,1.0,0.0,6.0,4.0,0.0,0.0,0.0,0.0,0.0,0.0,0.0,0.0,0.0,1.0,PASS_TURN,0.0,0.0,8,me,12
9.0,0.8333333333333334,1.0,1.0,0.0,6.0,4.0,0.0,0.0,0.0,0.0,0.0,0.0,0.0,0.0,0.0,1.0,PASS_TURN,0.0,0.0,9,me,12
10.0,0.16666666666666666,1.0,1.0,0.0,6.0,4.0,0.0,0.0,0.0,1.0,0.0,0.0,0.0,0.0,0.0,0.0,RETREAT,-0.1,0.0,10,me,12
11.0,0.9285714285714286,1.0,1.0,0.0,6.0,4.0,0.0,0.0,1.0,0.0,0.0,0.0,0.0,0.0,0.0,0.0,ATTACK,1.5,0.2999999999999998,11,me,12
12.0,0.7857142857142857,0.75,1.0,0.0,6.0,4.0,0.0,0.0,1.0,0.0,0.0,0.0,0.0,0.0,0.0,0.0,ATTACK,1.5,0.2999999999999998,12,me,12
13.0,0.7857142857142857,0.5,1.0,0.0,6.0,4.0,0.0,0.0,1.0,0.0,0.0,0.0,0.0,0.0,0.0,0.0,ATTACK,1.5,0.3000000000000007,13,me,12
14.0,0.5,0.25,1.0,0.0,6.0,4.0,0.0,0.0,1.0,0.0,0.0,0.0,0.0,0.0,0.0,0.0,ATTACK,6.5,-2.7,14,me,12
1.0,1.0,1.0,1.0,0.0,6.0,6.0,3.0,5.0,0.0,0.0,1.0,0.0,0.0,0.0,0.0,0.0,ATTACH_ENERGY,0.3,0.7000000000000002,1,opponent,13
2.0,0.8571428571428571,1.0,1.0,0.0,6.0,6.0,2.0,5.0,1.0,0.0,0.0,0.0,0.0,0.0,0.0,0.0,ATTACK,1.5,0.2999999999999998,2,opponent,13
3.0,0.5714285714285714,0.7857142857142857,1.0,0.0,6.0,6.0,2.0,5.0,0.0,0.0,0.0,0.0,0.0,0.0,0.0,1.0,PASS_TURN,0.0,0.0,3,opponent,13
4.0,0.2857142857142857,0.7857142857142857,1.0,0.0,6.0,6.0,2.0,5.0,1.0,0.0,0.0,0.0,0.0,0.0,0.0,0.0,ATTACK,1.5,0.30000000000000004,4,opponent,13
5.0,1.0,0.5714285714285714,0.0,0.0,6.0,5.0,2.0,5.0,0.0,0.0,0.0,1.0,0.0,0.0,0.0,0.0,PLAY_SUPPORTER,0.4,0.0,5,opponent,13
6.0,0.9,0.5714285714285714,0.0,0.0,6.0,5.0,2.0,4.0,0.0,0.0,0.0,1.0,0.0,0.0,0.0,0.0,PLAY_SUPPORTER,0.4,0.0,6,opponent,13
7.0,0.7,0.5714285714285714,0.0,0.0,6.0,5.0,2.0,3.0,0.0,0.0,0.0,0.0,0.0,0.0,0.0,1.0,PASS_TURN,0.0,0.0,7,opponent,13
8.0,0.6,0.5714285714285714,0.0,0.0,6.0,5.0,2.0,3.0,0.0,0.0,0.0,1.0,0.0,0.0,0.0,0.0,PLAY_SUPPORTER,0.4,0.0,8,opponent,13
9.0,0.6,0.5714285714285714,0.0,0.0,6.0,5.0,2.0,2.0,0.0,0.0,0.0,1.0,0.0,0.0,0.0,0.0,PLAY_SUPPORTER,0.4,0.0,9,opponent,13
10.0,0.6,0.5714285714285714,0.0,0.0,6.0,5.0,2.0,1.0,0.0,0.0,0.0,1.0,0.0,0.0,0.0,0.0,PLAY_SUPPORTER,0.4,0.0,10,opponent,13
11.0,0.6,0.5714285714285714,0.0,0.0,6.0,5.0,2.0,0.0,0.0,0.0,0.0,0.0,0.0,0.0,0.0,1.0,PASS_TURN,0.0,0.0,11,opponent,13
12.0,0.2,0.5714285714285714,0.0,0.0,6.0,5.0,2.0,0.0,0.0,0.0,1.0,0.0,0.0,0.0,0.0,0.0,ATTACH_ENERGY,0.3,0.2999999999999998,12,opponent,13
1.0,1.0,1.0,3.0,2.0,6.0,6.0,1.0,4.0,0.0,0.0,1.0,0.0,0.0,0.0,0.0,0.0,ATTACH_ENERGY,0.3,0.6999999999999997,1,opponent,14
2.0,0.6666666666666666,1.0,3.0,2.0,6.0,6.0,0.0,4.0,1.0,0.0,0.0,0.0,0.0,0.0,0.0,0.0,ATTACK,0.5,0.10000000000000053,2,opponent,14
3.0,0.4444444444444444,0.8571428571428571,3.0,2.0,6.0,6.0,0.0,4.0,1.0,0.0,0.0,0.0,0.0,0.0,0.0,0.0,ATTACK,0.5,0.09999999999999964,3,opponent,14
4.0,1.0,0.7142857142857143,2.0,2.0,6.0,5.0,0.0,4.0,0.0,0.0,0.0,1.0,0.0,0.0,0.0,0.0,PLAY_SUPPORTER,0.4,0.0,4,opponent,14
5.0,0.5555555555555556,0.7142857142857143,2.0,2.0,6.0,5.0,0.0,3.0,0.0,0.0,0.0,1.0,0.0,0.0,0.0,0.0,PLAY_SUPPORTER,0.4,0.0,5,opponent,14
6.0,0.2222222222222222,0.7142857142857143,2.0,2.0,6.0,5.0,0.0,2.0,0.0,1.0,0.0,0.0,0.0,0.0,0.0,0.0,RETREAT,-0.1,0.0,6,opponent,14
7.0,0.5714285714285714,0.7142857142857143,2.0,2.0,6.0,5.0,0.0,2.0,0.0,0.0,0.0,1.0,0.0,0.0,0.0,0.0,PLAY_SUPPORTER,0.4,0.0,7,opponent,14
8.0,0.2222222222222222,0.7142857142857143,1.0,2.0,6.0,4.0,0.0,1.0,0.0,1.0,0.0,0.0,0.0,0.0,0.0,0.0,RETREAT,-0.1,0.0,8,opponent,14
9.0,0.5,0.7142857142857143,1.0,2.0,6.0,4.0,0.0,1.0,0.0,0.0,0.0,0.0,1.0,0.0,0.0,0.0,PLAY_BASIC_TO_BENCH,0.2,1.4000000000000004,9,opponent,14
10.0,0.2222222222222222,0.7142857142857143,1.0,2.0,6.0,3.0,0.0,0.0,0.0,1.0,0.0,0.0,0.0,0.0,0.0,0.0,RETREAT,-0.1,0.0,10,opponent,14
11.0,0.6666666666666666,0.7142857142857143,1.0,2.0,6.0,3.0,0.0,0.0,0.0,0.0,0.0,0.0,0.0,0.0,0.0,1.0,PASS_TURN,0.0,0.0,11,opponent,14
12.0,0.3333333333333333,0.7142857142857143,1.0,2.0,6.0,3.0,0.0,0.0,0.0,0.0,0.0,0.0,0.0,0.0,0.0,1.0,PASS_TURN,0.0,0.0,12,opponent,14
13.0,0.1111111111111111,0.7142857142857143,1.0,2.0,6.0,3.0,0.0,0.0,0.0,0.0,0.0,0.0,0.0,0.0,0.0,1.0,PASS_TURN,0.0,0.0,13,opponent,14
14.0,0.2222222222222222,0.7142857142857143,0.0,2.0,6.0,2.0,0.0,0.0,0.0,0.0,0.0,0.0,0.0,0.0,0.0,1.0,PASS_TURN,0.0,0.0,14,opponent,14
1.0,1.0,1.0,1.0,2.0,6.0,6.0,1.0,6.0,0.0,0.0,1.0,0.0,0.0,0.0,0.0,0.0,ATTACH_ENERGY,0.3,0.7000000000000001,1,opponent,15
2.0,0.9,1.0,1.0,2.0,6.0,6.0,0.0,6.0,1.0,0.0,0.0,0.0,0.0,0.0,0.0,0.0,ATTACK,1.0,0.19999999999999996,2,opponent,15
3.0,0.5,0.75,1.0,2.0,6.0,6.0,0.0,6.0,1.0,0.0,0.0,0.0,0.0,0.0,0.0,0.0,ATTACK,1.0,0.19999999999999996,3,opponent,15
4.0,0.1,0.5,1.0,2.0,6.0,6.0,0.0,6.0,0.0,1.0,0.0,0.0,0.0,0.0,0.0,0.0,RETREAT,-0.1,0.0,4,opponent,15
5.0,0.6666666666666666,0.5,1.0,2.0,6.0,6.0,0.0,6.0,0.0,0.0,0.0,1.0,0.0,0.0,0.0,0.0,PLAY_SUPPORTER,0.4,0.0,5,opponent,15
6.0,0.3333333333333333,0.5,1.0,2.0,6.0,6.0,0.0,5.0,0.0,0.0,0.0,1.0,0.0,0.0,0.0,0.0,PLAY_SUPPORTER,0.4,0.0,6,opponent,15
7.0,0.3333333333333333,0.5,1.0,2.0,6.0,6.0,0.0,4.0,0.0,0.0,0.0,1.0,0.0,0.0,0.0,0.0,PLAY_SUPPORTER,0.4,0.0,7,opponent,15
8.0,0.1,0.5,0.0,2.0,6.0,5.0,0.0,3.0,0.0,0.0,0.0,1.0,0.0,0.0,0.0,0.0,PLAY_SUPPORTER,0.4,0.0,8,opponent,15
1.0,1.0,1.0,2.0,1.0,6.0,6.0,2.0,2.0,0.0,0.0,1.0,0.0,0.0,0.0,0.0,0.0,ATTACH_ENERGY,0.3,0.7000000000000002,1,opponent,16
2.0,0.8888888888888888,1.0,2.0,1.0,6.0,6.0,1.0,2.0,1.0,0.0,0.0,0.0,0.0,0.0,0.0,0.0,ATTACK,1.5,0.2999999999999998,2,opponent,16
3.0,0.7777777777777778,0.5,2.0,1.0,6.0,6.0,1.0,2.0,1.0,0.0,0.0,0.0,0.0,0.0,0.0,0.0,ATTACK,6.5,-2.2,3,opponent,16
4.0,0.3333333333333333,1.0,2.0,0.0,5.0,6.0,1.0,2.0,0.0,0.0,0.0,0.0,1.0,0.0,0.0,0.0,PLAY_BASIC_TO_BENCH,0.2,1.6999999999999997,4,opponent,16
5.0,1.0,1.0,2.0,0.0,5.0,5.0,1.0,1.0,0.0,0.0,0.0,1.0,0.0,0.0,0.0,0.0,PLAY_SUPPORTER,0.4,0.0,5,opponent,16
6.0,0.5,1.0,2.0,0.0,5.0,5.0,1.0,0.0,0.0,0.0,1.0,0.0,0.0,0.0,0.0,0.0,ATTACH_ENERGY,0.3,0.30000000000000004,6,opponent,16
7.0,1.0,1.0,1.0,0.0,5.0,4.0,0.0,0.0,0.0,0.0,0.0,0.0,0.0,0.0,0.0,1.0,PASS_TURN,0.0,0.0,7,opponent,16
8.0,0.5,1.0,1.0,0.0,5.0,4.0,0.0,0.0,0.0,0.0,0.0,0.0,0.0,0.0,0.0,1.0,PASS_TURN,0.0,0.0,8,opponent,16
9.0,0.125,1.0,1.0,0.0,5.0,4.0,0.0,0.0,0.0,1.0,0.0,0.0,0.0,0.0,0.0,0.0,RETREAT,-0.1,0.0,9,opponent,16
10.0,0.5,1.0,1.0,0.0,5.0,4.0,0.0,0.0,0.0,0.0,0.0,0.0,0.0,0.0,0.0,1.0,PASS_TURN,0.0,0.0,10,opponent,16
11.0,0.125,1.0,1.0,0.0,5.0,4.0,0.0,0.0,0.0,1.0,0.0,0.0,0.0,0.0,0.0,0.0,RETREAT,-0.1,0.0,11,opponent,16
12.0,0.125,1.0,0.0,0.0,5.0,3.0,0.0,0.0,0.0,0.0,0.0,0.0,0.0,0.0,0.0,1.0,PASS_TURN,0.0,0.0,12,opponent,16
1.0,1.0,1.0,3.0,2.0,6.0,6.0,2.0,5.0,0.0,0.0,1.0,0.0,0.0,0.0,0.0,0.0,ATTACH_ENERGY,0.3,0.6999999999999993,1,opponent,17
2.0,0.6,1.0,3.0,2.0,6.0,6.0,1.0,5.0,0.0,0.0,1.0,0.0,0.0,0.0,0.0,0.0,ATTACH_ENERGY,0.3,0.7000000000000002,2,opponent,17
3.0,0.6,1.0,3.0,2.0,6.0,6.0,0.0,5.0,0.0,0.0,0.0,1.0,0.0,0.0,0.0,0.0,PLAY_SUPPORTER,0.4,0.0,3,opponent,17
4.0,0.3,1.0,3.0,2.0,6.0,6.0,0.0,4.0,0.0,0.0,0.0,1.0,0.0,0.0,0.0,0.0,PLAY_SUPPORTER,0.4,0.0,4,opponent,17
5.0,0.2,1.0,3.0,2.0,6.0,6.0,0.0,3.0,0.0,1.0,0.0,0.0,0.0,0.0,0.0,0.0,RETREAT,-0.1,0.0,5,opponent,17
6.0,0.7,1.0,3.0,2.0,6.0,6.0,0.0,3.0,0.0,0.0,0.0,1.0,0.0,0.0,0.0,0.0,PLAY_SUPPORTER,0.4,0.0,6,opponent,17
7.0,0.7,1.0,3.0,2.0,6.0,6.0,0.0,2.0,0.0,0.0,0.0,1.0,0.0,0.0,0.0,0.0,PLAY_SUPPORTER,0.4,0.0,7,opponent,17
8.0,0.5,1.0,3.0,2.0,6.0,6.0,0.0,1.0,0.0,0.0,0.0,1.0,0.0,0.0,0.0,0.0,PLAY_SUPPORTER,0.4,0.0,8,opponent,17
9.0,0.3,1.0,3.0,2.0,6.0,6.0,0.0,0.0,0.0,0.0,0.0,0.0,0.0,0.0,0.0,1.0,PASS_TURN,0.0,0.0,9,opponent,17
10.0,0.2,1.0,2.0,2.0,6.0,5.0,0.0,0.0,0.0,1.0,0.0,0.0,0.0,0.0,0.0,0.0,RETREAT,-0.1,0.0,10,opponent,17
11.0,0.8571428571428571,1.0,2.0,2.0,6.0,5.0,0.0,0.0,1.0,0.0,0.0,0.0,0.0,0.0,0.0,0.0,ATTACK,0.5,0.10000000000000009,11,opponent,17
12.0,0.6428571428571429,0.8888888888888888,2.0,2.0,6.0,5.0,0.0,0.0,1.0,0.0,0.0,0.0,0.0,0.0,0.0,0.0,ATTACK,0.5,0.10000000000000009,12,opponent,17
13.0,0.5714285714285714,0.7777777777777778,2.0,2.0,6.0,5.0,0.0,0.0,1.0,0.0,0.0,0.0,0.0,0.0,0.0,0.0,ATTACK,0.5,0.10000000000000009,13,opponent,17
14.0,0.5,0.6666666666666666,2.0,2.0,6.0,5.0,0.0,0.0,1.0,0.0,0.0,0.0,0.0,0.0,0.0,0.0,ATTACK,0.5,0.10000000000000009,14,opponent,17
15.0,0.35714285714285715,0.5555555555555556,2.0,2.0,6.0,5.0,0.0,0.0,1.0,0.0,0.0,0.0,0.0,0.0,0.0,0.0,ATTACK,0.5,0.10000000000000009,15,opponent,17
16.0,0.07142857142857142,0.4444444444444444,2.0,2.0,6.0,5.0,0.0,0.0,0.0,1.0,0.0,0.0,0.0,0.0,0.0,0.0,RETREAT,-0.1,0.0,16,opponent,17
17.0,0.2,0.4444444444444444,2.0,2.0,6.0,5.0,0.0,0.0,0.0,1.0,0.0,0.0,0.0,0.0,0.0,0.0,RETREAT,-0.1,0.0,17,opponent,17
18.0,0.8,0.4444444444444444,2.0,2.0,6.0,5.0,0.0,0.0,0.0,0.0,0.0,0.0,0.0,0.0,0.0,1.0,PASS_TURN,0.0,0.0,18,opponent,17
19.0,0.8,0.4444444444444444,2.0,2.0,6.0,5.0,0.0,0.0,0.0,0.0,0.0,0.0,0.0,0.0,0.0,1.0,PASS_TURN,0.0,0.0,19,opponent,17
20.0,0.6,0.4444444444444444,2.0,2.0,6.0,5.0,0.0,0.0,0.0,0.0,0.0,0.0,0.0,0.0,0.0,1.0,PASS_TURN,0.0,0.0,20,opponent,17
21.0,0.3,0.4444444444444444,2.0,2.0,6.0,5.0,0.0,0.0,0.0,1.0,0.0,0.0,0.0,0.0,0.0,0.0,RETREAT,-0.1,0.0,21,opponent,17
22.0,0.07142857142857142,0.4444444444444444,1.0,2.0,6.0,4.0,0.0,0.0,0.0,0.0,0.0,0.0,0.0,0.0,0.0,1.0,PASS_TURN,0.0,0.0,22,opponent,17
23.0,0.07142857142857142,0.4444444444444444,1.0,2.0,6.0,4.0,0.0,0.0,0.0,0.0,0.0,0.0,0.0,0.0,0.0,1.0,PASS_TURN,0.0,0.0,23,opponent,17
24.0,0.3,0.4444444444444444,0.0,2.0,6.0,3.0,0.0,0.0,0.0,0.0,0.0,0.0,0.0,0.0,0.0,1.0,PASS_TURN,0.0,0.0,24,opponent,17
1.0,1.0,1.0,3.0,1.0,6.0,6.0,3.0,4.0,0.0,0.0,1.0,0.0,0.0,0.0,0.0,0.0,ATTACH_ENERGY,0.3,0.6999999999999993,1,opponent,18
2.0,0.6666666666666666,1.0,3.0,1.0,6.0,6.0,2.0,4.0,0.0,0.0,0.0,1.0,0.0,0.0,0.0,0.0,PLAY_SUPPORTER,0.4,0.0,2,opponent,18
3.0,0.16666666666666666,1.0,3.0,1.0,6.0,6.0,2.0,3.0,0.0,1.0,0.0,0.0,0.0,0.0,0.0,0.0,RETREAT,-0.1,0.0,3,opponent,18
4.0,0.9,1.0,3.0,1.0,6.0,6.0,2.0,3.0,0.0,0.0,0.0,1.0,0.0,0.0,0.0,0.0,PLAY_SUPPORTER,0.4,0.0,4,opponent,18
5.0,0.7,1.0,3.0,1.0,6.0,6.0,2.0,2.0,0.0,0.0,0.0,1.0,0.0,0.0,0.0,0.0,PLAY_SUPPORTER,0.4,0.0,5,opponent,18
6.0,0.3,1.0,3.0,1.0,6.0,6.0,2.0,1.0,0.0,0.0,0.0,1.0,0.0,0.0,0.0,0.0,PLAY_SUPPORTER,0.4,0.0,6,opponent,18
7.0,0.16666666666666666,1.0,2.0,1.0,6.0,5.0,2.0,0.0,0.0,1.0,0.0,0.0,0.0,0.0,0.0,0.0,RETREAT,-0.1,0.0,7,opponent,18
8.0,0.8571428571428571,1.0,2.0,1.0,6.0,5.0,2.0,0.0,0.0,0.0,1.0,0.0,0.0,0.0,0.0,0.0,ATTACH_ENERGY,0.3,0.30000000000000027,8,opponent,18
9.0,0.8571428571428571,1.0,2.0,1.0,6.0,5.0,1.0,0.0,1.0,0.0,0.0,0.0,0.0,0.0,0.0,0.0,ATTACK,1.0,0.1999999999999993,9,opponent,18
10.0,0.8571428571428571,0.8571428571428571,2.0,1.0,6.0,5.0,1.0,0.0,1.0,0.0,0.0,0.0,0.0,0.0,0.0,0.0,ATTACK,1.0,0.20000000000000018,10,opponent,18
11.0,0.8571428571428571,0.7142857142857143,2.0,1.0,6.0,5.0,1.0,0.0,1.0,0.0,0.0,0.0,0.0,0.0,0.0,0.0,ATTACK,1.0,0.20000000000000018,11,opponent,18
12.0,0.7142857142857143,0.5714285714285714,2.0,1.0,6.0,5.0,1.0,0.0,1.0,0.0,0.0,0.0,0.0,0.0,0.0,0.0,ATTACK,1.0,0.20000000000000018,12,opponent,18
13.0,0.6428571428571429,0.42857142857142855,2.0,1.0,6.0,5.0,1.0,0.0,1.0,0.0,0.0,0.0,0.0,0.0,0.0,0.0,ATTACK,1.0,0.20000000000000018,13,opponent,18
14.0,0.35714285714285715,0.2857142857142857,2.0,1.0,6.0,5.0,1.0,0.0,1.0,0.0,0.0,0.0,0.0,0.0,0.0,0.0,ATTACK,1.0,0.1999999999999993,14,opponent,18
15.0,0.14285714285714285,0.14285714285714285,2.0,1.0,6.0,5.0,1.0,0.0,1.0,0.0,0.0,0.0,0.0,0.0,0.0,0.0,ATTACK,6.0,-2.2999999999999994,15,opponent,18
16.0,0.16666666666666666,1.0,1.0,0.0,5.0,4.0,1.0,0.0,0.0,1.0,0.0,0.0,0.0,0.0,0.0,0.0,RETREAT,-0.1,0.0,16,opponent,18
17.0,0.8333333333333334,1.0,1.0,0.0,5.0,4.0,1.0,0.0,0.0,0.0,1.0,0.0,0.0,0.0,0.0,0.0,ATTACH_ENERGY,0.3,0.30000000000000027,17,opponent,18
18.0,0.5833333333333334,1.0,1.0,0.0,5.0,4.0,0.0,0.0,1.0,0.0,0.0,0.0,0.0,0.0,0.0,0.0,ATTACK,1.5,0.30000000000000027,18,opponent,18
19.0,0.25,0.7,1.0,0.0,5.0,4.0,0.0,0.0,1.0,0.0,0.0,0.0,0.0,0.0,0.0,0.0,ATTACK,1.5,0.2999999999999994,19,opponent,18
20.0,0.16666666666666666,0.4,0.0,0.0,5.0,3.0,0.0,0.0,0.0,0.0,0.0,0.0,0.0,0.0,0.0,1.0,PASS_TURN,0.0,0.0,20,opponent,18
1.0,1.0,1.0,3.0,2.0,6.0,6.0,3.0,2.0,0.0,0.0,0.0,1.0,0.0,0.0,0.0,0.0,PLAY_SUPPORTER,0.4,0.0,1,opponent,19
2.0,0.9166666666666666,1.0,3.0,2.0,6.0,6.0,3.0,1.0,0.0,0.0,1.0,0.0,0.0,0.0,0.0,0.0,ATTACH_ENERGY,0.3,0.6999999999999997,2,opponent,19
3.0,0.6666666666666666,1.0,3.0,2.0,6.0,6.0,2.0,1.0,0.0,0.0,1.0,0.0,0.0,0.0,0.0,0.0,ATTACH_ENERGY,0.3,0.6999999999999997,3,opponent,19
4.0,0.5,1.0,3.0,2.0,6.0,6.0,1.0,1.0,1.0,0.0,0.0,0.0,0.0,0.0,0.0,0.0,ATTACK,0.5,0.09999999999999964,4,opponent,19
5.0,0.25,0.875,3.0,2.0,6.0,6.0,1.0,1.0,0.0,1.0,0.0,0.0,0.0,0.0,0.0,0.0,RETREAT,-0.1,0.0,5,opponent,19
6.0,0.875,0.875,3.0,2.0,6.0,6.0,1.0,1.0,0.0,0.0,0.0,1.0,0.0,0.0,0.0,0.0,PLAY_SUPPORTER,0.4,0.0,6,opponent,19
7.0,0.375,0.875,3.0,2.0,6.0,6.0,1.0,0.0,0.0,0.0,1.0,0.0,0.0,0.0,0.0,0.0,ATTACH_ENERGY,0.3,0.2999999999999998,7,opponent,19
8.0,0.25,0.875,3.0,2.0,6.0,6.0,0.0,0.0,0.0,1.0,0.0,0.0,0.0,0.0,0.0,0.0,RETREAT,-0.1,0.0,8,opponent,19
9.0,0.16666666666666666,0.875,3.0,2.0,6.0,6.0,0.0,0.0,0.0,1.0,0.0,0.0,0.0,0.0,0.0,0.0,RETREAT,-0.1,0.0,9,opponent,19
10.0,0.25,0.875,3.0,2.0,6.0,6.0,0.0,0.0,0.0,1.0,0.0,0.0,0.0,0.0,0.0,0.0,RETREAT,-0.1,0.0,10,opponent,19
11.0,0.25,0.875,2.0,2.0,6.0,5.0,0.0,0.0,0.0,1.0,0.0,0.0,0.0,0.0,0.0,0.0,RETREAT,-0.1,0.0,11,opponent,19
12.0,0.8888888888888888,0.875,2.0,2.0,6.0,5.0,0.0,0.0,0.0,0.0,0.0,0.0,0.0,0.0,0.0,1.0,PASS_TURN,0.0,0.0,12,opponent,19
13.0,0.7777777777777778,0.875,2.0,2.0,6.0,5.0,0.0,0.0,0.0,0.0,0.0,0.0,0.0,0.0,0.0,1.0,PASS_TURN,0.0,0.0,13,opponent,19
14.0,0.4444444444444444,0.875,2.0,2.0,6.0,5.0,0.0,0.0,0.0,1.0,0.0,0.0,0.0,0.0,0.0,0.0,RETREAT,-0.1,0.0,14,opponent,19
15.0,0.8,0.875,2.0,2.0,6.0,5.0,0.0,0.0,0.0,0.0,0.0,0.0,0.0,0.0,0.0,1.0,PASS_TURN,0.0,0.0,15,opponent,19
16.0,0.6,0.875,2.0,2.0,6.0,5.0,0.0,0.0,0.0,0.0,0.0,0.0,0.0,0.0,0.0,1.0,PASS_TURN,0.0,0.0,16,opponent,19
17.0,0.5,0.875,2.0,2.0,6.0,5.0,0.0,0.0,0.0,0.0,0.0,0.0,0.0,0.0,0.0,1.0,PASS_TURN,0.0,0.0,17,opponent,19
18.0,0.4,0.875,2.0,2.0,6.0,5.0,0.0,0.0,0.0,0.0,0.0,0.0,0.0,0.0,0.0,1.0,PASS_TURN,0.0,0.0,18,opponent,19
19.0,0.2,0.875,2.0,2.0,6.0,5.0,0.0,0.0,0.0,1.0,0.0,0.0,0.0,0.0,0.0,0.0,RETREAT,-0.1,0.0,19,opponent,19
20.0,0.2,0.875,1.0,2.0,6.0,4.0,0.0,0.0,0.0,1.0,0.0,0.0,0.0,0.0,0.0,0.0,RETREAT,-0.1,0.0,20,opponent,19
21.0,0.4444444444444444,0.875,1.0,2.0,6.0,4.0,0.0,0.0,0.0,0.0,0.0,0.0,0.0,0.0,0.0,1.0,PASS_TURN,0.0,0.0,21,opponent,19
22.0,0.1111111111111111,0.875,1.0,2.0,6.0,4.0,0.0,0.0,0.0,1.0,0.0,0.0,0.0,0.0,0.0,0.0,RETREAT,-0.1,0.0,22,opponent,19
23.0,0.1111111111111111,0.875,0.0,2.0,6.0,3.0,0.0,0.0,0.0,0.0,0.0,0.0,0.0,0.0,0.0,1.0,PASS_TURN,0.0,0.0,23,opponent,19
1.0,1.0,1.0,3.0,3.0,6.0,6.0,1.0,6.0,0.0,0.0,1.0,0.0,0.0,0.0,0.0,0.0,ATTACH_ENERGY,0.3,0.7,1,opponent,20
2.0,0.8333333333333334,1.0,3.0,3.0,6.0,6.0,0.0,6.0,1.0,0.0,0.0,0.0,0.0,0.0,0.0,0.0,ATTACK,1.0,0.19999999999999996,2,opponent,20
3.0,0.8333333333333334,0.7142857142857143,3.0,3.0,6.0,6.0,0.0,6.0,1.0,0.0,0.0,0.0,0.0,0.0,0.0,0.0,ATTACK,1.0,0.19999999999999996,3,opponent,20
4.0,0.6666666666666666,0.42857142857142855,3.0,3.0,6.0,6.0,0.0,6.0,1.0,0.0,0.0,0.0,0.0,0.0,0.0,0.0,ATTACK,1.0,0.19999999999999996,4,opponent,20
5.0,0.16666666666666666,0.14285714285714285,3.0,3.0,6.0,6.0,0.0,6.0,1.0,0.0,0.0,0.0,0.0,0.0,0.0,0.0,ATTACK,6.0,-2.4000000000000004,5,opponent,20
6.0,1.0,1.0,2.0,2.0,5.0,5.0,0.0,6.0,0.0,0.0,0.0,1.0,0.0,0.0,0.0,0.0,PLAY_SUPPORTER,0.4,0.0,6,opponent,20
7.0,0.6666666666666666,1.0,2.0,2.0,5.0,5.0,0.0,5.0,0.0,0.0,0.0,1.0,0.0,0.0,0.0,0.0,PLAY_SUPPORTER,0.4,0.0,7,opponent,20
8.0,0.2222222222222222,1.0,2.0,2.0,5.0,5.0,0.0,4.0,0.0,1.0,0.0,0.0,0.0,0.0,0.0,0.0,RETREAT,-0.1,0.0,8,opponent,20
9.0,0.5555555555555556,1.0,2.0,2.0,5.0,5.0,0.0,4.0,0.0,1.0,0.0,0.0,0.0,0.0,0.0,0.0,RETREAT,-0.1,0.0,9,opponent,20
10.0,1.0,1.0,2.0,2.0,5.0,5.0,0.0,4.0,0.0,0.0,0.0,1.0,0.0,0.0,0.0,0.0,PLAY_SUPPORTER,0.4,0.0,10,opponent,20
11.0,0.5714285714285714,1.0,2.0,2.0,5.0,5.0,0.0,3.0,0.0,0.0,0.0,1.0,0.0,0.0,0.0,0.0,PLAY_SUPPORTER,0.4,0.0,11,opponent,20
12.0,0.2857142857142857,1.0,2.0,2.0,5.0,5.0,0.0,2.0,0.0,1.0,0.0,0.0,0.0,0.0,0.0,0.0,RETREAT,-0.1,0.0,12,opponent,20
13.0,0.2857142857142857,1.0,1.0,2.0,5.0,4.0,0.0,2.0,0.0,1.0,0.0,0.0,0.0,0.0,0.0,0.0,RETREAT,-0.1,0.0,13,opponent,20
14.0,0.5555555555555556,1.0,1.0,2.0,5.0,4.0,0.0,2.0,0.0,0.0,0.0,1.0,0.0,0.0,0.0,0.0,PLAY_SUPPORTER,0.4,0.0,14,opponent,20
15.0,0.4444444444444444,1.0,1.0,2.0,5.0,4.0,0.0,1.0,0.0,0.0,0.0,1.0,0.0,0.0,0.0,0.0,PLAY_SUPPORTER,0.4,0.0,15,opponent,20
16.0,0.2222222222222222,1.0,1.0,2.0,5.0,4.0,0.0,0.0,0.0,0.0,0.0,0.0,0.0,0.0,0.0,1.0,PASS_TURN,0.0,0.0,16,opponent,20
17.0,0.1111111111111111,1.0,1.0,2.0,5.0,4.0,0.0,0.0,0.0,1.0,0.0,0.0,0.0,0.0,0.0,0.0,RETREAT,-0.1,0.0,17,opponent,20
18.0,0.2857142857142857,1.0,1.0,2.0,5.0,4.0,0.0,0.0,0.0,1.0,0.0,0.0,0.0,0.0,0.0,0.0,RETREAT,-0.1,0.0,18,opponent,20
19.0,0.2857142857142857,1.0,0.0,2.0,5.0,3.0,0.0,0.0,0.0,0.0,0.0,0.0,0.0,0.0,0.0,1.0,PASS_TURN,0.0,0.0,19,opponent,20
1.0,1.0,1.0,2.0,1.0,6.0,6.0,0.0,5.0,0.0,0.0,0.0,1.0,0.0,0.0,0.0,0.0,PLAY_SUPPORTER,0.4,0.0,1,opponent,21
2.0,0.7,1.0,2.0,1.0,6.0,6.0,0.0,4.0,0.0,0.0,0.0,1.0,0.0,0.0,0.0,0.0,PLAY_SUPPORTER,0.4,0.0,2,opponent,21
3.0,0.5,1.0,2.0,1.0,6.0,6.0,0.0,3.0,0.0,1.0,0.0,0.0,0.0,0.0,0.0,0.0,RETREAT,-0.1,0.0,3,opponent,21
4.0,1.0,1.0,2.0,1.0,6.0,6.0,0.0,3.0,0.0,1.0,0.0,0.0,0.0,0.0,0.0,0.0,RETREAT,-0.1,0.0,4,opponent,21
5.0,0.3333333333333333,1.0,2.0,1.0,6.0,6.0,0.0,3.0,0.0,0.0,0.0,1.0,0.0,0.0,0.0,0.0,PLAY_SUPPORTER,0.4,0.0,5,opponent,21
6.0,0.5,1.0,1.0,1.0,6.0,5.0,0.0,2.0,0.0,0.0,0.0,1.0,0.0,0.0,0.0,0.0,PLAY_SUPPORTER,0.4,0.0,6,opponent,21
7.0,0.2,1.0,1.0,1.0,6.0,5.0,0.0,1.0,0.0,1.0,0.0,0.0,0.0,0.0,0.0,0.0,RETREAT,-0.1,0.0,7,opponent,21
8.0,0.6666666666666666,1.0,1.0,1.0,6.0,5.0,0.0,1.0,0.0,0.0,0.0,1.0,0.0,0.0,0.0,0.0,PLAY_SUPPORTER,0.4,0.0,8,opponent,21
9.0,0.5,1.0,1.0,1.0,6.0,5.0,0.0,0.0,0.0,0.0,0.0,0.0,0.0,0.0,0.0,1.0,PASS_TURN,0.0,0.0,9,opponent,21
10.0,0.3333333333333333,1.0,1.0,1.0,6.0,5.0,0.0,0.0,0.0,0.0,0.0,0.0,0.0,0.0,0.0,1.0,PASS_TURN,0.0,0.0,10,opponent,21
11.0,0.3333333333333333,1.0,1.0,1.0,6.0,5.0,0.0,0.0,0.0,1.0,0.0,0.0,0.0,0.0,0.0,0.0,RETREAT,-0.1,0.0,11,opponent,21
12.0,0.3333333333333333,1.0,0.0,1.0,6.0,4.0,0.0,0.0,0.0,0.0,0.0,0.0,0.0,0.0,0.0,1.0,PASS_TURN,0.0,0.0,12,opponent,21
13.0,0.3333333333333333,1.0,0.0,1.0,6.0,4.0,0.0,0.0,0.0,0.0,0.0,0.0,0.0,0.0,0.0,1.0,PASS_TURN,0.0,0.0,13,opponent,21
1.0,1.0,1.0,3.0,2.0,6.0,6.0,3.0,3.0,0.0,0.0,1.0,0.0,0.0,0.0,0.0,0.0,ATTACH_ENERGY,0.3,0.6999999999999997,1,opponent,22
2.0,0.6666666666666666,1.0,3.0,2.0,6.0,6.0,2.0,3.0,1.0,0.0,0.0,0.0,0.0,0.0,0.0,0.0,ATTACK,1.0,0.20000000000000018,2,opponent,22
3.0,0.5,0.8,3.0,2.0,6.0,6.0,2.0,3.0,1.0,0.0,0.0,0.0,0.0,0.0,0.0,0.0,ATTACK,1.0,0.20000000000000018,3,opponent,22
4.0,0.16666666666666666,0.6,3.0,2.0,6.0,6.0,2.0,3.0,0.0,1.0,0.0,0.0,0.0,0.0,0.0,0.0,RETREAT,-0.1,0.0,4,opponent,22
5.0,1.0,0.6,3.0,2.0,6.0,6.0,2.0,3.0,0.0,0.0,0.0,1.0,0.0,0.0,0.0,0.0,PLAY_SUPPORTER,0.4,0.0,5,opponent,22
6.0,1.0,0.6,3.0,2.0,6.0,6.0,2.0,2.0,0.0,0.0,0.0,1.0,0.0,0.0,0.0,0.0,PLAY_SUPPORTER,0.4,0.0,6,opponent,22
7.0,0.5555555555555556,0.6,3.0,2.0,6.0,6.0,2.0,1.0,0.0,0.0,0.0,1.0,0.0,0.0,0.0,0.0,PLAY_SUPPORTER,0.4,0.0,7,opponent,22
8.0,0.1111111111111111,0.6,3.0,2.0,6.0,6.0,2.0,0.0,0.0,1.0,0.0,0.0,0.0,0.0,0.0,0.0,RETREAT,-0.1,0.0,8,opponent,22
9.0,0.1111111111111111,0.6,2.0,2.0,6.0,5.0,2.0,0.0,0.0,1.0,0.0,0.0,0.0,0.0,0.0,0.0,RETREAT,-0.1,0.0,9,opponent,22
10.0,0.5,0.6,2.0,2.0,6.0,5.0,2.0,0.0,0.0,0.0,1.0,0.0,0.0,0.0,0.0,0.0,ATTACH_ENERGY,0.3,0.2999999999999998,10,opponent,22
11.0,0.1111111111111111,0.6,1.0,2.0,6.0,4.0,1.0,0.0,0.0,1.0,0.0,0.0,0.0,0.0,0.0,0.0,RETREAT,-0.1,0.0,11,opponent,22
12.0,0.6666666666666666,0.6,1.0,2.0,6.0,4.0,1.0,0.0,0.0,0.0,1.0,0.0,0.0,0.0,0.0,0.0,ATTACH_ENERGY,0.3,0.2999999999999998,12,opponent,22
13.0,0.6666666666666666,0.6,1.0,2.0,6.0,4.0,0.0,0.0,1.0,0.0,0.0,0.0,0.0,0.0,0.0,0.0,ATTACK,1.5,0.2999999999999998,13,opponent,22
14.0,0.2222222222222222,0.3,1.0,2.0,6.0,4.0,0.0,0.0,1.0,0.0,0.0,0.0,0.0,0.0,0.0,0.0,ATTACK,6.5,-2.2,14,opponent,22
15.0,0.2222222222222222,1.0,1.0,1.0,5.0,4.0,0.0,0.0,1.0,0.0,0.0,0.0,0.0,0.0,0.0,0.0,ATTACK,1.5,0.2999999999999998,15,opponent,22
16.0,0.1111111111111111,0.625,0.0,1.0,5.0,3.0,0.0,0.0,0.0,0.0,0.0,0.0,0.0,0.0,0.0,1.0,PASS_TURN,0.0,0.0,16,opponent,22
1.0,1.0,1.0,3.0,3.0,6.0,6.0,0.0,7.0,0.0,1.0,0.0,0.0,0.0,0.0,0.0,0.0,RETREAT,-0.1,0.0,1,opponent,23
2.0,0.8,1.0,3.0,3.0,6.0,6.0,0.0,7.0,0.0,0.0,0.0,1.0,0.0,0.0,0.0,0.0,PLAY_SUPPORTER,0.4,0.0,2,opponent,23
3.0,0.4,1.0,3.0,3.0,6.0,6.0,0.0,6.0,0.0,0.0,0.0,1.0,0.0,0.0,0.0,0.0,PLAY_SUPPORTER,0.4,0.0,3,opponent,23
4.0,0.1,1.0,3.0,3.0,6.0,6.0,0.0,5.0,0.0,1.0,0.0,0.0,0.0,0.0,0.0,0.0,RETREAT,-0.1,0.0,4,opponent,23
5.0,0.9,1.0,3.0,3.0,6.0,6.0,0.0,5.0,0.0,0.0,0.0,1.0,0.0,0.0,0.0,0.0,PLAY_SUPPORTER,0.4,0.0,5,opponent,23
6.0,0.6,1.0,3.0,3.0,6.0,6.0,0.0,4.0,0.0,0.0,0.0,1.0,0.0,0.0,0.0,0.0,PLAY_SUPPORTER,0.4,0.0,6,opponent,23
7.0,0.3,1.0,3.0,3.0,6.0,6.0,0.0,3.0,0.0,0.0,0.0,1.0,0.0,0.0,0.0,0.0,PLAY_SUPPORTER,0.4,0.0,7,opponent,23
8.0,0.2,1.0,3.0,3.0,6.0,6.0,0.0,2.0,0.0,1.0,0.0,0.0,0.0,0.0,0.0,0.0,RETREAT,-0.1,0.0,8,opponent,23
9.0,0.2,1.0,2.0,3.0,6.0,5.0,0.0,2.0,0.0,1.0,0.0,0.0,0.0,0.0,0.0,0.0,RETREAT,-0.1,0.0,9,opponent,23
10.0,0.6666666666666666,1.0,2.0,3.0,6.0,5.0,0.0,2.0,0.0,0.0,0.0,1.0,0.0,0.0,0.0,0.0,PLAY_SUPPORTER,0.4,0.0,10,opponent,23
11.0,0.5,1.0,2.0,3.0,6.0,5.0,0.0,1.0,0.0,1.0,0.0,0.0,0.0,0.0,0.0,0.0,RETREAT,-0.1,0.0,11,opponent,23
12.0,1.0,1.0,2.0,3.0,6.0,5.0,0.0,1.0,0.0,0.0,0.0,1.0,0.0,0.0,0.0,0.0,PLAY_SUPPORTER,0.4,0.0,12,opponent,23
13.0,0.875,1.0,2.0,3.0,6.0,5.0,0.0,0.0,0.0,0.0,0.0,0.0,0.0,0.0,0.0,1.0,PASS_TURN,0.0,0.0,13,opponent,23
14.0,0.875,1.0,2.0,3.0,6.0,5.0,0.0,0.0,0.0,0.0,0.0,0.0,0.0,0.0,0.0,1.0,PASS_TURN,0.0,0.0,14,opponent,23
15.0,0.5,1.0,2.0,3.0,6.0,5.0,0.0,0.0,0.0,0.0,0.0,0.0,0.0,0.0,0.0,1.0,PASS_TURN,0.0,0.0,15,opponent,23
16.0,0.25,1.0,2.0,3.0,6.0,5.0,0.0,0.0,0.0,1.0,0.0,0.0,0.0,0.0,0.0,0.0,RETREAT,-0.1,0.0,16,opponent,23
17.0,0.2,1.0,2.0,3.0,6.0,5.0,0.0,0.0,0.0,1.0,0.0,0.0,0.0,0.0,0.0,0.0,RETREAT,-0.1,0.0,17,opponent,23
18.0,0.2,1.0,1.0,3.0,6.0,4.0,0.0,0.0,0.0,1.0,0.0,0.0,0.0,0.0,0.0,0.0,RETREAT,-0.1,0.0,18,opponent,23
19.0,0.5,1.0,1.0,3.0,6.0,4.0,0.0,0.0,0.0,0.0,0.0,0.0,0.0,0.0,0.0,1.0,PASS_TURN,0.0,0.0,19,opponent,23
20.0,0.16666666666666666,1.0,1.0,3.0,6.0,4.0,0.0,0.0,0.0,1.0,0.0,0.0,0.0,0.0,0.0,0.0,RETREAT,-0.1,0.0,20,opponent,23
21.0,0.16666666666666666,1.0,0.0,3.0,6.0,3.0,0.0,0.0,0.0,0.0,0.0,0.0,0.0,0.0,0.0,1.0,PASS_TURN,0.0,0.0,21,opponent,23
1.0,1.0,1.0,3.0,3.0,6.0,6.0,0.0,3.0,0.0,0.0,0.0,1.0,0.0,0.0,0.0,0.0,PLAY_SUPPORTER,0.4,0.0,1,opponent,24
2.0,0.42857142857142855,1.0,3.0,3.0,6.0,6.0,0.0,2.0,0.0,0.0,0.0,1.0,0.0,0.0,0.0,0.0,PLAY_SUPPORTER,0.4,0.0,2,opponent,24
3.0,1.0,1.0,2.0,3.0,6.0,5.0,0.0,1.0,0.0,0.0,0.0,1.0,0.0,0.0,0.0,0.0,PLAY_SUPPORTER,0.4,0.0,3,opponent,24
4.0,0.8333333333333334,1.0,2.0,3.0,6.0,5.0,0.0,0.0,0.0,0.0,0.0,0.0,0.0,0.0,0.0,1.0,PASS_TURN,0.0,0.0,4,opponent,24
5.0,0.75,1.0,2.0,3.0,6.0,5.0,0.0,0.0,0.0,1.0,0.0,0.0,0.0,0.0,0.0,0.0,RETREAT,-0.1,0.0,5,opponent,24
6.0,0.6666666666666666,1.0,2.0,3.0,6.0,5.0,0.0,0.0,0.0,0.0,0.0,0.0,0.0,0.0,0.0,1.0,PASS_TURN,0.0,0.0,6,opponent,24
7.0,1.0,1.0,1.0,3.0,6.0,4.0,0.0,0.0,0.0,1.0,0.0,0.0,0.0,0.0,0.0,0.0,RETREAT,-0.1,0.0,7,opponent,24
8.0,0.5833333333333334,1.0,1.0,3.0,6.0,4.0,0.0,0.0,0.0,0.0,0.0,0.0,0.0,0.0,0.0,1.0,PASS_TURN,0.0,0.0,8,opponent,24
9.0,0.5833333333333334,1.0,1.0,3.0,6.0,4.0,0.0,0.0,0.0,0.0,0.0,0.0,0.0,0.0,0.0,1.0,PASS_TURN,0.0,0.0,9,opponent,24
10.0,0.5,1.0,1.0,3.0,6.0,4.0,0.0,0.0,0.0,1.0,0.0,0.0,0.0,0.0,0.0,0.0,RETREAT,-0.1,0.0,10,opponent,24
11.0,0.3333333333333333,1.0,1.0,3.0,6.0,4.0,0.0,0.0,0.0,0.0,0.0,0.0,0.0,0.0,0.0,1.0,PASS_TURN,0.0,0.0,11,opponent,24
12.0,0.5,1.0,0.0,3.0,6.0,3.0,0.0,0.0,0.0,0.0,0.0,0.0,0.0,0.0,0.0,1.0,PASS_TURN,0.0,0.0,12,opponent,24
13.0,0.5,1.0,0.0,3.0,6.0,3.0,0.0,0.0,0.0,0.0,0.0,0.0,0.0,0.0,0.0,1.0,PASS_TURN,0.0,0.0,13,opponent,24
14.0,0.4166666666666667,1.0,0.0,3.0,6.0,3.0,0.0,0.0,0.0,0.0,0.0,0.0,0.0,0.0,0.0,1.0,PASS_TURN,0.0,0.0,14,opponent,24
15.0,0.4166666666666667,1.0,0.0,3.0,6.0,3.0,0.0,0.0,0.0,0.0,0.0,0.0,0.0,0.0,0.0,1.0,PASS_TURN,0.0,0.0,15,opponent,24
16.0,0.4166666666666667,1.0,0.0,3.0,6.0,3.0,0.0,0.0,0.0,0.0,0.0,0.0,0.0,0.0,0.0,1.0,PASS_TURN,0.0,0.0,16,opponent,24
17.0,0.25,1.0,0.0,3.0,6.0,3.0,0.0,0.0,0.0,0.0,0.0,0.0,0.0,0.0,0.0,1.0,PASS_TURN,0.0,0.0,17,opponent,24
18.0,0.16666666666666666,1.0,0.0,3.0,6.0,3.0,0.0,0.0,0.0,0.0,0.0,0.0,0.0,0.0,0.0,1.0,PASS_TURN,0.0,0.0,18,opponent,24
1.0,1.0,1.0,1.0,2.0,6.0,6.0,1.0,4.0,0.0,0.0,1.0,0.0,0.0,0.0,0.0,0.0,ATTACH_ENERGY,0.3,0.7,1,opponent,25
2.0,0.8,1.0,1.0,2.0,6.0,6.0,0.0,4.0,1.0,0.0,0.0,0.0,0.0,0.0,0.0,0.0,ATTACK,0.5,0.10000000000000009,2,opponent,25
3.0,0.7,0.875,1.0,2.0,6.0,6.0,0.0,4.0,1.0,0.0,0.0,0.0,0.0,0.0,0.0,0.0,ATTACK,0.5,0.10000000000000009,3,opponent,25
4.0,0.6,0.75,1.0,2.0,6.0,6.0,0.0,4.0,1.0,0.0,0.0,0.0,0.0,0.0,0.0,0.0,ATTACK,0.5,0.10000000000000009,4,opponent,25
5.0,0.4,0.625,1.0,2.0,6.0,6.0,0.0,4.0,1.0,0.0,0.0,0.0,0.0,0.0,0.0,0.0,ATTACK,0.5,0.10000000000000009,5,opponent,25
6.0,0.1,0.5,1.0,2.0,6.0,6.0,0.0,4.0,0.0,1.0,0.0,0.0,0.0,0.0,0.0,0.0,RETREAT,-0.1,0.0,6,opponent,25
7.0,1.0,0.5,1.0,2.0,6.0,6.0,0.0,4.0,0.0,0.0,0.0,1.0,0.0,0.0,0.0,0.0,PLAY_SUPPORTER,0.4,0.0,7,opponent,25
8.0,0.7777777777777778,0.5,1.0,2.0,6.0,6.0,0.0,3.0,0.0,0.0,0.0,1.0,0.0,0.0,0.0,0.0,PLAY_SUPPORTER,0.4,0.0,8,opponent,25
9.0,0.3333333333333333,0.5,1.0,2.0,6.0,6.0,0.0,2.0,0.0,0.0,0.0,1.0,0.0,0.0,0.0,0.0,PLAY_SUPPORTER,0.4,0.0,9,opponent,25
10.0,0.3333333333333333,0.5,1.0,2.0,6.0,6.0,0.0,1.0,0.0,0.0,0.0,1.0,0.0,0.0,0.0,0.0,PLAY_SUPPORTER,0.4,0.0,10,opponent,25
11.0,0.1111111111111111,0.5,1.0,2.0,6.0,6.0,0.0,0.0,0.0,1.0,0.0,0.0,0.0,0.0,0.0,0.0,RETREAT,-0.1,0.0,11,opponent,25
12.0,0.1111111111111111,0.5,0.0,2.0,6.0,5.0,0.0,0.0,0.0,0.0,0.0,0.0,0.0,0.0,0.0,1.0,PASS_TURN,0.0,0.0,12,opponent,25
1.0,1.0,1.0,3.0,1.0,6.0,6.0,3.0,4.0,0.0,0.0,1.0,0.0,0.0,0.0,0.0,0.0,ATTACH_ENERGY,0.3,0.6999999999999993,1,opponent,26
2.0,0.7,1.0,3.0,1.0,6.0,6.0,2.0,4.0,1.0,0.0,0.0,0.0,0.0,0.0,0.0,0.0,ATTACK,1.5,0.2999999999999998,2,opponent,26
3.0,0.6,0.75,3.0,1.0,6.0,6.0,2.0,4.0,1.0,0.0,0.0,0.0,0.0,0.0,0.0,0.0,ATTACK,1.5,0.2999999999999998,3,opponent,26
4.0,0.3,0.5,3.0,1.0,6.0,6.0,2.0,4.0,1.0,0.0,0.0,0.0,0.0,0.0,0.0,0.0,ATTACK,1.5,0.2999999999999998,4,opponent,26
5.0,1.0,0.25,2.0,1.0,6.0,5.0,2.0,4.0,0.0,0.0,0.0,1.0,0.0,0.0,0.0,0.0,PLAY_SUPPORTER,0.4,0.0,5,opponent,26
6.0,0.9,0.25,2.0,1.0,6.0,5.0,2.0,3.0,0.0,0.0,0.0,1.0,0.0,0.0,0.0,0.0,PLAY_SUPPORTER,0.4,0.0,6,opponent,26
7.0,0.7,0.25,2.0,1.0,6.0,5.0,2.0,2.0,0.0,0.0,0.0,1.0,0.0,0.0,0.0,0.0,PLAY_SUPPORTER,0.4,0.0,7,opponent,26
8.0,0.6,0.25,2.0,1.0,6.0,5.0,2.0,1.0,0.0,0.0,0.0,1.0,0.0,0.0,0.0,0.0,PLAY_SUPPORTER,0.4,0.0,8,opponent,26
9.0,0.3,0.25,2.0,1.0,6.0,5.0,2.0,0.0,0.0,0.0,1.0,0.0,0.0,0.0,0.0,0.0,ATTACH_ENERGY,0.3,0.30000000000000027,9,opponent,26
10.0,0.2,0.25,2.0,1.0,6.0,5.0,1.0,0.0,0.0,1.0,0.0,0.0,0.0,0.0,0.0,0.0,RETREAT,-0.1,0.0,10,opponent,26
11.0,0.5,0.25,2.0,1.0,6.0,5.0,1.0,0.0,0.0,0.0,1.0,0.0,0.0,0.0,0.0,0.0,ATTACH_ENERGY,0.3,0.30000000000000027,11,opponent,26
12.0,0.375,0.25,2.0,1.0,6.0,5.0,0.0,0.0,1.0,0.0,0.0,0.0,0.0,0.0,0.0,0.0,ATTACK,0.5,0.10000000000000009,12,opponent,26
13.0,0.375,0.16666666666666666,2.0,1.0,6.0,5.0,0.0,0.0,1.0,0.0,0.0,0.0,0.0,0.0,0.0,0.0,ATTACK,0.5,0.09999999999999964,13,opponent,26
14.0,0.2,0.08333333333333333,1.0,1.0,6.0,4.0,0.0,0.0,1.0,0.0,0.0,0.0,0.0,0.0,0.0,0.0,ATTACK,5.5,-2.4000000000000004,14,opponent,26
15.0,0.1,1.0,1.0,0.0,5.0,4.0,0.0,0.0,0.0,1.0,0.0,0.0,0.0,0.0,0.0,0.0,RETREAT,-0.1,0.0,15,opponent,26
16.0,0.5,1.0,1.0,0.0,5.0,4.0,0.0,0.0,0.0,0.0,0.0,0.0,0.0,0.0,0.0,1.0,PASS_TURN,0.0,0.0,16,opponent,26
17.0,0.16666666666666666,1.0,1.0,0.0,5.0,4.0,0.0,0.0,0.0,1.0,0.0,0.0,0.0,0.0,0.0,0.0,RETREAT,-0.1,0.0,17,opponent,26
18.0,0.16666666666666666,1.0,0.0,0.0,5.0,3.0,0.0,0.0,0.0,0.0,0.0,0.0,0.0,0.0,0.0,1.0,PASS_TURN,0.0,0.0,18,opponent,26
1.0,1.0,1.0,0.0,1.0,6.0,6.0,2.0,5.0,0.0,0.0,1.0,0.0,0.0,0.0,0.0,0.0,ATTACH_ENERGY,0.3,0.7,1,opponent,27
2.0,0.9285714285714286,1.0,0.0,1.0,6.0,6.0,1.0,5.0,1.0,0.0,0.0,0.0,0.0,0.0,0.0,0.0,ATTACK,1.5,0.29999999999999993,2,opponent,27
3.0,0.6428571428571429,0.5714285714285714,0.0,1.0,6.0,6.0,1.0,5.0,1.0,0.0,0.0,0.0,0.0,0.0,0.0,0.0,ATTACK,1.5,0.3,3,opponent,27
4.0,0.5,0.14285714285714285,0.0,1.0,6.0,6.0,1.0,5.0,1.0,0.0,0.0,0.0,0.0,0.0,0.0,0.0,ATTACK,6.5,-2.4000000000000004,4,opponent,27
5.0,0.21428571428571427,1.0,0.0,0.0,5.0,6.0,1.0,5.0,1.0,0.0,0.0,0.0,0.0,0.0,0.0,0.0,ATTACK,1.5,0.2999999999999998,5,opponent,27
6.0,0.07142857142857142,0.625,0.0,0.0,5.0,6.0,1.0,5.0,1.0,0.0,0.0,0.0,0.0,0.0,0.0,0.0,ATTACK,1.5,0.2999999999999998,6,opponent,27
1.0,1.0,1.0,0.0,3.0,6.0,6.0,2.0,6.0,0.0,0.0,1.0,0.0,0.0,0.0,0.0,0.0,ATTACH_ENERGY,0.3,0.6999999999999997,1,opponent,28
2.0,1.0,1.0,0.0,3.0,6.0,6.0,1.0,6.0,0.0,0.0,0.0,0.0,0.0,0.0,0.0,1.0,PASS_TURN,0.0,0.0,2,opponent,28
3.0,0.7,1.0,0.0,3.0,6.0,6.0,1.0,6.0,1.0,0.0,0.0,0.0,0.0,0.0,0.0,0.0,ATTACK,1.0,0.20000000000000018,3,opponent,28
4.0,0.4,0.8,0.0,3.0,6.0,6.0,1.0,6.0,1.0,0.0,0.0,0.0,0.0,0.0,0.0,0.0,ATTACK,1.0,0.20000000000000018,4,opponent,28
5.0,0.3,0.6,0.0,3.0,6.0,6.0,1.0,6.0,0.0,0.0,0.0,1.0,0.0,0.0,0.0,0.0,PLAY_SUPPORTER,0.4,0.0,5,opponent,28
1.0,1.0,1.0,3.0,0.0,6.0,6.0,3.0,6.0,0.0,0.0,1.0,0.0,0.0,0.0,0.0,0.0,ATTACH_ENERGY,0.3,0.7000000000000002,1,me,29
2.0,0.6666666666666666,1.0,3.0,0.0,6.0,6.0,2.0,6.0,1.0,0.0,0.0,0.0,0.0,0.0,0.0,0.0,ATTACK,1.5,0.3000000000000007,2,me,29
3.0,0.6666666666666666,0.5,3.0,0.0,6.0,6.0,2.0,6.0,1.0,0.0,0.0,0.0,0.0,0.0,0.0,0.0,ATTACK,6.5,-2.700000000000001,3,me,29
1.0,1.0,1.0,3.0,1.0,6.0,6.0,1.0,2.0,0.0,0.0,1.0,0.0,0.0,0.0,0.0,0.0,ATTACH_ENERGY,0.3,0.6999999999999993,1,opponent,30
2.0,0.6666666666666666,1.0,3.0,1.0,6.0,6.0,0.0,2.0,1.0,0.0,0.0,0.0,0.0,0.0,0.0,0.0,ATTACK,1.5,0.3000000000000007,2,opponent,30
3.0,0.3333333333333333,0.625,3.0,1.0,6.0,6.0,0.0,2.0,1.0,0.0,0.0,0.0,0.0,0.0,0.0,0.0,ATTACK,1.5,0.2999999999999998,3,opponent,30
4.0,0.08333333333333333,0.25,3.0,1.0,6.0,6.0,0.0,2.0,1.0,0.0,0.0,0.0,0.0,0.0,0.0,0.0,ATTACK,6.5,-2.3,4,opponent,30
5.0,1.0,1.0,2.0,0.0,5.0,5.0,0.0,2.0,0.0,1.0,0.0,0.0,0.0,0.0,0.0,0.0,RETREAT,-0.1,0.0,5,opponent,30
6.0,0.6666666666666666,1.0,2.0,0.0,5.0,5.0,0.0,2.0,0.0,0.0,0.0,1.0,0.0,0.0,0.0,0.0,PLAY_SUPPORTER,0.4,0.0,6,opponent,30
7.0,0.4166666666666667,1.0,2.0,0.0,5.0,5.0,0.0,1.0,0.0,0.0,0.0,1.0,0.0,0.0,0.0,0.0,PLAY_SUPPORTER,0.4,0.0,7,opponent,30
8.0,0.4166666666666667,1.0,2.0,0.0,5.0,5.0,0.0,0.0,0.0,0.0,0.0,0.0,0.0,0.0,0.0,1.0,PASS_TURN,0.0,0.0,8,opponent,30
9.0,0.08333333333333333,1.0,2.0,0.0,5.0,5.0,0.0,0.0,0.0,1.0,0.0,0.0,0.0,0.0,0.0,0.0,RETREAT,-0.1,0.0,9,opponent,30
10.0,0.3333333333333333,1.0,2.0,0.0,5.0,5.0,0.0,0.0,0.0,0.0,0.0,0.0,0.0,0.0,0.0,1.0,PASS_TURN,0.0,0.0,10,opponent,30
11.0,0.16666666666666666,1.0,2.0,0.0,5.0,5.0,0.0,0.0,0.0,1.0,0.0,0.0,0.0,0.0,0.0,0.0,RETREAT,-0.1,0.0,11,opponent,30
12.0,0.16666666666666666,1.0,1.0,0.0,5.0,4.0,0.0,0.0,0.0,1.0,0.0,0.0,0.0,0.0,0.0,0.0,RETREAT,-0.1,0.0,12,opponent,30
13.0,1.0,1.0,1.0,0.0,5.0,4.0,0.0,0.0,0.0,0.0,0.0,0.0,0.0,0.0,0.0,1.0,PASS_TURN,0.0,0.0,13,opponent,30
14.0,0.5,1.0,1.0,0.0,5.0,4.0,0.0,0.0,0.0,0.0,0.0,0.0,0.0,0.0,0.0,1.0,PASS_TURN,0.0,0.0,14,opponent,30
15.0,0.5,1.0,1.0,0.0,5.0,4.0,0.0,0.0,0.0,0.0,0.0,0.0,0.0,0.0,0.0,1.0,PASS_TURN,0.0,0.0,15,opponent,30
16.0,0.5,1.0,1.0,0.0,5.0,4.0,0.0,0.0,0.0,0.0,0.0,0.0,0.0,0.0,0.0,1.0,PASS_TURN,0.0,0.0,16,opponent,30
17.0,0.16666666666666666,1.0,0.0,0.0,5.0,3.0,0.0,0.0,0.0,0.0,0.0,0.0,0.0,0.0,0.0,1.0,PASS_TURN,0.0,0.0,17,opponent,30
18.0,0.16666666666666666,1.0,0.0,0.0,5.0,3.0,0.0,0.0,0.0,0.0,0.0,0.0,0.0,0.0,0.0,1.0,PASS_TURN,0.0,0.0,18,opponent,30
1.0,1.0,1.0,1.0,3.0,6.0,6.0,1.0,3.0,0.0,0.0,1.0,0.0,0.0,0.0,0.0,0.0,ATTACH_ENERGY,0.3,0.7,1,opponent,31
2.0,0.8333333333333334,1.0,1.0,3.0,6.0,6.0,0.0,3.0,1.0,0.0,0.0,0.0,0.0,0.0,0.0,0.0,ATTACK,1.0,0.19999999999999996,2,opponent,31
3.0,0.16666666666666666,0.8571428571428571,1.0,3.0,6.0,6.0,0.0,3.0,0.0,1.0,0.0,0.0,0.0,0.0,0.0,0.0,RETREAT,-0.1,0.0,3,opponent,31
4.0,0.7857142857142857,0.8571428571428571,1.0,3.0,6.0,6.0,0.0,3.0,0.0,0.0,0.0,1.0,0.0,0.0,0.0,0.0,PLAY_SUPPORTER,0.4,0.0,4,opponent,31
5.0,0.5714285714285714,0.8571428571428571,1.0,3.0,6.0,6.0,0.0,2.0,0.0,0.0,0.0,1.0,0.0,0.0,0.0,0.0,PLAY_SUPPORTER,0.4,0.0,5,opponent,31
6.0,0.42857142857142855,0.8571428571428571,1.0,3.0,6.0,6.0,0.0,1.0,0.0,0.0,0.0,1.0,0.0,0.0,0.0,0.0,PLAY_SUPPORTER,0.4,0.0,6,opponent,31
7.0,0.42857142857142855,0.8571428571428571,1.0,3.0,6.0,6.0,0.0,0.0,0.0,0.0,0.0,0.0,0.0,0.0,0.0,1.0,PASS_TURN,0.0,0.0,7,opponent,31
8.0,0.2857142857142857,0.8571428571428571,1.0,3.0,6.0,6.0,0.0,0.0,0.0,1.0,0.0,0.0,0.0,0.0,0.0,0.0,RETREAT,-0.1,0.0,8,opponent,31
9.0,0.2857142857142857,0.8571428571428571,0.0,3.0,6.0,5.0,0.0,0.0,0.0,0.0,0.0,0.0,0.0,0.0,0.0,1.0,PASS_TURN,0.0,0.0,9,opponent,31
10.0,0.2857142857142857,0.8571428571428571,0.0,3.0,6.0,5.0,0.0,0.0,0.0,0.0,0.0,0.0,0.0,0.0,0.0,1.0,PASS_TURN,0.0,0.0,10,opponent,31
11.0,0.21428571428571427,0.8571428571428571,0.0,3.0,6.0,5.0,0.0,0.0,0.0,0.0,0.0,0.0,0.0,0.0,0.0,1.0,PASS_TURN,0.0,0.0,11,opponent,31
1.0,1.0,1.0,1.0,2.0,6.0,6.0,2.0,2.0,0.0,0.0,1.0,0.0,0.0,0.0,0.0,0.0,ATTACH_ENERGY,0.3,0.7,1,opponent,32
2.0,1.0,1.0,1.0,2.0,6.0,6.0,1.0,2.0,1.0,0.0,0.0,0.0,0.0,0.0,0.0,0.0,ATTACK,1.0,0.19999999999999996,2,opponent,32
3.0,0.9285714285714286,0.6666666666666666,1.0,2.0,6.0,6.0,1.0,2.0,1.0,0.0,0.0,0.0,0.0,0.0,0.0,0.0,ATTACK,1.0,0.19999999999999996,3,opponent,32
4.0,0.7142857142857143,0.3333333333333333,1.0,2.0,6.0,6.0,1.0,2.0,1.0,0.0,0.0,0.0,0.0,0.0,0.0,0.0,ATTACK,6.0,-2.3,4,opponent,32
5.0,0.5,1.0,1.0,1.0,5.0,6.0,1.0,2.0,1.0,0.0,0.0,0.0,0.0,0.0,0.0,0.0,ATTACK,1.0,0.20000000000000018,5,opponent,32
6.0,0.35714285714285715,0.75,1.0,1.0,5.0,6.0,1.0,2.0,0.0,0.0,1.0,0.0,0.0,0.0,0.0,0.0,ATTACH_ENERGY,0.3,0.30000000000000027,6,opponent,32
7.0,0.21428571428571427,0.75,1.0,1.0,5.0,6.0,0.0,2.0,0.0,1.0,0.0,0.0,0.0,0.0,0.0,0.0,RETREAT,-0.1,0.0,7,opponent,32
8.0,0.875,0.75,1.0,1.0,5.0,6.0,0.0,2.0,0.0,0.0,0.0,1.0,0.0,0.0,0.0,0.0,PLAY_SUPPORTER,0.4,0.0,8,opponent,32
9.0,0.375,0.75,1.0,1.0,5.0,6.0,0.0,1.0,0.0,0.0,0.0,0.0,1.0,0.0,0.0,0.0,PLAY_BASIC_TO_BENCH,0.2,1.1999999999999997,9,opponent,32
10.0,0.21428571428571427,0.75,1.0,1.0,5.0,5.0,0.0,0.0,0.0,1.0,0.0,0.0,0.0,0.0,0.0,0.0,RETREAT,-0.1,0.0,10,opponent,32
11.0,0.5714285714285714,0.75,1.0,1.0,5.0,5.0,0.0,0.0,0.0,0.0,0.0,0.0,0.0,0.0,0.0,1.0,PASS_TURN,0.0,0.0,11,opponent,32
12.0,0.5714285714285714,0.75,1.0,1.0,5.0,5.0,0.0,0.0,0.0,0.0,0.0,0.0,0.0,0.0,0.0,1.0,PASS_TURN,0.0,0.0,12,opponent,32
13.0,0.42857142857142855,0.75,1.0,1.0,5.0,5.0,0.0,0.0,0.0,1.0,0.0,0.0,0.0,0.0,0.0,0.0,RETREAT,-0.1,0.0,13,opponent,32
14.0,0.42857142857142855,0.75,0.0,1.0,5.0,4.0,0.0,0.0,0.0,0.0,0.0,0.0,0.0,0.0,0.0,1.0,PASS_TURN,0.0,0.0,14,opponent,32
15.0,0.14285714285714285,0.75,0.0,1.0,5.0,4.0,0.0,0.0,0.0,0.0,0.0,0.0,0.0,0.0,0.0,1.0,PASS_TURN,0.0,0.0,15,opponent,32
1.0,1.0,1.0,0.0,1.0,6.0,6.0,1.0,6.0,0.0,0.0,1.0,0.0,0.0,0.0,0.0,0.0,ATTACH_ENERGY,0.3,0.7000000000000001,1,opponent,33
2.0,0.6666666666666666,1.0,0.0,1.0,6.0,6.0,0.0,6.0,1.0,0.0,0.0,0.0,0.0,0.0,0.0,0.0,ATTACK,0.5,0.09999999999999987,2,opponent,33
3.0,0.6666666666666666,0.9285714285714286,0.0,1.0,6.0,6.0,0.0,6.0,1.0,0.0,0.0,0.0,0.0,0.0,0.0,0.0,ATTACK,0.5,0.10000000000000009,3,opponent,33
4.0,0.5833333333333334,0.8571428571428571,0.0,1.0,6.0,6.0,0.0,6.0,1.0,0.0,0.0,0.0,0.0,0.0,0.0,0.0,ATTACK,0.5,0.10000000000000009,4,opponent,33
5.0,0.25,0.7857142857142857,0.0,1.0,6.0,6.0,0.0,6.0,0.0,0.0,0.0,1.0,0.0,0.0,0.0,0.0,PLAY_SUPPORTER,0.4,0.0,5,opponent,33
1.0,1.0,1.0,1.0,0.0,6.0,6.0,0.0,6.0,0.0,0.0,0.0,1.0,0.0,0.0,0.0,0.0,PLAY_SUPPORTER,0.4,0.0,1,opponent,34
2.0,0.7777777777777778,1.0,1.0,0.0,6.0,6.0,0.0,5.0,0.0,0.0,0.0,1.0,0.0,0.0,0.0,0.0,PLAY_SUPPORTER,0.4,0.0,2,opponent,34
3.0,0.3333333333333333,1.0,1.0,0.0,6.0,6.0,0.0,4.0,0.0,0.0,0.0,1.0,0.0,0.0,0.0,0.0,PLAY_SUPPORTER,0.4,0.0,3,opponent,34
4.0,1.0,1.0,0.0,0.0,6.0,5.0,0.0,3.0,0.0,0.0,0.0,1.0,0.0,0.0,0.0,0.0,PLAY_SUPPORTER,0.4,0.0,4,opponent,34
5.0,0.8571428571428571,1.0,0.0,0.0,6.0,5.0,0.0,2.0,0.0,0.0,0.0,1.0,0.0,0.0,0.0,0.0,PLAY_SUPPORTER,0.4,0.0,5,opponent,34
6.0,0.7142857142857143,1.0,0.0,0.0,6.0,5.0,0.0,1.0,0.0,0.0,0.0,1.0,0.0,0.0,0.0,0.0,PLAY_SUPPORTER,0.4,0.0,6,opponent,34
7.0,0.6428571428571429,1.0,0.0,0.0,6.0,5.0,0.0,0.0,0.0,0.0,0.0,0.0,0.0,0.0,0.0,1.0,PASS_TURN,0.0,0.0,7,opponent,34
8.0,0.6428571428571429,1.0,0.0,0.0,6.0,5.0,0.0,0.0,0.0,0.0,0.0,0.0,0.0,0.0,0.0,1.0,PASS_TURN,0.0,0.0,8,opponent,34
9.0,0.5,1.0,0.0,0.0,6.0,5.0,0.0,0.0,0.0,0.0,0.0,0.0,0.0,0.0,0.0,1.0,PASS_TURN,0.0,0.0,9,opponent,34
10.0,0.5,1.0,0.0,0.0,6.0,5.0,0.0,0.0,0.0,0.0,0.0,0.0,0.0,0.0,0.0,1.0,PASS_TURN,0.0,0.0,10,opponent,34
11.0,0.2857142857142857,1.0,0.0,0.0,6.0,5.0,0.0,0.0,0.0,0.0,0.0,0.0,0.0,0.0,0.0,1.0,PASS_TURN,0.0,0.0,11,opponent,34
12.0,0.07142857142857142,1.0,0.0,0.0,6.0,5.0,0.0,0.0,0.0,0.0,0.0,0.0,0.0,0.0,0.0,1.0,PASS_TURN,0.0,0.0,12,opponent,34
13.0,0.07142857142857142,1.0,0.0,0.0,6.0,5.0,0.0,0.0,0.0,0.0,0.0,0.0,0.0,0.0,0.0,1.0,PASS_TURN,0.0,0.0,13,opponent,34
1.0,1.0,1.0,1.0,3.0,6.0,6.0,1.0,7.0,0.0,0.0,1.0,0.0,0.0,0.0,0.0,0.0,ATTACH_ENERGY,0.3,0.7000000000000002,1,opponent,35
2.0,0.8,1.0,1.0,3.0,6.0,6.0,0.0,7.0,1.0,0.0,0.0,0.0,0.0,0.0,0.0,0.0,ATTACK,1.0,0.20000000000000018,2,opponent,35
3.0,0.8,0.6666666666666666,1.0,3.0,6.0,6.0,0.0,7.0,1.0,0.0,0.0,0.0,0.0,0.0,0.0,0.0,ATTACK,1.0,0.1999999999999993,3,opponent,35
4.0,0.8,0.3333333333333333,1.0,3.0,6.0,6.0,0.0,7.0,1.0,0.0,0.0,0.0,0.0,0.0,0.0,0.0,ATTACK,6.0,-2.3,4,opponent,35
5.0,0.5,1.0,1.0,2.0,5.0,6.0,0.0,7.0,0.0,0.0,0.0,1.0,0.0,0.0,0.0,0.0,PLAY_SUPPORTER,0.4,0.0,5,opponent,35
6.0,0.3,1.0,1.0,2.0,5.0,6.0,0.0,6.0,0.0,0.0,0.0,1.0,0.0,0.0,0.0,0.0,PLAY_SUPPORTER,0.4,0.0,6,opponent,35
7.0,1.0,1.0,0.0,2.0,5.0,5.0,0.0,5.0,0.0,0.0,0.0,1.0,0.0,0.0,0.0,0.0,PLAY_SUPPORTER,0.4,0.0,7,opponent,35
8.0,0.8571428571428571,1.0,0.0,2.0,5.0,5.0,0.0,4.0,0.0,0.0,0.0,1.0,0.0,0.0,0.0,0.0,PLAY_SUPPORTER,0.4,0.0,8,opponent,35
9.0,0.5714285714285714,1.0,0.0,2.0,5.0,5.0,0.0,3.0,0.0,0.0,0.0,1.0,0.0,0.0,0.0,0.0,PLAY_SUPPORTER,0.4,0.0,9,opponent,35
10.0,0.2857142857142857,1.0,0.0,2.0,5.0,5.0,0.0,2.0,0.0,0.0,0.0,1.0,0.0,0.0,0.0,0.0,PLAY_SUPPORTER,0.4,0.0,10,opponent,35
1.0,1.0,1.0,2.0,0.0,6.0,6.0,0.0,4.0,0.0,0.0,0.0,1.0,0.0,0.0,0.0,0.0,PLAY_SUPPORTER,0.4,0.0,1,opponent,36
2.0,0.75,1.0,2.0,0.0,6.0,6.0,0.0,3.0,0.0,0.0,0.0,1.0,0.0,0.0,0.0,0.0,PLAY_SUPPORTER,0.4,0.0,2,opponent,36
3.0,0.375,1.0,2.0,0.0,6.0,6.0,0.0,2.0,0.0,0.0,0.0,1.0,0.0,0.0,0.0,0.0,PLAY_SUPPORTER,0.4,0.0,3,opponent,36
4.0,0.125,1.0,2.0,0.0,6.0,6.0,0.0,1.0,0.0,1.0,0.0,0.0,0.0,0.0,0.0,0.0,RETREAT,-0.1,0.0,4,opponent,36
5.0,0.6,1.0,2.0,0.0,6.0,6.0,0.0,1.0,0.0,0.0,0.0,1.0,0.0,0.0,0.0,0.0,PLAY_SUPPORTER,0.4,0.0,5,opponent,36
6.0,0.6,1.0,2.0,0.0,6.0,6.0,0.0,0.0,0.0,0.0,0.0,0.0,0.0,0.0,0.0,1.0,PASS_TURN,0.0,0.0,6,opponent,36
7.0,0.2,1.0,2.0,0.0,6.0,6.0,0.0,0.0,0.0,1.0,0.0,0.0,0.0,0.0,0.0,0.0,RETREAT,-0.1,0.0,7,opponent,36
8.0,0.2,1.0,1.0,0.0,6.0,5.0,0.0,0.0,0.0,1.0,0.0,0.0,0.0,0.0,0.0,0.0,RETREAT,-0.1,0.0,8,opponent,36
9.0,0.7777777777777778,1.0,1.0,0.0,6.0,5.0,0.0,0.0,0.0,1.0,0.0,0.0,0.0,0.0,0.0,0.0,RETREAT,-0.1,0.0,9,opponent,36
10.0,0.7777777777777778,1.0,0.0,0.0,6.0,4.0,0.0,0.0,0.0,0.0,0.0,0.0,0.0,0.0,0.0,1.0,PASS_TURN,0.0,0.0,10,opponent,36
11.0,0.3333333333333333,1.0,0.0,0.0,6.0,4.0,0.0,0.0,0.0,0.0,0.0,0.0,0.0,0.0,0.0,1.0,PASS_TURN,0.0,0.0,11,opponent,36
1.0,1.0,1.0,0.0,0.0,6.0,6.0,3.0,7.0,0.0,0.0,1.0,0.0,0.0,0.0,0.0,0.0,ATTACH_ENERGY,0.3,0.7,1,me,37
2.0,0.7777777777777778,1.0,0.0,0.0,6.0,6.0,2.0,7.0,1.0,0.0,0.0,0.0,0.0,0.0,0.0,0.0,ATTACK,1.0,0.19999999999999996,2,me,37
3.0,0.7777777777777778,0.8,0.0,0.0,6.0,6.0,2.0,7.0,1.0,0.0,0.0,0.0,0.0,0.0,0.0,0.0,ATTACK,1.0,0.20000000000000007,3,me,37
4.0,0.7777777777777778,0.6,0.0,0.0,6.0,6.0,2.0,7.0,1.0,0.0,0.0,0.0,0.0,0.0,0.0,0.0,ATTACK,1.0,0.19999999999999996,4,me,37
5.0,0.7777777777777778,0.4,0.0,0.0,6.0,6.0,2.0,7.0,1.0,0.0,0.0,0.0,0.0,0.0,0.0,0.0,ATTACK,1.0,0.20000000000000007,5,me,37
6.0,0.5555555555555556,0.2,0.0,0.0,6.0,6.0,2.0,7.0,1.0,0.0,0.0,0.0,0.0,0.0,0.0,0.0,ATTACK,6.0,-2.8000000000000003,6,me,37
1.0,1.0,1.0,0.0,0.0,6.0,6.0,3.0,5.0,0.0,0.0,1.0,0.0,0.0,0.0,0.0,0.0,ATTACH_ENERGY,0.3,0.7000000000000001,1,opponent,38
2.0,0.8333333333333334,1.0,0.0,0.0,6.0,6.0,2.0,5.0,1.0,0.0,0.0,0.0,0.0,0.0,0.0,0.0,ATTACK,1.0,0.20000000000000012,2,opponent,38
3.0,0.8333333333333334,0.8571428571428571,0.0,0.0,6.0,6.0,2.0,5.0,1.0,0.0,0.0,0.0,0.0,0.0,0.0,0.0,ATTACK,1.0,0.19999999999999996,3,opponent,38
4.0,0.16666666666666666,0.7142857142857143,0.0,0.0,6.0,6.0,2.0,5.0,0.0,0.0,0.0,1.0,0.0,0.0,0.0,0.0,PLAY_SUPPORTER,0.4,0.0,4,opponent,38
5.0,0.16666666666666666,0.7142857142857143,0.0,0.0,6.0,6.0,2.0,4.0,0.0,0.0,0.0,1.0,0.0,0.0,0.0,0.0,PLAY_SUPPORTER,0.4,0.0,5,opponent,38
1.0,1.0,1.0,1.0,1.0,6.0,6.0,0.0,7.0,0.0,0.0,0.0,1.0,0.0,0.0,0.0,0.0,PLAY_SUPPORTER,0.4,0.0,1,opponent,39
2.0,0.8333333333333334,1.0,1.0,1.0,6.0,6.0,0.0,6.0,0.0,0.0,0.0,1.0,0.0,0.0,0.0,0.0,PLAY_SUPPORTER,0.4,0.0,2,opponent,39
3.0,0.75,1.0,1.0,1.0,6.0,6.0,0.0,5.0,0.0,0.0,0.0,1.0,0.0,0.0,0.0,0.0,PLAY_SUPPORTER,0.4,0.0,3,opponent,39
4.0,0.6666666666666666,1.0,1.0,1.0,6.0,6.0,0.0,4.0,0.0,0.0,0.0,1.0,0.0,0.0,0.0,0.0,PLAY_SUPPORTER,0.4,0.0,4,opponent,39
5.0,0.6666666666666666,1.0,1.0,1.0,6.0,6.0,0.0,3.0,0.0,0.0,0.0,1.0,0.0,0.0,0.0,0.0,PLAY_SUPPORTER,0.4,0.0,5,opponent,39
6.0,0.4166666666666667,1.0,1.0,1.0,6.0,6.0,0.0,2.0,0.0,0.0,0.0,1.0,0.0,0.0,0.0,0.0,PLAY_SUPPORTER,0.4,0.0,6,opponent,39
7.0,0.08333333333333333,1.0,1.0,1.0,6.0,6.0,0.0,1.0,0.0,1.0,0.0,0.0,0.0,0.0,0.0,0.0,RETREAT,-0.1,0.0,7,opponent,39
8.0,0.5,1.0,1.0,1.0,6.0,6.0,0.0,1.0,0.0,0.0,0.0,1.0,0.0,0.0,0.0,0.0,PLAY_SUPPORTER,0.4,0.0,8,opponent,39
9.0,0.375,1.0,1.0,1.0,6.0,6.0,0.0,0.0,0.0,0.0,0.0,0.0,0.0,0.0,0.0,1.0,PASS_TURN,0.0,0.0,9,opponent,39
10.0,0.375,1.0,1.0,1.0,6.0,6.0,0.0,0.0,0.0,0.0,0.0,0.0,0.0,0.0,0.0,1.0,PASS_TURN,0.0,0.0,10,opponent,39
11.0,0.125,1.0,1.0,1.0,6.0,6.0,0.0,0.0,0.0,1.0,0.0,0.0,0.0,0.0,0.0,0.0,RETREAT,-0.1,0.0,11,opponent,39
12.0,0.125,1.0,0.0,1.0,6.0,5.0,0.0,0.0,0.0,0.0,0.0,0.0,0.0,0.0,0.0,1.0,PASS_TURN,0.0,0.0,12,opponent,39
1.0,1.0,1.0,0.0,0.0,6.0,6.0,1.0,3.0,0.0,0.0,1.0,0.0,0.0,0.0,0.0,0.0,ATTACH_ENERGY,0.3,0.7,1,opponent,40
2.0,0.5,1.0,0.0,0.0,6.0,6.0,0.0,3.0,1.0,0.0,0.0,0.0,0.0,0.0,0.0,0.0,ATTACK,0.5,0.10000000000000009,2,opponent,40
3.0,0.16666666666666666,0.9166666666666666,0.0,0.0,6.0,6.0,0.0,3.0,0.0,0.0,0.0,1.0,0.0,0.0,0.0,0.0,PLAY_SUPPORTER,0.4,0.0,3,opponent,40
1.0,1.0,1.0,3.0,2.0,6.0,6.0,3.0,5.0,0.0,0.0,1.0,0.0,0.0,0.0,0.0,0.0,ATTACH_ENERGY,0.3,0.6999999999999997,1,opponent,41
2.0,0.5555555555555556,1.0,3.0,2.0,6.0,6.0,2.0,5.0,1.0,0.0,0.0,0.0,0.0,0.0,0.0,0.0,ATTACK,1.5,0.2999999999999998,2,opponent,41
3.0,0.4444444444444444,0.5714285714285714,3.0,2.0,6.0,6.0,2.0,5.0,1.0,0.0,0.0,0.0,0.0,0.0,0.0,0.0,ATTACK,1.5,0.2999999999999998,3,opponent,41
4.0,0.1111111111111111,0.14285714285714285,3.0,2.0,6.0,6.0,2.0,5.0,1.0,0.0,0.0,0.0,0.0,0.0,0.0,0.0,ATTACK,6.5,-2.4000000000000004,4,opponent,41
5.0,1.0,1.0,2.0,1.0,5.0,5.0,2.0,5.0,0.0,0.0,0.0,1.0,0.0,0.0,0.0,0.0,PLAY_SUPPORTER,0.4,0.0,5,opponent,41
6.0,0.3333333333333333,1.0,2.0,1.0,5.0,5.0,2.0,4.0,0.0,0.0,0.0,1.0,0.0,0.0,0.0,0.0,PLAY_SUPPORTER,0.4,0.0,6,opponent,41
7.0,1.0,1.0,1.0,1.0,5.0,4.0,2.0,3.0,0.0,0.0,0.0,1.0,0.0,0.0,0.0,0.0,PLAY_SUPPORTER,0.4,0.0,7,opponent,41
8.0,0.6,1.0,1.0,1.0,5.0,4.0,2.0,2.0,0.0,0.0,0.0,1.0,0.0,0.0,0.0,0.0,PLAY_SUPPORTER,0.4,0.0,8,opponent,41
9.0,0.2,1.0,1.0,1.0,5.0,4.0,2.0,1.0,0.0,1.0,0.0,0.0,0.0,0.0,0.0,0.0,RETREAT,-0.1,0.0,9,opponent,41
10.0,1.0,1.0,1.0,1.0,5.0,4.0,2.0,1.0,0.0,0.0,0.0,1.0,0.0,0.0,0.0,0.0,PLAY_SUPPORTER,0.4,0.0,10,opponent,41
11.0,1.0,1.0,1.0,1.0,5.0,4.0,2.0,0.0,0.0,0.0,1.0,0.0,0.0,0.0,0.0,0.0,ATTACH_ENERGY,0.3,0.2999999999999998,11,opponent,41
12.0,0.8571428571428571,1.0,1.0,1.0,5.0,4.0,1.0,0.0,1.0,0.0,0.0,0.0,0.0,0.0,0.0,0.0,ATTACK,0.5,0.10000000000000009,12,opponent,41
13.0,0.8571428571428571,0.8571428571428571,1.0,1.0,5.0,4.0,1.0,0.0,1.0,0.0,0.0,0.0,0.0,0.0,0.0,0.0,ATTACK,0.5,0.10000000000000009,13,opponent,41
14.0,0.2857142857142857,0.7142857142857143,1.0,1.0,5.0,4.0,1.0,0.0,0.0,1.0,0.0,0.0,0.0,0.0,0.0,0.0,RETREAT,-0.1,0.0,14,opponent,41
15.0,0.2857142857142857,0.7142857142857143,0.0,1.0,5.0,3.0,1.0,0.0,0.0,0.0,1.0,0.0,0.0,0.0,0.0,0.0,ATTACH_ENERGY,0.3,0.2999999999999998,15,opponent,41
16.0,0.14285714285714285,0.7142857142857143,0.0,1.0,5.0,3.0,0.0,0.0,0.0,0.0,0.0,0.0,0.0,0.0,0.0,1.0,PASS_TURN,0.0,0.0,16,opponent,41
17.0,0.14285714285714285,0.7142857142857143,0.0,1.0,5.0,3.0,0.0,0.0,0.0,0.0,0.0,0.0,0.0,0.0,0.0,1.0,PASS_TURN,0.0,0.0,17,opponent,41
18.0,0.14285714285714285,0.7142857142857143,0.0,1.0,5.0,3.0,0.0,0.0,0.0,0.0,0.0,0.0,0.0,0.0,0.0,1.0,PASS_TURN,0.0,0.0,18,opponent,41
19.0,0.14285714285714285,0.7142857142857143,0.0,1.0,5.0,3.0,0.0,0.0,0.0,0.0,0.0,0.0,0.0,0.0,0.0,1.0,PASS_TURN,0.0,0.0,19,opponent,41
1.0,1.0,1.0,2.0,2.0,6.0,6.0,1.0,6.0,0.0,0.0,1.0,0.0,0.0,0.0,0.0,0.0,ATTACH_ENERGY,0.3,0.7000000000000002,1,opponent,42
2.0,0.7857142857142857,1.0,2.0,2.0,6.0,6.0,0.0,6.0,1.0,0.0,0.0,0.0,0.0,0.0,0.0,0.0,ATTACK,1.0,0.19999999999999973,2,opponent,42
3.0,0.6428571428571429,0.7142857142857143,2.0,2.0,6.0,6.0,0.0,6.0,1.0,0.0,0.0,0.0,0.0,0.0,0.0,0.0,ATTACK,1.0,0.19999999999999973,3,opponent,42
4.0,0.42857142857142855,0.42857142857142855,2.0,2.0,6.0,6.0,0.0,6.0,1.0,0.0,0.0,0.0,0.0,0.0,0.0,0.0,ATTACK,1.0,0.19999999999999996,4,opponent,42
5.0,0.42857142857142855,0.14285714285714285,2.0,2.0,6.0,6.0,0.0,6.0,1.0,0.0,0.0,0.0,0.0,0.0,0.0,0.0,ATTACK,6.0,-2.4,5,opponent,42
6.0,0.2857142857142857,1.0,2.0,1.0,5.0,6.0,0.0,6.0,0.0,1.0,0.0,0.0,0.0,0.0,0.0,0.0,RETREAT,-0.1,0.0,6,opponent,42
7.0,0.9,1.0,2.0,1.0,5.0,6.0,0.0,6.0,0.0,0.0,0.0,1.0,0.0,0.0,0.0,0.0,PLAY_SUPPORTER,0.4,0.0,7,opponent,42
8.0,0.7,1.0,2.0,1.0,5.0,6.0,0.0,5.0,0.0,0.0,0.0,1.0,0.0,0.0,0.0,0.0,PLAY_SUPPORTER,0.4,0.0,8,opponent,42
9.0,0.3,1.0,2.0,1.0,5.0,6.0,0.0,4.0,0.0,0.0,0.0,1.0,0.0,0.0,0.0,0.0,PLAY_SUPPORTER,0.4,0.0,9,opponent,42
10.0,0.2,1.0,2.0,1.0,5.0,6.0,0.0,3.0,0.0,1.0,0.0,0.0,0.0,0.0,0.0,0.0,RETREAT,-0.1,0.0,10,opponent,42
11.0,0.2857142857142857,1.0,2.0,1.0,5.0,6.0,0.0,3.0,0.0,1.0,0.0,0.0,0.0,0.0,0.0,0.0,RETREAT,-0.1,0.0,11,opponent,42
12.0,0.7,1.0,2.0,1.0,5.0,6.0,0.0,3.0,0.0,0.0,0.0,1.0,0.0,0.0,0.0,0.0,PLAY_SUPPORTER,0.4,0.0,12,opponent,42
13.0,0.3,1.0,2.0,1.0,5.0,6.0,0.0,2.0,0.0,0.0,0.0,1.0,0.0,0.0,0.0,0.0,PLAY_SUPPORTER,0.4,0.0,13,opponent,42
14.0,0.2,1.0,1.0,1.0,5.0,5.0,0.0,1.0,0.0,1.0,0.0,0.0,0.0,0.0,0.0,0.0,RETREAT,-0.1,0.0,14,opponent,42
15.0,0.07142857142857142,1.0,1.0,1.0,5.0,5.0,0.0,1.0,0.0,1.0,0.0,0.0,0.0,0.0,0.0,0.0,RETREAT,-0.1,0.0,15,opponent,42
16.0,0.07142857142857142,1.0,0.0,1.0,5.0,4.0,0.0,1.0,0.0,0.0,0.0,1.0,0.0,0.0,0.0,0.0,PLAY_SUPPORTER,0.4,0.0,16,opponent,42
17.0,0.07142857142857142,1.0,0.0,1.0,5.0,4.0,0.0,0.0,1.0,0.0,0.0,0.0,0.0,0.0,0.0,0.0,ATTACK,1.0,0.19999999999999996,17,opponent,42
1.0,1.0,1.0,3.0,1.0,6.0,6.0,1.0,3.0,0.0,0.0,1.0,0.0,0.0,0.0,0.0,0.0,ATTACH_ENERGY,0.3,0.6999999999999993,1,opponent,43
2.0,0.5,1.0,3.0,1.0,6.0,6.0,0.0,3.0,1.0,0.0,0.0,0.0,0.0,0.0,0.0,0.0,ATTACK,1.5,0.29999999999999893,2,opponent,43
3.0,0.375,0.5,3.0,1.0,6.0,6.0,0.0,3.0,1.0,0.0,0.0,0.0,0.0,0.0,0.0,0.0,ATTACK,6.5,-2.2,3,opponent,43
4.0,0.375,1.0,3.0,0.0,5.0,6.0,0.0,3.0,1.0,0.0,0.0,0.0,0.0,0.0,0.0,0.0,ATTACK,1.5,0.2999999999999998,4,opponent,43
5.0,1.0,0.5714285714285714,2.0,0.0,5.0,5.0,0.0,3.0,0.0,0.0,0.0,1.0,0.0,0.0,0.0,0.0,PLAY_SUPPORTER,0.4,0.0,5,opponent,43
6.0,0.9166666666666666,0.5714285714285714,2.0,0.0,5.0,5.0,0.0,2.0,0.0,0.0,0.0,1.0,0.0,0.0,0.0,0.0,PLAY_SUPPORTER,0.4,0.0,6,opponent,43
7.0,0.8333333333333334,0.5714285714285714,2.0,0.0,5.0,5.0,0.0,1.0,0.0,1.0,0.0,0.0,0.0,0.0,0.0,0.0,RETREAT,-0.1,0.0,7,opponent,43
8.0,1.0,0.5714285714285714,2.0,0.0,5.0,5.0,0.0,1.0,0.0,0.0,0.0,1.0,0.0,0.0,0.0,0.0,PLAY_SUPPORTER,0.4,0.0,8,opponent,43
9.0,0.6666666666666666,0.5714285714285714,2.0,0.0,5.0,5.0,0.0,0.0,0.0,0.0,0.0,0.0,0.0,0.0,0.0,1.0,PASS_TURN,0.0,0.0,9,opponent,43
10.0,0.5,0.5714285714285714,2.0,0.0,5.0,5.0,0.0,0.0,0.0,0.0,0.0,0.0,0.0,0.0,0.0,1.0,PASS_TURN,0.0,0.0,10,opponent,43
11.0,0.25,0.5714285714285714,2.0,0.0,5.0,5.0,0.0,0.0,0.0,1.0,0.0,0.0,0.0,0.0,0.0,0.0,RETREAT,-0.1,0.0,11,opponent,43
12.0,0.5833333333333334,0.5714285714285714,2.0,0.0,5.0,5.0,0.0,0.0,0.0,0.0,0.0,0.0,0.0,0.0,0.0,1.0,PASS_TURN,0.0,0.0,12,opponent,43
13.0,0.3333333333333333,0.5714285714285714,2.0,0.0,5.0,5.0,0.0,0.0,0.0,0.0,0.0,0.0,0.0,0.0,0.0,1.0,PASS_TURN,0.0,0.0,13,opponent,43
14.0,0.16666666666666666,0.5714285714285714,2.0,0.0,5.0,5.0,0.0,0.0,0.0,1.0,0.0,0.0,0.0,0.0,0.0,0.0,RETREAT,-0.1,0.0,14,opponent,43
15.0,0.08333333333333333,0.5714285714285714,2.0,0.0,5.0,5.0,0.0,0.0,0.0,0.0,0.0,0.0,0.0,0.0,0.0,1.0,PASS_TURN,0.0,0.0,15,opponent,43
16.0,0.16666666666666666,0.5714285714285714,1.0,0.0,5.0,4.0,0.0,0.0,0.0,1.0,0.0,0.0,0.0,0.0,0.0,0.0,RETREAT,-0.1,0.0,16,opponent,43
17.0,0.8571428571428571,0.5714285714285714,1.0,0.0,5.0,4.0,0.0,0.0,0.0,0.0,0.0,0.0,0.0,0.0,0.0,1.0,PASS_TURN,0.0,0.0,17,opponent,43
18.0,0.7142857142857143,0.5714285714285714,1.0,0.0,5.0,4.0,0.0,0.0,0.0,0.0,0.0,0.0,0.0,0.0,0.0,1.0,PASS_TURN,0.0,0.0,18,opponent,43
19.0,0.6428571428571429,0.5714285714285714,1.0,0.0,5.0,4.0,0.0,0.0,0.0,0.0,0.0,0.0,0.0,0.0,0.0,1.0,PASS_TURN,0.0,0.0,19,opponent,43
20.0,0.6428571428571429,0.5714285714285714,1.0,0.0,5.0,4.0,0.0,0.0,0.0,0.0,0.0,0.0,0.0,0.0,0.0,1.0,PASS_TURN,0.0,0.0,20,opponent,43
21.0,0.35714285714285715,0.5714285714285714,1.0,0.0,5.0,4.0,0.0,0.0,0.0,0.0,0.0,0.0,0.0,0.0,0.0,1.0,PASS_TURN,0.0,0.0,21,opponent,43
22.0,0.07142857142857142,0.5714285714285714,1.0,0.0,5.0,4.0,0.0,0.0,0.0,1.0,0.0,0.0,0.0,0.0,0.0,0.0,RETREAT,-0.1,0.0,22,opponent,43
23.0,0.08333333333333333,0.5714285714285714,1.0,0.0,5.0,4.0,0.0,0.0,0.0,1.0,0.0,0.0,0.0,0.0,0.0,0.0,RETREAT,-0.1,0.0,23,opponent,43
24.0,0.08333333333333333,0.5714285714285714,0.0,0.0,5.0,3.0,0.0,0.0,0.0,0.0,0.0,0.0,0.0,0.0,0.0,1.0,PASS_TURN,0.0,0.0,24,opponent,43
1.0,1.0,1.0,0.0,1.0,6.0,6.0,3.0,6.0,0.0,0.0,1.0,0.0,0.0,0.0,0.0,0.0,ATTACH_ENERGY,0.3,0.7000000000000001,1,opponent,44
2.0,0.6666666666666666,1.0,0.0,1.0,6.0,6.0,2.0,6.0,0.0,0.0,1.0,0.0,0.0,0.0,0.0,0.0,ATTACH_ENERGY,0.3,0.7000000000000001,2,opponent,44
3.0,0.5,1.0,0.0,1.0,6.0,6.0,1.0,6.0,0.0,0.0,1.0,0.0,0.0,0.0,0.0,0.0,ATTACH_ENERGY,0.3,0.7000000000000002,3,opponent,44
4.0,0.25,1.0,0.0,1.0,6.0,6.0,0.0,6.0,1.0,0.0,0.0,0.0,0.0,0.0,0.0,0.0,ATTACK,12.0,-1.7999999999999998,4,opponent,44
1.0,1.0,1.0,2.0,1.0,6.0,6.0,1.0,4.0,0.0,0.0,1.0,0.0,0.0,0.0,0.0,0.0,ATTACH_ENERGY,0.3,0.7000000000000002,1,opponent,45
2.0,0.6,1.0,2.0,1.0,6.0,6.0,0.0,4.0,1.0,0.0,0.0,0.0,0.0,0.0,0.0,0.0,ATTACK,1.5,0.2999999999999994,2,opponent,45
3.0,0.2,0.625,2.0,1.0,6.0,6.0,0.0,4.0,1.0,0.0,0.0,0.0,0.0,0.0,0.0,0.0,ATTACK,1.5,0.30000000000000027,3,opponent,45
4.0,1.0,0.25,1.0,1.0,6.0,5.0,0.0,4.0,0.0,0.0,0.0,1.0,0.0,0.0,0.0,0.0,PLAY_SUPPORTER,0.4,0.0,4,opponent,45
5.0,0.6666666666666666,0.25,1.0,1.0,6.0,5.0,0.0,3.0,0.0,0.0,0.0,1.0,0.0,0.0,0.0,0.0,PLAY_SUPPORTER,0.4,0.0,5,opponent,45
6.0,0.3333333333333333,0.25,1.0,1.0,6.0,5.0,0.0,2.0,0.0,0.0,0.0,1.0,0.0,0.0,0.0,0.0,PLAY_SUPPORTER,0.4,0.0,6,opponent,45
7.0,0.25,0.25,1.0,1.0,6.0,5.0,0.0,1.0,0.0,1.0,0.0,0.0,0.0,0.0,0.0,0.0,RETREAT,-0.1,0.0,7,opponent,45
8.0,0.7142857142857143,0.25,1.0,1.0,6.0,5.0,0.0,1.0,0.0,0.0,0.0,1.0,0.0,0.0,0.0,0.0,PLAY_SUPPORTER,0.4,0.0,8,opponent,45
9.0,0.42857142857142855,0.25,1.0,1.0,6.0,5.0,0.0,0.0,0.0,0.0,0.0,0.0,0.0,0.0,0.0,1.0,PASS_TURN,0.0,0.0,9,opponent,45
10.0,0.42857142857142855,0.25,1.0,1.0,6.0,5.0,0.0,0.0,0.0,0.0,0.0,0.0,0.0,0.0,0.0,1.0,PASS_TURN,0.0,0.0,10,opponent,45
11.0,0.2857142857142857,0.25,1.0,1.0,6.0,5.0,0.0,0.0,0.0,1.0,0.0,0.0,0.0,0.0,0.0,0.0,RETREAT,-0.1,0.0,11,opponent,45
12.0,0.2857142857142857,0.25,0.0,1.0,6.0,4.0,0.0,0.0,0.0,0.0,0.0,0.0,0.0,0.0,0.0,1.0,PASS_TURN,0.0,0.0,12,opponent,45
13.0,0.2857142857142857,0.25,0.0,1.0,6.0,4.0,0.0,0.0,0.0,0.0,0.0,0.0,0.0,0.0,0.0,1.0,PASS_TURN,0.0,0.0,13,opponent,45
1.0,1.0,1.0,0.0,2.0,6.0,6.0,3.0,5.0,0.0,0.0,1.0,0.0,0.0,0.0,0.0,0.0,ATTACH_ENERGY,0.3,0.6999999999999997,1,opponent,46
2.0,0.5555555555555556,1.0,0.0,2.0,6.0,6.0,2.0,5.0,1.0,0.0,0.0,0.0,0.0,0.0,0.0,0.0,ATTACK,1.5,0.2999999999999998,2,opponent,46
3.0,0.2222222222222222,0.5,0.0,2.0,6.0,6.0,2.0,5.0,1.0,0.0,0.0,0.0,0.0,0.0,0.0,0.0,ATTACK,6.5,-2.1999999999999993,3,opponent,46
4.0,0.1111111111111111,1.0,0.0,1.0,5.0,6.0,2.0,5.0,0.0,0.0,0.0,0.0,0.0,0.0,0.0,1.0,PASS_TURN,0.0,0.0,4,opponent,46
1.0,1.0,1.0,1.0,0.0,6.0,6.0,1.0,6.0,0.0,0.0,1.0,0.0,0.0,0.0,0.0,0.0,ATTACH_ENERGY,0.3,0.7000000000000002,1,opponent,47
2.0,0.625,1.0,1.0,0.0,6.0,6.0,0.0,6.0,1.0,0.0,0.0,0.0,0.0,0.0,0.0,0.0,ATTACK,0.5,0.09999999999999964,2,opponent,47
3.0,0.25,0.875,1.0,0.0,6.0,6.0,0.0,6.0,0.0,1.0,0.0,0.0,0.0,0.0,0.0,0.0,RETREAT,-0.1,0.0,3,opponent,47
4.0,0.8571428571428571,0.875,1.0,0.0,6.0,6.0,0.0,6.0,0.0,0.0,0.0,0.0,1.0,0.0,0.0,0.0,PLAY_BASIC_TO_BENCH,0.2,1.7999999999999998,4,opponent,47
5.0,0.8571428571428571,0.875,2.0,0.0,6.0,6.0,0.0,5.0,0.0,0.0,0.0,0.0,0.0,0.0,0.0,1.0,PASS_TURN,0.0,0.0,5,opponent,47
6.0,0.8571428571428571,0.875,2.0,0.0,6.0,6.0,0.0,5.0,0.0,0.0,0.0,1.0,0.0,0.0,0.0,0.0,PLAY_SUPPORTER,0.4,0.0,6,opponent,47
7.0,0.7142857142857143,0.875,2.0,0.0,6.0,6.0,0.0,4.0,0.0,0.0,0.0,1.0,0.0,0.0,0.0,0.0,PLAY_SUPPORTER,0.4,0.0,7,opponent,47
8.0,0.5,0.875,2.0,0.0,6.0,6.0,0.0,3.0,0.0,0.0,0.0,1.0,0.0,0.0,0.0,0.0,PLAY_SUPPORTER,0.4,0.0,8,opponent,47
9.0,0.42857142857142855,0.875,2.0,0.0,6.0,6.0,0.0,2.0,0.0,0.0,0.0,1.0,0.0,0.0,0.0,0.0,PLAY_SUPPORTER,0.4,0.0,9,opponent,47
10.0,0.21428571428571427,0.875,2.0,0.0,6.0,6.0,0.0,1.0,0.0,0.0,0.0,1.0,0.0,0.0,0.0,0.0,PLAY_SUPPORTER,0.4,0.0,10,opponent,47
11.0,0.07142857142857142,0.875,2.0,0.0,6.0,6.0,0.0,0.0,0.0,0.0,0.0,0.0,0.0,0.0,0.0,1.0,PASS_TURN,0.0,0.0,11,opponent,47
12.0,0.25,0.875,1.0,0.0,6.0,5.0,0.0,0.0,0.0,1.0,0.0,0.0,0.0,0.0,0.0,0.0,RETREAT,-0.1,0.0,12,opponent,47
13.0,0.5555555555555556,0.875,1.0,0.0,6.0,5.0,0.0,0.0,0.0,0.0,0.0,0.0,0.0,0.0,0.0,1.0,PASS_TURN,0.0,0.0,13,opponent,47
14.0,0.3333333333333333,0.875,1.0,0.0,6.0,5.0,0.0,0.0,0.0,0.0,0.0,0.0,0.0,0.0,0.0,1.0,PASS_TURN,0.0,0.0,14,opponent,47
15.0,0.25,0.875,0.0,0.0,6.0,4.0,0.0,0.0,0.0,0.0,0.0,0.0,0.0,0.0,0.0,1.0,PASS_TURN,0.0,0.0,15,opponent,47
1.0,1.0,1.0,1.0,0.0,6.0,6.0,0.0,3.0,0.0,0.0,0.0,1.0,0.0,0.0,0.0,0.0,PLAY_SUPPORTER,0.4,0.0,1,opponent,48
2.0,0.5555555555555556,1.0,1.0,0.0,6.0,6.0,0.0,2.0,0.0,1.0,0.0,0.0,0.0,0.0,0.0,0.0,RETREAT,-0.1,0.0,2,opponent,48
3.0,0.3333333333333333,1.0,1.0,0.0,6.0,6.0,0.0,2.0,0.0,0.0,0.0,0.0,1.0,0.0,0.0,0.0,PLAY_BASIC_TO_BENCH,0.2,2.1,3,opponent,48
4.0,0.5555555555555556,1.0,1.0,0.0,6.0,5.0,0.0,1.0,0.0,0.0,0.0,1.0,0.0,0.0,0.0,0.0,PLAY_SUPPORTER,0.4,0.0,4,opponent,48
5.0,0.1111111111111111,1.0,1.0,0.0,6.0,5.0,0.0,0.0,0.0,1.0,0.0,0.0,0.0,0.0,0.0,0.0,RETREAT,-0.1,0.0,5,opponent,48
6.0,1.0,1.0,1.0,0.0,6.0,5.0,0.0,0.0,0.0,0.0,0.0,0.0,0.0,0.0,0.0,1.0,PASS_TURN,0.0,0.0,6,opponent,48
7.0,0.8333333333333334,1.0,1.0,0.0,6.0,5.0,0.0,0.0,0.0,0.0,0.0,0.0,0.0,0.0,0.0,1.0,PASS_TURN,0.0,0.0,7,opponent,48
8.0,0.8333333333333334,1.0,1.0,0.0,6.0,5.0,0.0,0.0,0.0,0.0,0.0,0.0,0.0,0.0,0.0,1.0,PASS_TURN,0.0,0.0,8,opponent,48
9.0,0.5833333333333334,1.0,1.0,0.0,6.0,5.0,0.0,0.0,0.0,0.0,0.0,0.0,0.0,0.0,0.0,1.0,PASS_TURN,0.0,0.0,9,opponent,48
10.0,0.4166666666666667,1.0,1.0,0.0,6.0,5.0,0.0,0.0,0.0,0.0,0.0,0.0,0.0,0.0,0.0,1.0,PASS_TURN,0.0,0.0,10,opponent,48
11.0,0.25,1.0,1.0,0.0,6.0,5.0,0.0,0.0,0.0,1.0,0.0,0.0,0.0,0.0,0.0,0.0,RETREAT,-0.1,0.0,11,opponent,48
12.0,0.25,1.0,0.0,0.0,6.0,4.0,0.0,0.0,0.0,0.0,0.0,0.0,0.0,0.0,0.0,1.0,PASS_TURN,0.0,0.0,12,opponent,48
13.0,0.16666666666666666,1.0,0.0,0.0,6.0,4.0,0.0,0.0,0.0,0.0,0.0,0.0,0.0,0.0,0.0,1.0,PASS_TURN,0.0,0.0,13,opponent,48
14.0,0.16666666666666666,1.0,0.0,0.0,6.0,4.0,0.0,0.0,0.0,0.0,0.0,0.0,0.0,0.0,0.0,1.0,PASS_TURN,0.0,0.0,14,opponent,48
15.0,0.08333333333333333,1.0,0.0,0.0,6.0,4.0,0.0,0.0,0.0,0.0,0.0,0.0,0.0,0.0,0.0,1.0,PASS_TURN,0.0,0.0,15,opponent,48
1.0,1.0,1.0,0.0,3.0,6.0,6.0,0.0,4.0,0.0,0.0,0.0,1.0,0.0,0.0,0.0,0.0,PLAY_SUPPORTER,0.4,0.0,1,opponent,49
2.0,0.9285714285714286,1.0,0.0,3.0,6.0,6.0,0.0,3.0,0.0,0.0,0.0,1.0,0.0,0.0,0.0,0.0,PLAY_SUPPORTER,0.4,0.0,2,opponent,49
3.0,0.7857142857142857,1.0,0.0,3.0,6.0,6.0,0.0,2.0,0.0,0.0,0.0,1.0,0.0,0.0,0.0,0.0,PLAY_SUPPORTER,0.4,0.0,3,opponent,49
4.0,0.6428571428571429,1.0,0.0,3.0,6.0,6.0,0.0,1.0,0.0,0.0,0.0,1.0,0.0,0.0,0.0,0.0,PLAY_SUPPORTER,0.4,0.0,4,opponent,49
5.0,0.6428571428571429,1.0,0.0,3.0,6.0,6.0,0.0,0.0,0.0,0.0,0.0,0.0,0.0,0.0,0.0,1.0,PASS_TURN,0.0,0.0,5,opponent,49
6.0,0.6428571428571429,1.0,0.0,3.0,6.0,6.0,0.0,0.0,0.0,0.0,0.0,0.0,0.0,0.0,0.0,1.0,PASS_TURN,0.0,0.0,6,opponent,49
7.0,0.6428571428571429,1.0,0.0,3.0,6.0,6.0,0.0,0.0,0.0,0.0,0.0,0.0,0.0,0.0,0.0,1.0,PASS_TURN,0.0,0.0,7,opponent,49
8.0,0.6428571428571429,1.0,0.0,3.0,6.0,6.0,0.0,0.0,0.0,0.0,0.0,0.0,0.0,0.0,0.0,1.0,PASS_TURN,0.0,0.0,8,opponent,49
9.0,0.6428571428571429,1.0,0.0,3.0,6.0,6.0,0.0,0.0,0.0,0.0,0.0,0.0,0.0,0.0,0.0,1.0,PASS_TURN,0.0,0.0,9,opponent,49
10.0,0.6428571428571429,1.0,0.0,3.0,6.0,6.0,0.0,0.0,0.0,0.0,0.0,0.0,0.0,0.0,0.0,1.0,PASS_TURN,0.0,0.0,10,opponent,49
11.0,0.6428571428571429,1.0,0.0,3.0,6.0,6.0,0.0,0.0,0.0,0.0,0.0,0.0,0.0,0.0,0.0,1.0,PASS_TURN,0.0,0.0,11,opponent,49
12.0,0.42857142857142855,1.0,0.0,3.0,6.0,6.0,0.0,0.0,0.0,0.0,0.0,0.0,0.0,0.0,0.0,1.0,PASS_TURN,0.0,0.0,12,opponent,49
13.0,0.21428571428571427,1.0,0.0,3.0,6.0,6.0,0.0,0.0,0.0,0.0,0.0,0.0,0.0,0.0,0.0,1.0,PASS_TURN,0.0,0.0,13,opponent,49
1.0,1.0,1.0,1.0,1.0,6.0,6.0,2.0,4.0,0.0,0.0,1.0,0.0,0.0,0.0,0.0,0.0,ATTACH_ENERGY,0.3,0.7000000000000001,1,opponent,50
2.0,0.5555555555555556,1.0,1.0,1.0,6.0,6.0,1.0,4.0,1.0,0.0,0.0,0.0,0.0,0.0,0.0,0.0,ATTACK,1.5,0.2999999999999998,2,opponent,50
3.0,0.4444444444444444,0.7,1.0,1.0,6.0,6.0,1.0,4.0,1.0,0.0,0.0,0.0,0.0,0.0,0.0,0.0,ATTACK,1.5,0.3,3,opponent,50
4.0,0.3333333333333333,0.4,1.0,1.0,6.0,6.0,1.0,4.0,1.0,0.0,0.0,0.0,0.0,0.0,0.0,0.0,ATTACK,1.5,0.30000000000000004,4,opponent,50
5.0,0.1111111111111111,0.1,1.0,1.0,6.0,6.0,1.0,4.0,1.0,0.0,0.0,0.0,0.0,0.0,0.0,0.0,ATTACK,6.5,-2.4000000000000004,5,opponent,50
6.0,1.0,1.0,0.0,0.0,5.0,5.0,1.0,4.0,0.0,0.0,0.0,1.0,0.0,0.0,0.0,0.0,PLAY_SUPPORTER,0.4,0.0,6,opponent,50
7.0,0.5714285714285714,1.0,0.0,0.0,5.0,5.0,1.0,3.0,0.0,0.0,0.0,1.0,0.0,0.0,0.0,0.0,PLAY_SUPPORTER,0.4,0.0,7,opponent,50
8.0,0.42857142857142855,1.0,0.0,0.0,5.0,5.0,1.0,2.0,0.0,0.0,0.0,1.0,0.0,0.0,0.0,0.0,PLAY_SUPPORTER,0.4,0.0,8,opponent,50
1.0,1.0,1.0,1.0,0.0,6.0,6.0,1.0,3.0,0.0,0.0,1.0,0.0,0.0,0.0,0.0,0.0,ATTACH_ENERGY,0.3,0.6999999999999997,1,opponent,51
2.0,0.7777777777777778,1.0,1.0,0.0,6.0,6.0,0.0,3.0,1.0,0.0,0.0,0.0,0.0,0.0,0.0,0.0,ATTACK,1.0,0.19999999999999973,2,opponent,51
3.0,0.3333333333333333,0.7142857142857143,1.0,0.0,6.0,6.0,0.0,3.0,0.0,0.0,0.0,1.0,0.0,0.0,0.0,0.0,PLAY_SUPPORTER,0.4,0.0,3,opponent,51
4.0,0.3333333333333333,0.7142857142857143,1.0,0.0,6.0,6.0,0.0,2.0,0.0,0.0,0.0,1.0,0.0,0.0,0.0,0.0,PLAY_SUPPORTER,0.4,0.0,4,opponent,51
5.0,0.3333333333333333,0.7142857142857143,1.0,0.0,6.0,6.0,0.0,1.0,1.0,0.0,0.0,0.0,0.0,0.0,0.0,0.0,ATTACK,1.0,0.19999999999999996,5,opponent,51
6.0,0.1111111111111111,0.42857142857142855,1.0,0.0,6.0,6.0,0.0,1.0,0.0,1.0,0.0,0.0,0.0,0.0,0.0,0.0,RETREAT,-0.1,0.0,6,opponent,51
7.0,0.7,0.42857142857142855,1.0,0.0,6.0,6.0,0.0,1.0,0.0,0.0,0.0,1.0,0.0,0.0,0.0,0.0,PLAY_SUPPORTER,0.4,0.0,7,opponent,51
8.0,0.4,0.42857142857142855,1.0,0.0,6.0,6.0,0.0,0.0,0.0,0.0,0.0,0.0,0.0,0.0,0.0,1.0,PASS_TURN,0.0,0.0,8,opponent,51
9.0,0.3,0.42857142857142855,1.0,0.0,6.0,6.0,0.0,0.0,0.0,0.0,0.0,0.0,0.0,0.0,0.0,1.0,PASS_TURN,0.0,0.0,9,opponent,51
10.0,0.1111111111111111,0.42857142857142855,0.0,0.0,6.0,5.0,0.0,0.0,1.0,0.0,0.0,0.0,0.0,0.0,0.0,0.0,ATTACK,1.0,0.20000000000000018,10,opponent,51
1.0,1.0,1.0,0.0,3.0,6.0,6.0,0.0,2.0,0.0,0.0,0.0,1.0,0.0,0.0,0.0,0.0,PLAY_SUPPORTER,0.4,0.0,1,opponent,52
2.0,1.0,1.0,0.0,3.0,6.0,6.0,0.0,1.0,0.0,0.0,0.0,1.0,0.0,0.0,0.0,0.0,PLAY_SUPPORTER,0.4,0.0,2,opponent,52
3.0,0.5555555555555556,1.0,0.0,3.0,6.0,6.0,0.0,0.0,0.0,0.0,0.0,0.0,0.0,0.0,0.0,1.0,PASS_TURN,0.0,0.0,3,opponent,52
4.0,0.5555555555555556,1.0,0.0,3.0,6.0,6.0,0.0,0.0,0.0,0.0,0.0,0.0,0.0,0.0,0.0,1.0,PASS_TURN,0.0,0.0,4,opponent,52
5.0,0.2222222222222222,1.0,0.0,3.0,6.0,6.0,0.0,0.0,0.0,0.0,0.0,0.0,0.0,0.0,0.0,1.0,PASS_TURN,0.0,0.0,5,opponent,52
1.0,1.0,1.0,0.0,2.0,6.0,6.0,2.0,6.0,0.0,0.0,1.0,0.0,0.0,0.0,0.0,0.0,ATTACH_ENERGY,0.3,0.6999999999999997,1,opponent,53
2.0,0.625,1.0,0.0,2.0,6.0,6.0,1.0,6.0,1.0,0.0,0.0,0.0,0.0,0.0,0.0,0.0,ATTACK,1.0,0.20000000000000018,2,opponent,53
3.0,0.25,0.6666666666666666,0.0,2.0,6.0,6.0,1.0,6.0,0.0,0.0,1.0,0.0,0.0,0.0,0.0,0.0,ATTACH_ENERGY,0.3,0.7000000000000004,3,opponent,53
4.0,0.25,0.6666666666666666,0.0,2.0,6.0,6.0,0.0,6.0,0.0,0.0,0.0,1.0,0.0,0.0,0.0,0.0,PLAY_SUPPORTER,0.4,0.0,4,opponent,53
1.0,1.0,1.0,3.0,3.0,6.0,6.0,2.0,7.0,0.0,0.0,1.0,0.0,0.0,0.0,0.0,0.0,ATTACH_ENERGY,0.3,0.7,1,opponent,54
2.0,0.7,1.0,3.0,3.0,6.0,6.0,1.0,7.0,0.0,1.0,0.0,0.0,0.0,0.0,0.0,0.0,RETREAT,-0.1,0.0,2,opponent,54
3.0,1.0,1.0,3.0,3.0,6.0,6.0,1.0,7.0,0.0,0.0,1.0,0.0,0.0,0.0,0.0,0.0,ATTACH_ENERGY,0.3,0.7,3,opponent,54
4.0,1.0,1.0,3.0,3.0,6.0,6.0,0.0,7.0,1.0,0.0,0.0,0.0,0.0,0.0,0.0,0.0,ATTACK,0.5,0.10000000000000009,4,opponent,54
5.0,0.75,0.9,3.0,3.0,6.0,6.0,0.0,7.0,1.0,0.0,0.0,0.0,0.0,0.0,0.0,0.0,ATTACK,0.5,0.09999999999999998,5,opponent,54
6.0,0.75,0.8,3.0,3.0,6.0,6.0,0.0,7.0,1.0,0.0,0.0,0.0,0.0,0.0,0.0,0.0,ATTACK,0.5,0.09999999999999998,6,opponent,54
7.0,0.375,0.7,3.0,3.0,6.0,6.0,0.0,7.0,1.0,0.0,0.0,0.0,0.0,0.0,0.0,0.0,ATTACK,0.5,0.09999999999999998,7,opponent,54
8.0,1.0,0.6,2.0,3.0,6.0,5.0,0.0,7.0,0.0,0.0,0.0,1.0,0.0,0.0,0.0,0.0,PLAY_SUPPORTER,0.4,0.0,8,opponent,54
9.0,1.0,0.6,2.0,3.0,6.0,5.0,0.0,6.0,0.0,0.0,0.0,1.0,0.0,0.0,0.0,0.0,PLAY_SUPPORTER,0.4,0.0,9,opponent,54
10.0,0.7,0.6,2.0,3.0,6.0,5.0,0.0,5.0,0.0,1.0,0.0,0.0,0.0,0.0,0.0,0.0,RETREAT,-0.1,0.0,10,opponent,54
11.0,0.3,0.6,2.0,3.0,6.0,5.0,0.0,5.0,0.0,0.0,0.0,1.0,0.0,0.0,0.0,0.0,PLAY_SUPPORTER,0.4,0.0,11,opponent,54
12.0,0.7,0.6,1.0,3.0,6.0,4.0,0.0,4.0,0.0,0.0,0.0,1.0,0.0,0.0,0.0,0.0,PLAY_SUPPORTER,0.4,0.0,12,opponent,54
13.0,0.3,0.6,1.0,3.0,6.0,4.0,0.0,3.0,0.0,0.0,0.0,1.0,0.0,0.0,0.0,0.0,PLAY_SUPPORTER,0.4,0.0,13,opponent,54
14.0,0.3,0.6,1.0,3.0,6.0,4.0,0.0,2.0,0.0,0.0,0.0,1.0,0.0,0.0,0.0,0.0,PLAY_SUPPORTER,0.4,0.0,14,opponent,54
15.0,0.3,0.6,1.0,3.0,6.0,4.0,0.0,1.0,0.0,0.0,0.0,1.0,0.0,0.0,0.0,0.0,PLAY_SUPPORTER,0.4,0.0,15,opponent,54
16.0,0.1,0.6,1.0,3.0,6.0,4.0,0.0,0.0,0.0,1.0,0.0,0.0,0.0,0.0,0.0,0.0,RETREAT,-0.1,0.0,16,opponent,54
17.0,0.8333333333333334,0.6,1.0,3.0,6.0,4.0,0.0,0.0,0.0,0.0,0.0,0.0,0.0,0.0,0.0,1.0,PASS_TURN,0.0,0.0,17,opponent,54
18.0,0.5833333333333334,0.6,1.0,3.0,6.0,4.0,0.0,0.0,0.0,1.0,0.0,0.0,0.0,0.0,0.0,0.0,RETREAT,-0.1,0.0,18,opponent,54
19.0,0.5833333333333334,0.6,0.0,3.0,6.0,3.0,0.0,0.0,0.0,0.0,0.0,0.0,0.0,0.0,0.0,1.0,PASS_TURN,0.0,0.0,19,opponent,54
20.0,0.5,0.6,0.0,3.0,6.0,3.0,0.0,0.0,0.0,0.0,0.0,0.0,0.0,0.0,0.0,1.0,PASS_TURN,0.0,0.0,20,opponent,54
21.0,0.16666666666666666,0.6,0.0,3.0,6.0,3.0,0.0,0.0,0.0,0.0,0.0,0.0,0.0,0.0,0.0,1.0,PASS_TURN,0.0,0.0,21,opponent,54
1.0,1.0,1.0,3.0,1.0,6.0,6.0,1.0,7.0,0.0,0.0,1.0,0.0,0.0,0.0,0.0,0.0,ATTACH_ENERGY,0.3,0.6999999999999993,1,opponent,55
2.0,1.0,1.0,3.0,1.0,6.0,6.0,0.0,7.0,1.0,0.0,0.0,0.0,0.0,0.0,0.0,0.0,ATTACK,0.5,0.10000000000000053,2,opponent,55
3.0,0.5,0.8333333333333334,3.0,1.0,6.0,6.0,0.0,7.0,1.0,0.0,0.0,0.0,0.0,0.0,0.0,0.0,ATTACK,0.5,0.09999999999999964,3,opponent,55
4.0,0.125,0.6666666666666666,3.0,1.0,6.0,6.0,0.0,7.0,0.0,1.0,0.0,0.0,0.0,0.0,0.0,0.0,RETREAT,-0.1,0.0,4,opponent,55
5.0,0.625,0.6666666666666666,3.0,1.0,6.0,6.0,0.0,7.0,0.0,0.0,0.0,1.0,0.0,0.0,0.0,0.0,PLAY_SUPPORTER,0.4,0.0,5,opponent,55
6.0,0.25,0.6666666666666666,3.0,1.0,6.0,6.0,0.0,6.0,0.0,1.0,0.0,0.0,0.0,0.0,0.0,0.0,RETREAT,-0.1,0.0,6,opponent,55
7.0,0.25,0.6666666666666666,2.0,1.0,6.0,5.0,0.0,6.0,0.0,1.0,0.0,0.0,0.0,0.0,0.0,0.0,RETREAT,-0.1,0.0,7,opponent,55
8.0,0.7142857142857143,0.6666666666666666,2.0,1.0,6.0,5.0,0.0,6.0,0.0,0.0,0.0,1.0,0.0,0.0,0.0,0.0,PLAY_SUPPORTER,0.4,0.0,8,opponent,55
9.0,0.42857142857142855,0.6666666666666666,2.0,1.0,6.0,5.0,0.0,5.0,0.0,0.0,0.0,1.0,0.0,0.0,0.0,0.0,PLAY_SUPPORTER,0.4,0.0,9,opponent,55
10.0,0.2857142857142857,0.6666666666666666,2.0,1.0,6.0,5.0,0.0,4.0,0.0,1.0,0.0,0.0,0.0,0.0,0.0,0.0,RETREAT,-0.1,0.0,10,opponent,55
11.0,0.125,0.6666666666666666,2.0,1.0,6.0,5.0,0.0,4.0,0.0,1.0,0.0,0.0,0.0,0.0,0.0,0.0,RETREAT,-0.1,0.0,11,opponent,55
12.0,0.2857142857142857,0.6666666666666666,2.0,1.0,6.0,5.0,0.0,4.0,0.0,1.0,0.0,0.0,0.0,0.0,0.0,0.0,RETREAT,-0.1,0.0,12,opponent,55
13.0,0.2857142857142857,0.6666666666666666,1.0,1.0,6.0,4.0,0.0,4.0,0.0,1.0,0.0,0.0,0.0,0.0,0.0,0.0,RETREAT,-0.1,0.0,13,opponent,55
14.0,0.5,0.6666666666666666,1.0,1.0,6.0,4.0,0.0,4.0,0.0,0.0,0.0,1.0,0.0,0.0,0.0,0.0,PLAY_SUPPORTER,0.4,0.0,14,opponent,55
15.0,0.5,0.6666666666666666,1.0,1.0,6.0,4.0,0.0,3.0,0.0,0.0,0.0,1.0,0.0,0.0,0.0,0.0,PLAY_SUPPORTER,0.4,0.0,15,opponent,55
16.0,0.2857142857142857,0.6666666666666666,0.0,1.0,6.0,3.0,0.0,2.0,0.0,0.0,0.0,1.0,0.0,0.0,0.0,0.0,PLAY_SUPPORTER,0.4,0.0,16,opponent,55
17.0,0.21428571428571427,0.6666666666666666,0.0,1.0,6.0,3.0,0.0,1.0,0.0,0.0,0.0,1.0,0.0,0.0,0.0,0.0,PLAY_SUPPORTER,0.4,0.0,17,opponent,55
1.0,1.0,1.0,1.0,2.0,6.0,6.0,1.0,6.0,0.0,0.0,1.0,0.0,0.0,0.0,0.0,0.0,ATTACH_ENERGY,0.3,0.7000000000000001,1,opponent,56
2.0,0.7857142857142857,1.0,1.0,2.0,6.0,6.0,0.0,6.0,1.0,0.0,0.0,0.0,0.0,0.0,0.0,0.0,ATTACK,1.5,0.30000000000000004,2,opponent,56
3.0,0.5,0.6666666666666666,1.0,2.0,6.0,6.0,0.0,6.0,1.0,0.0,0.0,0.0,0.0,0.0,0.0,0.0,ATTACK,1.5,0.2999999999999998,3,opponent,56
4.0,0.21428571428571427,0.3333333333333333,1.0,2.0,6.0,6.0,0.0,6.0,1.0,0.0,0.0,0.0,0.0,0.0,0.0,0.0,ATTACK,6.5,-2.2000000000000006,4,opponent,56
5.0,1.0,1.0,0.0,1.0,5.0,5.0,0.0,6.0,0.0,0.0,0.0,1.0,0.0,0.0,0.0,0.0,PLAY_SUPPORTER,0.4,0.0,5,opponent,56
6.0,0.7142857142857143,1.0,0.0,1.0,5.0,5.0,0.0,5.0,0.0,0.0,0.0,1.0,0.0,0.0,0.0,0.0,PLAY_SUPPORTER,0.4,0.0,6,opponent,56
7.0,0.5,1.0,0.0,1.0,5.0,5.0,0.0,4.0,0.0,0.0,0.0,1.0,0.0,0.0,0.0,0.0,PLAY_SUPPORTER,0.4,0.0,7,opponent,56
8.0,0.42857142857142855,1.0,0.0,1.0,5.0,5.0,0.0,3.0,0.0,0.0,0.0,1.0,0.0,0.0,0.0,0.0,PLAY_SUPPORTER,0.4,0.0,8,opponent,56
9.0,0.21428571428571427,1.0,0.0,1.0,5.0,5.0,0.0,2.0,0.0,0.0,0.0,1.0,0.0,0.0,0.0,0.0,PLAY_SUPPORTER,0.4,0.0,9,opponent,56
1.0,1.0,1.0,1.0,3.0,6.0,6.0,2.0,6.0,0.0,0.0,0.0,0.0,1.0,0.0,0.0,0.0,PLAY_BASIC_TO_BENCH,0.2,1.6,1,opponent,57
2.0,0.8333333333333334,1.0,2.0,3.0,6.0,6.0,2.0,5.0,0.0,0.0,1.0,0.0,0.0,0.0,0.0,0.0,ATTACH_ENERGY,0.3,0.7000000000000002,2,opponent,57
3.0,0.75,1.0,2.0,3.0,6.0,6.0,1.0,5.0,0.0,0.0,1.0,0.0,0.0,0.0,0.0,0.0,ATTACH_ENERGY,0.3,0.7,3,opponent,57
4.0,0.6666666666666666,1.0,2.0,3.0,6.0,6.0,0.0,5.0,1.0,0.0,0.0,0.0,0.0,0.0,0.0,0.0,ATTACK,0.5,0.10000000000000009,4,opponent,57
5.0,0.6666666666666666,0.8571428571428571,2.0,3.0,6.0,6.0,0.0,5.0,1.0,0.0,0.0,0.0,0.0,0.0,0.0,0.0,ATTACK,0.5,0.10000000000000009,5,opponent,57
6.0,0.3333333333333333,0.7142857142857143,2.0,3.0,6.0,6.0,0.0,5.0,0.0,0.0,0.0,1.0,0.0,0.0,0.0,0.0,PLAY_SUPPORTER,0.4,0.0,6,opponent,57
7.0,0.3333333333333333,0.7142857142857143,2.0,3.0,6.0,6.0,0.0,4.0,0.0,0.0,0.0,0.0,0.0,0.0,0.0,1.0,PASS_TURN,0.0,0.0,7,opponent,57
8.0,0.16666666666666666,0.7142857142857143,2.0,3.0,6.0,6.0,0.0,4.0,0.0,1.0,0.0,0.0,0.0,0.0,0.0,0.0,RETREAT,-0.1,0.0,8,opponent,57
9.0,0.6666666666666666,0.7142857142857143,2.0,3.0,6.0,6.0,0.0,4.0,0.0,1.0,0.0,0.0,0.0,0.0,0.0,0.0,RETREAT,-0.1,0.0,9,opponent,57
10.0,0.08333333333333333,0.7142857142857143,2.0,3.0,6.0,6.0,0.0,4.0,0.0,1.0,0.0,0.0,0.0,0.0,0.0,0.0,RETREAT,-0.1,0.0,10,opponent,57
11.0,0.6666666666666666,0.7142857142857143,2.0,3.0,6.0,6.0,0.0,4.0,0.0,0.0,0.0,1.0,0.0,0.0,0.0,0.0,PLAY_SUPPORTER,0.4,0.0,11,opponent,57
12.0,0.4166666666666667,0.7142857142857143,2.0,3.0,6.0,6.0,0.0,3.0,0.0,0.0,0.0,1.0,0.0,0.0,0.0,0.0,PLAY_SUPPORTER,0.4,0.0,12,opponent,57
13.0,0.4166666666666667,0.7142857142857143,2.0,3.0,6.0,6.0,0.0,2.0,0.0,0.0,0.0,1.0,0.0,0.0,0.0,0.0,PLAY_SUPPORTER,0.4,0.0,13,opponent,57
14.0,0.3333333333333333,0.7142857142857143,2.0,3.0,6.0,6.0,0.0,1.0,0.0,0.0,0.0,1.0,0.0,0.0,0.0,0.0,PLAY_SUPPORTER,0.4,0.0,14,opponent,57
15.0,0.08333333333333333,0.7142857142857143,1.0,3.0,6.0,5.0,0.0,0.0,0.0,1.0,0.0,0.0,0.0,0.0,0.0,0.0,RETREAT,-0.1,0.0,15,opponent,57
16.0,0.5714285714285714,0.7142857142857143,1.0,3.0,6.0,5.0,0.0,0.0,0.0,0.0,0.0,0.0,0.0,0.0,0.0,1.0,PASS_TURN,0.0,0.0,16,opponent,57
17.0,0.08333333333333333,0.7142857142857143,0.0,3.0,6.0,4.0,0.0,0.0,0.0,0.0,0.0,0.0,0.0,0.0,0.0,1.0,PASS_TURN,0.0,0.0,17,opponent,57
18.0,0.08333333333333333,0.7142857142857143,0.0,3.0,6.0,4.0,0.0,0.0,0.0,0.0,0.0,0.0,0.0,0.0,0.0,1.0,PASS_TURN,0.0,0.0,18,opponent,57
1.0,1.0,1.0,2.0,1.0,6.0,6.0,1.0,7.0,0.0,0.0,1.0,0.0,0.0,0.0,0.0,0.0,ATTACH_ENERGY,0.3,0.7000000000000002,1,opponent,58
2.0,0.8333333333333334,1.0,2.0,1.0,6.0,6.0,0.0,7.0,1.0,0.0,0.0,0.0,0.0,0.0,0.0,0.0,ATTACK,0.5,0.10000000000000053,2,opponent,58
3.0,0.75,0.8888888888888888,2.0,1.0,6.0,6.0,0.0,7.0,1.0,0.0,0.0,0.0,0.0,0.0,0.0,0.0,ATTACK,0.5,0.10000000000000053,3,opponent,58
4.0,0.75,0.7777777777777778,2.0,1.0,6.0,6.0,0.0,7.0,1.0,0.0,0.0,0.0,0.0,0.0,0.0,0.0,ATTACK,0.5,0.09999999999999964,4,opponent,58
5.0,0.4166666666666667,0.6666666666666666,2.0,1.0,6.0,6.0,0.0,7.0,1.0,0.0,0.0,0.0,0.0,0.0,0.0,0.0,ATTACK,0.5,0.09999999999999987,5,opponent,58
6.0,0.08333333333333333,0.5555555555555556,2.0,1.0,6.0,6.0,0.0,7.0,0.0,1.0,0.0,0.0,0.0,0.0,0.0,0.0,RETREAT,-0.1,0.0,6,opponent,58
7.0,0.875,0.5555555555555556,2.0,1.0,6.0,6.0,0.0,7.0,0.0,0.0,0.0,1.0,0.0,0.0,0.0,0.0,PLAY_SUPPORTER,0.4,0.0,7,opponent,58
8.0,0.875,0.5555555555555556,2.0,1.0,6.0,6.0,0.0,6.0,0.0,0.0,0.0,1.0,0.0,0.0,0.0,0.0,PLAY_SUPPORTER,0.4,0.0,8,opponent,58
9.0,0.625,0.5555555555555556,2.0,1.0,6.0,6.0,0.0,5.0,0.0,0.0,0.0,1.0,0.0,0.0,0.0,0.0,PLAY_SUPPORTER,0.4,0.0,9,opponent,58
10.0,0.5,0.5555555555555556,2.0,1.0,6.0,6.0,0.0,4.0,0.0,0.0,0.0,1.0,0.0,0.0,0.0,0.0,PLAY_SUPPORTER,0.4,0.0,10,opponent,58
11.0,0.375,0.5555555555555556,2.0,1.0,6.0,6.0,0.0,3.0,0.0,0.0,0.0,1.0,0.0,0.0,0.0,0.0,PLAY_SUPPORTER,0.4,0.0,11,opponent,58
12.0,0.125,0.5555555555555556,2.0,1.0,6.0,6.0,0.0,2.0,0.0,1.0,0.0,0.0,0.0,0.0,0.0,0.0,RETREAT,-0.1,0.0,12,opponent,58
13.0,0.125,0.5555555555555556,1.0,1.0,6.0,5.0,0.0,2.0,0.0,1.0,0.0,0.0,0.0,0.0,0.0,0.0,RETREAT,-0.1,0.0,13,opponent,58
14.0,0.625,0.5555555555555556,1.0,1.0,6.0,5.0,0.0,2.0,0.0,0.0,0.0,1.0,0.0,0.0,0.0,0.0,PLAY_SUPPORTER,0.4,0.0,14,opponent,58
15.0,0.625,0.5555555555555556,1.0,1.0,6.0,5.0,0.0,1.0,0.0,0.0,0.0,1.0,0.0,0.0,0.0,0.0,PLAY_SUPPORTER,0.4,0.0,15,opponent,58
16.0,0.125,0.5555555555555556,1.0,1.0,6.0,5.0,0.0,0.0,0.0,1.0,0.0,0.0,0.0,0.0,0.0,0.0,RETREAT,-0.1,0.0,16,opponent,58
17.0,0.125,0.5555555555555556,0.0,1.0,6.0,4.0,0.0,0.0,0.0,0.0,0.0,0.0,0.0,0.0,0.0,1.0,PASS_TURN,0.0,0.0,17,opponent,58
1.0,1.0,1.0,2.0,3.0,6.0,6.0,3.0,7.0,0.0,0.0,1.0,0.0,0.0,0.0,0.0,0.0,ATTACH_ENERGY,0.3,0.7000000000000002,1,opponent,59
2.0,0.6666666666666666,1.0,2.0,3.0,6.0,6.0,2.0,7.0,1.0,0.0,0.0,0.0,0.0,0.0,0.0,0.0,ATTACK,1.5,0.30000000000000004,2,opponent,59
3.0,0.6666666666666666,0.7857142857142857,2.0,3.0,6.0,6.0,2.0,7.0,1.0,0.0,0.0,0.0,0.0,0.0,0.0,0.0,ATTACK,1.5,0.30000000000000027,3,opponent,59
4.0,0.2222222222222222,0.5714285714285714,2.0,3.0,6.0,6.0,2.0,7.0,1.0,0.0,0.0,0.0,0.0,0.0,0.0,0.0,ATTACK,1.5,0.2999999999999998,4,opponent,59
5.0,0.1111111111111111,0.35714285714285715,2.0,3.0,6.0,6.0,2.0,7.0,1.0,0.0,0.0,0.0,0.0,0.0,0.0,0.0,ATTACK,1.5,0.30000000000000004,5,opponent,59
6.0,1.0,0.14285714285714285,1.0,3.0,6.0,5.0,2.0,7.0,0.0,0.0,0.0,1.0,0.0,0.0,0.0,0.0,PLAY_SUPPORTER,0.4,0.0,6,opponent,59
7.0,0.625,0.14285714285714285,1.0,3.0,6.0,5.0,2.0,6.0,0.0,0.0,0.0,1.0,0.0,0.0,0.0,0.0,PLAY_SUPPORTER,0.4,0.0,7,opponent,59
8.0,0.125,0.14285714285714285,1.0,3.0,6.0,5.0,2.0,5.0,0.0,1.0,0.0,0.0,0.0,0.0,0.0,0.0,RETREAT,-0.1,0.0,8,opponent,59
9.0,0.9285714285714286,0.14285714285714285,1.0,3.0,6.0,5.0,2.0,5.0,0.0,0.0,0.0,1.0,0.0,0.0,0.0,0.0,PLAY_SUPPORTER,0.4,0.0,9,opponent,59
10.0,0.7142857142857143,0.14285714285714285,1.0,3.0,6.0,5.0,2.0,4.0,0.0,0.0,0.0,0.0,1.0,0.0,0.0,0.0,PLAY_BASIC_TO_BENCH,0.2,1.3,10,opponent,59
11.0,0.7142857142857143,0.14285714285714285,2.0,3.0,6.0,5.0,2.0,3.0,0.0,0.0,0.0,1.0,0.0,0.0,0.0,0.0,PLAY_SUPPORTER,0.4,0.0,11,opponent,59
12.0,0.7142857142857143,0.14285714285714285,2.0,3.0,6.0,5.0,2.0,2.0,0.0,0.0,0.0,1.0,0.0,0.0,0.0,0.0,PLAY_SUPPORTER,0.4,0.0,12,opponent,59
13.0,0.6428571428571429,0.14285714285714285,2.0,3.0,6.0,5.0,2.0,1.0,0.0,0.0,0.0,1.0,0.0,0.0,0.0,0.0,PLAY_SUPPORTER,0.4,0.0,13,opponent,59
14.0,0.5,0.14285714285714285,2.0,3.0,6.0,5.0,2.0,0.0,0.0,0.0,1.0,0.0,0.0,0.0,0.0,0.0,ATTACH_ENERGY,0.3,0.30000000000000004,14,opponent,59
15.0,0.2857142857142857,0.14285714285714285,2.0,3.0,6.0,5.0,1.0,0.0,1.0,0.0,0.0,0.0,0.0,0.0,0.0,0.0,ATTACK,6.0,-2.3000000000000003,15,opponent,59
16.0,0.21428571428571427,1.0,2.0,2.0,5.0,5.0,1.0,0.0,0.0,1.0,0.0,0.0,0.0,0.0,0.0,0.0,RETREAT,-0.1,0.0,16,opponent,59
17.0,0.21428571428571427,1.0,1.0,2.0,5.0,4.0,1.0,0.0,0.0,1.0,0.0,0.0,0.0,0.0,0.0,0.0,RETREAT,-0.1,0.0,17,opponent,59
18.0,0.875,1.0,1.0,2.0,5.0,4.0,1.0,0.0,0.0,0.0,1.0,0.0,0.0,0.0,0.0,0.0,ATTACH_ENERGY,0.3,0.3,18,opponent,59
19.0,0.875,1.0,1.0,2.0,5.0,4.0,0.0,0.0,0.0,1.0,0.0,0.0,0.0,0.0,0.0,0.0,RETREAT,-0.1,0.0,19,opponent,59
20.0,0.14285714285714285,1.0,1.0,2.0,5.0,4.0,0.0,0.0,0.0,1.0,0.0,0.0,0.0,0.0,0.0,0.0,RETREAT,-0.1,0.0,20,opponent,59
21.0,0.625,1.0,1.0,2.0,5.0,4.0,0.0,0.0,1.0,0.0,0.0,0.0,0.0,0.0,0.0,0.0,ATTACK,1.5,0.30000000000000027,21,opponent,59
22.0,0.375,0.75,1.0,2.0,5.0,4.0,0.0,0.0,1.0,0.0,0.0,0.0,0.0,0.0,0.0,0.0,ATTACK,1.5,0.30000000000000027,22,opponent,59
23.0,0.375,0.5,1.0,2.0,5.0,4.0,0.0,0.0,0.0,0.0,0.0,0.0,0.0,0.0,0.0,1.0,PASS_TURN,0.0,0.0,23,opponent,59
24.0,0.25,0.5,1.0,2.0,5.0,4.0,0.0,0.0,1.0,0.0,0.0,0.0,0.0,0.0,0.0,0.0,ATTACK,1.5,0.2999999999999998,24,opponent,59
25.0,0.14285714285714285,0.25,0.0,2.0,5.0,3.0,0.0,0.0,1.0,0.0,0.0,0.0,0.0,0.0,0.0,0.0,ATTACK,1.0,0.19999999999999973,25,opponent,59
1.0,1.0,1.0,2.0,3.0,6.0,6.0,1.0,2.0,0.0,0.0,1.0,0.0,0.0,0.0,0.0,0.0,ATTACH_ENERGY,0.3,0.7000000000000002,1,opponent,60
2.0,0.75,1.0,2.0,3.0,6.0,6.0,0.0,2.0,1.0,0.0,0.0,0.0,0.0,0.0,0.0,0.0,ATTACK,1.5,0.30000000000000004,2,opponent,60
3.0,0.6666666666666666,0.7,2.0,3.0,6.0,6.0,0.0,2.0,1.0,0.0,0.0,0.0,0.0,0.0,0.0,0.0,ATTACK,1.5,0.30000000000000004,3,opponent,60
4.0,0.4166666666666667,0.4,2.0,3.0,6.0,6.0,0.0,2.0,1.0,0.0,0.0,0.0,0.0,0.0,0.0,0.0,ATTACK,1.5,0.30000000000000004,4,opponent,60
5.0,0.4166666666666667,0.1,2.0,3.0,6.0,6.0,0.0,2.0,1.0,0.0,0.0,0.0,0.0,0.0,0.0,0.0,ATTACK,6.5,-2.4,5,opponent,60
6.0,0.08333333333333333,1.0,2.0,2.0,5.0,6.0,0.0,2.0,1.0,0.0,0.0,0.0,0.0,0.0,0.0,0.0,ATTACK,1.5,0.30000000000000004,6,opponent,60
7.0,1.0,0.625,1.0,2.0,5.0,5.0,0.0,2.0,0.0,0.0,0.0,1.0,0.0,0.0,0.0,0.0,PLAY_SUPPORTER,0.4,0.0,7,opponent,60
8.0,0.9285714285714286,0.625,1.0,2.0,5.0,5.0,0.0,1.0,0.0,0.0,0.0,1.0,0.0,0.0,0.0,0.0,PLAY_SUPPORTER,0.4,0.0,8,opponent,60
9.0,0.7142857142857143,0.625,1.0,2.0,5.0,5.0,0.0,0.0,0.0,0.0,0.0,0.0,0.0,0.0,0.0,1.0,PASS_TURN,0.0,0.0,9,opponent,60
10.0,0.5,0.625,1.0,2.0,5.0,5.0,0.0,0.0,0.0,0.0,0.0,0.0,0.0,0.0,0.0,1.0,PASS_TURN,0.0,0.0,10,opponent,60
11.0,0.5,0.625,1.0,2.0,5.0,5.0,0.0,0.0,0.0,0.0,0.0,0.0,0.0,0.0,0.0,1.0,PASS_TURN,0.0,0.0,11,opponent,60
12.0,0.2857142857142857,0.625,1.0,2.0,5.0,5.0,0.0,0.0,0.0,1.0,0.0,0.0,0.0,0.0,0.0,0.0,RETREAT,-0.1,0.0,12,opponent,60
13.0,0.8333333333333334,0.625,1.0,2.0,5.0,5.0,0.0,0.0,0.0,0.0,0.0,0.0,0.0,0.0,0.0,1.0,PASS_TURN,0.0,0.0,13,opponent,60
14.0,0.75,0.625,1.0,2.0,5.0,5.0,0.0,0.0,0.0,0.0,0.0,0.0,0.0,0.0,0.0,1.0,PASS_TURN,0.0,0.0,14,opponent,60
15.0,0.6666666666666666,0.625,1.0,2.0,5.0,5.0,0.0,0.0,0.0,0.0,0.0,0.0,0.0,0.0,0.0,1.0,PASS_TURN,0.0,0.0,15,opponent,60
16.0,0.3333333333333333,0.625,1.0,2.0,5.0,5.0,0.0,0.0,0.0,0.0,0.0,0.0,0.0,0.0,0.0,1.0,PASS_TURN,0.0,0.0,16,opponent,60
17.0,0.3333333333333333,0.625,1.0,2.0,5.0,5.0,0.0,0.0,0.0,0.0,0.0,0.0,0.0,0.0,0.0,1.0,PASS_TURN,0.0,0.0,17,opponent,60
18.0,0.2857142857142857,0.625,0.0,2.0,5.0,4.0,0.0,0.0,0.0,0.0,0.0,0.0,0.0,0.0,0.0,1.0,PASS_TURN,0.0,0.0,18,opponent,60
19.0,0.07142857142857142,0.625,0.0,2.0,5.0,4.0,0.0,0.0,0.0,0.0,0.0,0.0,0.0,0.0,0.0,1.0,PASS_TURN,0.0,0.0,19,opponent,60
1.0,1.0,1.0,2.0,2.0,6.0,6.0,2.0,5.0,0.0,1.0,0.0,0.0,0.0,0.0,0.0,0.0,RETREAT,-0.1,0.0,1,opponent,61
2.0,0.9,1.0,2.0,2.0,6.0,6.0,2.0,5.0,0.0,0.0,1.0,0.0,0.0,0.0,0.0,0.0,ATTACH_ENERGY,0.3,0.7,2,opponent,61
3.0,0.9,1.0,2.0,2.0,6.0,6.0,1.0,5.0,1.0,0.0,0.0,0.0,0.0,0.0,0.0,0.0,ATTACK,1.0,0.20000000000000018,3,opponent,61
4.0,0.8,0.7142857142857143,2.0,2.0,6.0,6.0,1.0,5.0,0.0,1.0,0.0,0.0,0.0,0.0,0.0,0.0,RETREAT,-0.1,0.0,4,opponent,61
5.0,1.0,0.7142857142857143,2.0,2.0,6.0,6.0,1.0,5.0,0.0,0.0,0.0,1.0,0.0,0.0,0.0,0.0,PLAY_SUPPORTER,0.4,0.0,5,opponent,61
6.0,0.8571428571428571,0.7142857142857143,2.0,2.0,6.0,6.0,1.0,4.0,0.0,0.0,0.0,1.0,0.0,0.0,0.0,0.0,PLAY_SUPPORTER,0.4,0.0,6,opponent,61
7.0,0.6428571428571429,0.7142857142857143,2.0,2.0,6.0,6.0,1.0,3.0,0.0,0.0,0.0,0.0,0.0,0.0,0.0,1.0,PASS_TURN,0.0,0.0,7,opponent,61
8.0,0.5714285714285714,0.7142857142857143,2.0,2.0,6.0,6.0,1.0,3.0,0.0,0.0,0.0,1.0,0.0,0.0,0.0,0.0,PLAY_SUPPORTER,0.4,0.0,8,opponent,61
9.0,0.35714285714285715,0.7142857142857143,2.0,2.0,6.0,6.0,1.0,2.0,0.0,0.0,0.0,1.0,0.0,0.0,0.0,0.0,PLAY_SUPPORTER,0.4,0.0,9,opponent,61
10.0,0.07142857142857142,0.7142857142857143,2.0,2.0,6.0,6.0,1.0,1.0,0.0,0.0,0.0,1.0,0.0,0.0,0.0,0.0,PLAY_SUPPORTER,0.4,0.0,10,opponent,61
11.0,0.8,0.7142857142857143,1.0,2.0,6.0,5.0,1.0,0.0,1.0,0.0,0.0,0.0,0.0,0.0,0.0,0.0,ATTACK,1.0,0.19999999999999973,11,opponent,61
12.0,0.8,0.42857142857142855,1.0,2.0,6.0,5.0,1.0,0.0,1.0,0.0,0.0,0.0,0.0,0.0,0.0,0.0,ATTACK,1.0,0.20000000000000018,12,opponent,61
13.0,0.6,0.14285714285714285,1.0,2.0,6.0,5.0,1.0,0.0,1.0,0.0,0.0,0.0,0.0,0.0,0.0,0.0,ATTACK,6.0,-2.4,13,opponent,61
14.0,0.4,1.0,1.0,1.0,5.0,5.0,1.0,0.0,0.0,0.0,1.0,0.0,0.0,0.0,0.0,0.0,ATTACH_ENERGY,0.3,0.3,14,opponent,61
15.0,1.0,1.0,0.0,1.0,5.0,4.0,0.0,0.0,0.0,0.0,0.0,0.0,0.0,0.0,0.0,1.0,PASS_TURN,0.0,0.0,15,opponent,61
16.0,0.8888888888888888,1.0,0.0,1.0,5.0,4.0,0.0,0.0,0.0,0.0,0.0,0.0,0.0,0.0,0.0,1.0,PASS_TURN,0.0,0.0,16,opponent,61
17.0,0.7777777777777778,1.0,0.0,1.0,5.0,4.0,0.0,0.0,0.0,0.0,0.0,0.0,0.0,0.0,0.0,1.0,PASS_TURN,0.0,0.0,17,opponent,61
18.0,0.7777777777777778,1.0,0.0,1.0,5.0,4.0,0.0,0.0,0.0,0.0,0.0,0.0,0.0,0.0,0.0,1.0,PASS_TURN,0.0,0.0,18,opponent,61
19.0,0.3333333333333333,1.0,0.0,1.0,5.0,4.0,0.0,0.0,0.0,0.0,0.0,0.0,0.0,0.0,0.0,1.0,PASS_TURN,0.0,0.0,19,opponent,61
20.0,0.2222222222222222,1.0,0.0,1.0,5.0,4.0,0.0,0.0,0.0,0.0,0.0,0.0,0.0,0.0,0.0,1.0,PASS_TURN,0.0,0.0,20,opponent,61
1.0,1.0,1.0,1.0,0.0,6.0,6.0,3.0,3.0,0.0,0.0,1.0,0.0,0.0,0.0,0.0,0.0,ATTACH_ENERGY,0.3,0.6999999999999997,1,me,62
2.0,0.8333333333333334,1.0,1.0,0.0,6.0,6.0,2.0,3.0,0.0,0.0,1.0,0.0,0.0,0.0,0.0,0.0,ATTACH_ENERGY,0.3,0.7000000000000002,2,me,62
3.0,0.5833333333333334,1.0,1.0,0.0,6.0,6.0,1.0,3.0,0.0,0.0,1.0,0.0,0.0,0.0,0.0,0.0,ATTACH_ENERGY,0.3,0.6999999999999997,3,me,62
4.0,0.5833333333333334,1.0,1.0,0.0,6.0,6.0,0.0,3.0,1.0,0.0,0.0,0.0,0.0,0.0,0.0,0.0,ATTACK,3.5,0.7000000000000006,4,me,62
5.0,0.4166666666666667,0.125,1.0,0.0,6.0,6.0,0.0,3.0,1.0,0.0,0.0,0.0,0.0,0.0,0.0,0.0,ATTACK,8.5,-2.8999999999999995,5,me,62
1.0,1.0,1.0,3.0,1.0,6.0,6.0,0.0,6.0,0.0,1.0,0.0,0.0,0.0,0.0,0.0,0.0,RETREAT,-0.1,0.0,1,opponent,63
2.0,0.8333333333333334,1.0,3.0,1.0,6.0,6.0,0.0,6.0,0.0,0.0,0.0,1.0,0.0,0.0,0.0,0.0,PLAY_SUPPORTER,0.4,0.0,2,opponent,63
3.0,0.5,1.0,3.0,1.0,6.0,6.0,0.0,5.0,0.0,0.0,0.0,1.0,0.0,0.0,0.0,0.0,PLAY_SUPPORTER,0.4,0.0,3,opponent,63
4.0,1.0,1.0,2.0,1.0,6.0,5.0,0.0,4.0,0.0,0.0,0.0,1.0,0.0,0.0,0.0,0.0,PLAY_SUPPORTER,0.4,0.0,4,opponent,63
5.0,0.6666666666666666,1.0,2.0,1.0,6.0,5.0,0.0,3.0,0.0,0.0,0.0,1.0,0.0,0.0,0.0,0.0,PLAY_SUPPORTER,0.4,0.0,5,opponent,63
6.0,0.5555555555555556,1.0,2.0,1.0,6.0,5.0,0.0,2.0,0.0,0.0,0.0,1.0,0.0,0.0,0.0,0.0,PLAY_SUPPORTER,0.4,0.0,6,opponent,63
7.0,0.5555555555555556,1.0,2.0,1.0,6.0,5.0,0.0,1.0,0.0,0.0,0.0,1.0,0.0,0.0,0.0,0.0,PLAY_SUPPORTER,0.4,0.0,7,opponent,63
8.0,0.5555555555555556,1.0,2.0,1.0,6.0,5.0,0.0,0.0,0.0,0.0,0.0,0.0,0.0,0.0,0.0,1.0,PASS_TURN,0.0,0.0,8,opponent,63
9.0,0.5555555555555556,1.0,2.0,1.0,6.0,5.0,0.0,0.0,0.0,0.0,0.0,0.0,0.0,0.0,0.0,1.0,PASS_TURN,0.0,0.0,9,opponent,63
10.0,0.2222222222222222,1.0,2.0,1.0,6.0,5.0,0.0,0.0,0.0,1.0,0.0,0.0,0.0,0.0,0.0,0.0,RETREAT,-0.1,0.0,10,opponent,63
11.0,0.7142857142857143,1.0,2.0,1.0,6.0,5.0,0.0,0.0,0.0,0.0,0.0,0.0,0.0,0.0,0.0,1.0,PASS_TURN,0.0,0.0,11,opponent,63
12.0,0.2857142857142857,1.0,2.0,1.0,6.0,5.0,0.0,0.0,0.0,1.0,0.0,0.0,0.0,0.0,0.0,0.0,RETREAT,-0.1,0.0,12,opponent,63
13.0,0.2857142857142857,1.0,1.0,1.0,6.0,4.0,0.0,0.0,0.0,1.0,0.0,0.0,0.0,0.0,0.0,0.0,RETREAT,-0.1,0.0,13,opponent,63
14.0,0.7142857142857143,1.0,1.0,1.0,6.0,4.0,0.0,0.0,0.0,0.0,0.0,0.0,0.0,0.0,0.0,1.0,PASS_TURN,0.0,0.0,14,opponent,63
15.0,0.5714285714285714,1.0,1.0,1.0,6.0,4.0,0.0,0.0,0.0,0.0,0.0,0.0,0.0,0.0,0.0,1.0,PASS_TURN,0.0,0.0,15,opponent,63
16.0,0.2857142857142857,1.0,1.0,1.0,6.0,4.0,0.0,0.0,0.0,1.0,0.0,0.0,0.0,0.0,0.0,0.0,RETREAT,-0.1,0.0,16,opponent,63
17.0,0.2857142857142857,1.0,0.0,1.0,6.0,3.0,0.0,0.0,0.0,0.0,0.0,0.0,0.0,0.0,0.0,1.0,PASS_TURN,0.0,0.0,17,opponent,63
1.0,1.0,1.0,1.0,2.0,6.0,6.0,0.0,2.0,0.0,0.0,0.0,1.0,0.0,0.0,0.0,0.0,PLAY_SUPPORTER,0.4,0.0,1,opponent,64
2.0,0.6,1.0,1.0,2.0,6.0,6.0,0.0,1.0,0.0,0.0,0.0,1.0,0.0,0.0,0.0,0.0,PLAY_SUPPORTER,0.4,0.0,2,opponent,64
3.0,0.4,1.0,1.0,2.0,6.0,6.0,0.0,0.0,0.0,0.0,0.0,0.0,0.0,0.0,0.0,1.0,PASS_TURN,0.0,0.0,3,opponent,64
4.0,0.4,1.0,1.0,2.0,6.0,6.0,0.0,0.0,0.0,1.0,0.0,0.0,0.0,0.0,0.0,0.0,RETREAT,-0.1,0.0,4,opponent,64
5.0,0.7,1.0,1.0,2.0,6.0,6.0,0.0,0.0,0.0,0.0,0.0,0.0,0.0,0.0,0.0,1.0,PASS_TURN,0.0,0.0,5,opponent,64
6.0,0.4,1.0,1.0,2.0,6.0,6.0,0.0,0.0,0.0,0.0,0.0,0.0,0.0,0.0,0.0,1.0,PASS_TURN,0.0,0.0,6,opponent,64
7.0,0.4,1.0,0.0,2.0,6.0,5.0,0.0,0.0,0.0,0.0,0.0,0.0,0.0,0.0,0.0,1.0,PASS_TURN,0.0,0.0,7,opponent,64
8.0,0.4,1.0,0.0,2.0,6.0,5.0,0.0,0.0,0.0,0.0,0.0,0.0,0.0,0.0,0.0,1.0,PASS_TURN,0.0,0.0,8,opponent,64
9.0,0.1,1.0,0.0,2.0,6.0,5.0,0.0,0.0,0.0,0.0,0.0,0.0,0.0,0.0,0.0,1.0,PASS_TURN,0.0,0.0,9,opponent,64
1.0,1.0,1.0,1.0,3.0,6.0,6.0,3.0,2.0,0.0,0.0,1.0,0.0,0.0,0.0,0.0,0.0,ATTACH_ENERGY,0.3,0.7000000000000002,1,opponent,65
2.0,1.0,1.0,1.0,3.0,6.0,6.0,2.0,2.0,1.0,0.0,0.0,0.0,0.0,0.0,0.0,0.0,ATTACK,1.0,0.19999999999999973,2,opponent,65
3.0,0.6,0.6666666666666666,1.0,3.0,6.0,6.0,2.0,2.0,1.0,0.0,0.0,0.0,0.0,0.0,0.0,0.0,ATTACK,1.0,0.2000000000000004,3,opponent,65
4.0,0.2,0.3333333333333333,1.0,3.0,6.0,6.0,2.0,2.0,1.0,0.0,0.0,0.0,0.0,0.0,0.0,0.0,ATTACK,6.0,-2.3,4,opponent,65
5.0,1.0,1.0,0.0,2.0,5.0,5.0,2.0,2.0,0.0,0.0,0.0,1.0,0.0,0.0,0.0,0.0,PLAY_SUPPORTER,0.4,0.0,5,opponent,65
6.0,0.9285714285714286,1.0,0.0,2.0,5.0,5.0,2.0,1.0,0.0,0.0,0.0,1.0,0.0,0.0,0.0,0.0,PLAY_SUPPORTER,0.4,0.0,6,opponent,65
7.0,0.7142857142857143,1.0,0.0,2.0,5.0,5.0,2.0,0.0,0.0,0.0,0.0,0.0,0.0,0.0,0.0,1.0,PASS_TURN,0.0,0.0,7,opponent,65
8.0,0.6428571428571429,1.0,0.0,2.0,5.0,5.0,2.0,0.0,0.0,0.0,1.0,0.0,0.0,0.0,0.0,0.0,ATTACH_ENERGY,0.3,0.2999999999999998,8,opponent,65
9.0,0.6428571428571429,1.0,0.0,2.0,5.0,5.0,1.0,0.0,1.0,0.0,0.0,0.0,0.0,0.0,0.0,0.0,ATTACK,1.0,0.20000000000000018,9,opponent,65
10.0,0.5,0.7777777777777778,0.0,2.0,5.0,5.0,1.0,0.0,1.0,0.0,0.0,0.0,0.0,0.0,0.0,0.0,ATTACK,1.0,0.20000000000000018,10,opponent,65
11.0,0.42857142857142855,0.5555555555555556,0.0,2.0,5.0,5.0,1.0,0.0,1.0,0.0,0.0,0.0,0.0,0.0,0.0,0.0,ATTACK,1.0,0.20000000000000018,11,opponent,65
12.0,0.14285714285714285,0.3333333333333333,0.0,2.0,5.0,5.0,1.0,0.0,0.0,0.0,1.0,0.0,0.0,0.0,0.0,0.0,ATTACH_ENERGY,0.3,0.30000000000000027,12,opponent,65
1.0,1.0,1.0,3.0,2.0,6.0,6.0,1.0,5.0,0.0,0.0,1.0,0.0,0.0,0.0,0.0,0.0,ATTACH_ENERGY,0.3,0.6999999999999993,1,opponent,66
2.0,0.8333333333333334,1.0,3.0,2.0,6.0,6.0,0.0,5.0,0.0,1.0,0.0,0.0,0.0,0.0,0.0,0.0,RETREAT,-0.1,0.0,2,opponent,66
3.0,0.7142857142857143,1.0,3.0,2.0,6.0,6.0,0.0,5.0,0.0,0.0,0.0,1.0,0.0,0.0,0.0,0.0,PLAY_SUPPORTER,0.4,0.0,3,opponent,66
4.0,0.6428571428571429,1.0,3.0,2.0,6.0,6.0,0.0,4.0,0.0,0.0,0.0,1.0,0.0,0.0,0.0,0.0,PLAY_SUPPORTER,0.4,0.0,4,opponent,66
5.0,0.35714285714285715,1.0,3.0,2.0,6.0,6.0,0.0,3.0,0.0,0.0,0.0,1.0,0.0,0.0,0.0,0.0,PLAY_SUPPORTER,0.4,0.0,5,opponent,66
6.0,0.35714285714285715,1.0,3.0,2.0,6.0,6.0,0.0,2.0,0.0,0.0,0.0,1.0,0.0,0.0,0.0,0.0,PLAY_SUPPORTER,0.4,0.0,6,opponent,66
7.0,0.21428571428571427,1.0,3.0,2.0,6.0,6.0,0.0,1.0,0.0,1.0,0.0,0.0,0.0,0.0,0.0,0.0,RETREAT,-0.1,0.0,7,opponent,66
8.0,0.75,1.0,3.0,2.0,6.0,6.0,0.0,1.0,1.0,0.0,0.0,0.0,0.0,0.0,0.0,0.0,ATTACK,1.5,0.30000000000000004,8,opponent,66
9.0,0.5833333333333334,0.7,3.0,2.0,6.0,6.0,0.0,1.0,1.0,0.0,0.0,0.0,0.0,0.0,0.0,0.0,ATTACK,1.5,0.30000000000000004,9,opponent,66
10.0,0.4166666666666667,0.4,3.0,2.0,6.0,6.0,0.0,1.0,1.0,0.0,0.0,0.0,0.0,0.0,0.0,0.0,ATTACK,1.5,0.2999999999999996,10,opponent,66
11.0,0.16666666666666666,0.1,3.0,2.0,6.0,6.0,0.0,1.0,1.0,0.0,0.0,0.0,0.0,0.0,0.0,0.0,ATTACK,6.5,-2.4000000000000004,11,opponent,66
12.0,0.21428571428571427,1.0,2.0,1.0,5.0,5.0,0.0,1.0,0.0,1.0,0.0,0.0,0.0,0.0,0.0,0.0,RETREAT,-0.1,0.0,12,opponent,66
13.0,0.6,1.0,2.0,1.0,5.0,5.0,0.0,1.0,0.0,0.0,0.0,1.0,0.0,0.0,0.0,0.0,PLAY_SUPPORTER,0.4,0.0,13,opponent,66
14.0,0.6,1.0,2.0,1.0,5.0,5.0,0.0,0.0,0.0,0.0,0.0,0.0,0.0,0.0,0.0,1.0,PASS_TURN,0.0,0.0,14,opponent,66
15.0,0.5,1.0,2.0,1.0,5.0,5.0,0.0,0.0,0.0,0.0,0.0,0.0,0.0,0.0,0.0,1.0,PASS_TURN,0.0,0.0,15,opponent,66
16.0,0.5,1.0,2.0,1.0,5.0,5.0,0.0,0.0,0.0,0.0,0.0,0.0,0.0,0.0,0.0,1.0,PASS_TURN,0.0,0.0,16,opponent,66
17.0,0.3,1.0,2.0,1.0,5.0,5.0,0.0,0.0,0.0,0.0,0.0,0.0,0.0,0.0,0.0,1.0,PASS_TURN,0.0,0.0,17,opponent,66
18.0,0.2,1.0,2.0,1.0,5.0,5.0,0.0,0.0,0.0,1.0,0.0,0.0,0.0,0.0,0.0,0.0,RETREAT,-0.1,0.0,18,opponent,66
19.0,0.2,1.0,1.0,1.0,5.0,4.0,0.0,0.0,0.0,0.0,0.0,0.0,0.0,0.0,0.0,1.0,PASS_TURN,0.0,0.0,19,opponent,66
20.0,0.2,1.0,1.0,1.0,5.0,4.0,0.0,0.0,0.0,1.0,0.0,0.0,0.0,0.0,0.0,0.0,RETREAT,-0.1,0.0,20,opponent,66
21.0,0.9,1.0,1.0,1.0,5.0,4.0,0.0,0.0,0.0,0.0,0.0,0.0,0.0,0.0,0.0,1.0,PASS_TURN,0.0,0.0,21,opponent,66
22.0,0.5,1.0,1.0,1.0,5.0,4.0,0.0,0.0,0.0,0.0,0.0,0.0,0.0,0.0,0.0,1.0,PASS_TURN,0.0,0.0,22,opponent,66
23.0,0.4,1.0,1.0,1.0,5.0,4.0,0.0,0.0,0.0,0.0,0.0,0.0,0.0,0.0,0.0,1.0,PASS_TURN,0.0,0.0,23,opponent,66
24.0,0.4,1.0,1.0,1.0,5.0,4.0,0.0,0.0,0.0,0.0,0.0,0.0,0.0,0.0,0.0,1.0,PASS_TURN,0.0,0.0,24,opponent,66
25.0,0.2,1.0,0.0,1.0,5.0,3.0,0.0,0.0,0.0,0.0,0.0,0.0,0.0,0.0,0.0,1.0,PASS_TURN,0.0,0.0,25,opponent,66
26.0,0.1,1.0,0.0,1.0,5.0,3.0,0.0,0.0,0.0,0.0,0.0,0.0,0.0,0.0,0.0,1.0,PASS_TURN,0.0,0.0,26,opponent,66
1.0,1.0,1.0,2.0,2.0,6.0,6.0,3.0,5.0,0.0,1.0,0.0,0.0,0.0,0.0,0.0,0.0,RETREAT,-0.1,0.0,1,opponent,67
2.0,1.0,1.0,2.0,2.0,6.0,6.0,3.0,5.0,0.0,0.0,1.0,0.0,0.0,0.0,0.0,0.0,ATTACH_ENERGY,0.3,0.7000000000000002,2,opponent,67
3.0,0.7142857142857143,1.0,2.0,2.0,6.0,6.0,2.0,5.0,0.0,0.0,1.0,0.0,0.0,0.0,0.0,0.0,ATTACH_ENERGY,0.3,0.7,3,opponent,67
4.0,0.42857142857142855,1.0,2.0,2.0,6.0,6.0,1.0,5.0,1.0,0.0,0.0,0.0,0.0,0.0,0.0,0.0,ATTACK,0.5,0.10000000000000009,4,opponent,67
5.0,1.0,0.9,1.0,2.0,6.0,5.0,1.0,5.0,0.0,0.0,0.0,1.0,0.0,0.0,0.0,0.0,PLAY_SUPPORTER,0.4,0.0,5,opponent,67
6.0,1.0,0.9,1.0,2.0,6.0,5.0,1.0,4.0,0.0,0.0,0.0,1.0,0.0,0.0,0.0,0.0,PLAY_SUPPORTER,0.4,0.0,6,opponent,67
7.0,0.9166666666666666,0.9,1.0,2.0,6.0,5.0,1.0,3.0,0.0,0.0,0.0,1.0,0.0,0.0,0.0,0.0,PLAY_SUPPORTER,0.4,0.0,7,opponent,67
8.0,0.6666666666666666,0.9,1.0,2.0,6.0,5.0,1.0,2.0,0.0,1.0,0.0,0.0,0.0,0.0,0.0,0.0,RETREAT,-0.1,0.0,8,opponent,67
9.0,1.0,0.9,1.0,2.0,6.0,5.0,1.0,2.0,0.0,0.0,0.0,1.0,0.0,0.0,0.0,0.0,PLAY_SUPPORTER,0.4,0.0,9,opponent,67
10.0,0.6666666666666666,0.9,1.0,2.0,6.0,5.0,1.0,1.0,0.0,0.0,0.0,1.0,0.0,0.0,0.0,0.0,PLAY_SUPPORTER,0.4,0.0,10,opponent,67
11.0,0.16666666666666666,0.9,1.0,2.0,6.0,5.0,1.0,0.0,0.0,1.0,0.0,0.0,0.0,0.0,0.0,0.0,RETREAT,-0.1,0.0,11,opponent,67
12.0,0.4166666666666667,0.9,1.0,2.0,6.0,5.0,1.0,0.0,0.0,0.0,1.0,0.0,0.0,0.0,0.0,0.0,ATTACH_ENERGY,0.3,0.3,12,opponent,67
13.0,0.16666666666666666,0.9,1.0,2.0,6.0,5.0,0.0,0.0,1.0,0.0,0.0,0.0,0.0,0.0,0.0,0.0,ATTACK,1.5,0.2999999999999998,13,opponent,67
14.0,0.16666666666666666,0.6,0.0,2.0,6.0,4.0,0.0,0.0,0.0,0.0,0.0,0.0,0.0,0.0,0.0,1.0,PASS_TURN,0.0,0.0,14,opponent,67
1.0,1.0,1.0,1.0,3.0,6.0,6.0,0.0,6.0,0.0,0.0,0.0,1.0,0.0,0.0,0.0,0.0,PLAY_SUPPORTER,0.4,0.0,1,opponent,68
2.0,0.9166666666666666,1.0,1.0,3.0,6.0,6.0,0.0,5.0,0.0,0.0,0.0,1.0,0.0,0.0,0.0,0.0,PLAY_SUPPORTER,0.4,0.0,2,opponent,68
3.0,0.5833333333333334,1.0,1.0,3.0,6.0,6.0,0.0,4.0,0.0,0.0,0.0,1.0,0.0,0.0,0.0,0.0,PLAY_SUPPORTER,0.4,0.0,3,opponent,68
4.0,0.3333333333333333,1.0,1.0,3.0,6.0,6.0,0.0,3.0,0.0,0.0,0.0,1.0,0.0,0.0,0.0,0.0,PLAY_SUPPORTER,0.4,0.0,4,opponent,68
5.0,0.3333333333333333,1.0,1.0,3.0,6.0,6.0,0.0,2.0,0.0,0.0,0.0,0.0,0.0,0.0,0.0,1.0,PASS_TURN,0.0,0.0,5,opponent,68
6.0,0.25,1.0,1.0,3.0,6.0,6.0,0.0,2.0,0.0,1.0,0.0,0.0,0.0,0.0,0.0,0.0,RETREAT,-0.1,0.0,6,opponent,68
7.0,0.42857142857142855,1.0,1.0,3.0,6.0,6.0,0.0,2.0,0.0,0.0,0.0,1.0,0.0,0.0,0.0,0.0,PLAY_SUPPORTER,0.4,0.0,7,opponent,68
8.0,0.42857142857142855,1.0,1.0,3.0,6.0,6.0,0.0,1.0,0.0,0.0,0.0,1.0,0.0,0.0,0.0,0.0,PLAY_SUPPORTER,0.4,0.0,8,opponent,68
9.0,0.25,1.0,0.0,3.0,6.0,5.0,0.0,0.0,0.0,0.0,0.0,0.0,0.0,0.0,0.0,1.0,PASS_TURN,0.0,0.0,9,opponent,68
10.0,0.16666666666666666,1.0,0.0,3.0,6.0,5.0,0.0,0.0,0.0,0.0,0.0,0.0,0.0,0.0,0.0,1.0,PASS_TURN,0.0,0.0,10,opponent,68
1.0,1.0,1.0,0.0,2.0,6.0,6.0,1.0,6.0,0.0,0.0,1.0,0.0,0.0,0.0,0.0,0.0,ATTACH_ENERGY,0.3,0.6999999999999997,1,opponent,69
2.0,1.0,1.0,0.0,2.0,6.0,6.0,0.0,6.0,1.0,0.0,0.0,0.0,0.0,0.0,0.0,0.0,ATTACK,1.0,0.19999999999999973,2,opponent,69
3.0,0.8571428571428571,0.8,0.0,2.0,6.0,6.0,0.0,6.0,1.0,0.0,0.0,0.0,0.0,0.0,0.0,0.0,ATTACK,1.0,0.19999999999999973,3,opponent,69
4.0,0.42857142857142855,0.6,0.0,2.0,6.0,6.0,0.0,6.0,1.0,0.0,0.0,0.0,0.0,0.0,0.0,0.0,ATTACK,1.0,0.19999999999999973,4,opponent,69
5.0,0.14285714285714285,0.4,0.0,2.0,6.0,6.0,0.0,6.0,0.0,0.0,0.0,1.0,0.0,0.0,0.0,0.0,PLAY_SUPPORTER,0.4,0.0,5,opponent,69
1.0,1.0,1.0,1.0,2.0,6.0,6.0,2.0,7.0,0.0,0.0,1.0,0.0,0.0,0.0,0.0,0.0,ATTACH_ENERGY,0.3,0.7,1,opponent,70
2.0,0.625,1.0,1.0,2.0,6.0,6.0,1.0,7.0,1.0,0.0,0.0,0.0,0.0,0.0,0.0,0.0,ATTACK,1.0,0.20000000000000018,2,opponent,70
3.0,0.5,0.8571428571428571,1.0,2.0,6.0,6.0,1.0,7.0,1.0,0.0,0.0,0.0,0.0,0.0,0.0,0.0,ATTACK,1.0,0.2000000000000004,3,opponent,70
4.0,0.25,0.7142857142857143,1.0,2.0,6.0,6.0,1.0,7.0,0.0,1.0,0.0,0.0,0.0,0.0,0.0,0.0,RETREAT,-0.1,0.0,4,opponent,70
5.0,0.7142857142857143,0.7142857142857143,1.0,2.0,6.0,6.0,1.0,7.0,0.0,0.0,0.0,1.0,0.0,0.0,0.0,0.0,PLAY_SUPPORTER,0.4,0.0,5,opponent,70
6.0,0.7142857142857143,0.7142857142857143,1.0,2.0,6.0,6.0,1.0,6.0,0.0,0.0,0.0,1.0,0.0,0.0,0.0,0.0,PLAY_SUPPORTER,0.4,0.0,6,opponent,70
7.0,0.14285714285714285,0.7142857142857143,1.0,2.0,6.0,6.0,1.0,5.0,0.0,1.0,0.0,0.0,0.0,0.0,0.0,0.0,RETREAT,-0.1,0.0,7,opponent,70
8.0,0.25,0.7142857142857143,1.0,2.0,6.0,6.0,1.0,5.0,0.0,1.0,0.0,0.0,0.0,0.0,0.0,0.0,RETREAT,-0.1,0.0,8,opponent,70
9.0,0.25,0.7142857142857143,0.0,2.0,6.0,5.0,1.0,5.0,0.0,0.0,0.0,1.0,0.0,0.0,0.0,0.0,PLAY_SUPPORTER,0.4,0.0,9,opponent,70
10.0,0.125,0.7142857142857143,0.0,2.0,6.0,5.0,1.0,4.0,0.0,0.0,0.0,1.0,0.0,0.0,0.0,0.0,PLAY_SUPPORTER,0.4,0.0,10,opponent,70
1.0,1.0,1.0,3.0,3.0,6.0,6.0,3.0,6.0,0.0,0.0,1.0,0.0,0.0,0.0,0.0,0.0,ATTACH_ENERGY,0.3,0.7,1,opponent,71
2.0,0.7,1.0,3.0,3.0,6.0,6.0,2.0,6.0,0.0,0.0,1.0,0.0,0.0,0.0,0.0,0.0,ATTACH_ENERGY,0.3,0.7000000000000002,2,opponent,71
3.0,0.6,1.0,3.0,3.0,6.0,6.0,1.0,6.0,0.0,0.0,1.0,0.0,0.0,0.0,0.0,0.0,ATTACH_ENERGY,0.3,0.7000000000000006,3,opponent,71
4.0,0.3,1.0,3.0,3.0,6.0,6.0,0.0,6.0,1.0,0.0,0.0,0.0,0.0,0.0,0.0,0.0,ATTACK,8.5,-1.7999999999999998,4,opponent,71
5.0,1.0,1.0,2.0,2.0,5.0,5.0,0.0,6.0,0.0,0.0,0.0,1.0,0.0,0.0,0.0,0.0,PLAY_SUPPORTER,0.4,0.0,5,opponent,71
6.0,0.5,1.0,2.0,2.0,5.0,5.0,0.0,5.0,0.0,0.0,0.0,1.0,0.0,0.0,0.0,0.0,PLAY_SUPPORTER,0.4,0.0,6,opponent,71
7.0,1.0,1.0,1.0,2.0,5.0,4.0,0.0,4.0,0.0,0.0,0.0,1.0,0.0,0.0,0.0,0.0,PLAY_SUPPORTER,0.4,0.0,7,opponent,71
8.0,0.5,1.0,1.0,2.0,5.0,4.0,0.0,3.0,0.0,0.0,0.0,1.0,0.0,0.0,0.0,0.0,PLAY_SUPPORTER,0.4,0.0,8,opponent,71
9.0,0.125,1.0,1.0,2.0,5.0,4.0,0.0,2.0,0.0,0.0,0.0,0.0,1.0,0.0,0.0,0.0,PLAY_BASIC_TO_BENCH,0.2,1.4,9,opponent,71
10.0,1.0,1.0,1.0,2.0,5.0,3.0,0.0,1.0,0.0,1.0,0.0,0.0,0.0,0.0,0.0,0.0,RETREAT,-0.1,0.0,10,opponent,71
11.0,0.8888888888888888,1.0,1.0,2.0,5.0,3.0,0.0,1.0,0.0,0.0,0.0,1.0,0.0,0.0,0.0,0.0,PLAY_SUPPORTER,0.4,0.0,11,opponent,71
12.0,0.6666666666666666,1.0,1.0,2.0,5.0,3.0,0.0,0.0,0.0,0.0,0.0,0.0,0.0,0.0,0.0,1.0,PASS_TURN,0.0,0.0,12,opponent,71
13.0,0.2222222222222222,1.0,1.0,2.0,5.0,3.0,0.0,0.0,0.0,1.0,0.0,0.0,0.0,0.0,0.0,0.0,RETREAT,-0.1,0.0,13,opponent,71
14.0,1.0,1.0,1.0,2.0,5.0,3.0,0.0,0.0,0.0,0.0,0.0,0.0,0.0,0.0,0.0,1.0,PASS_TURN,0.0,0.0,14,opponent,71
15.0,0.9166666666666666,1.0,1.0,2.0,5.0,3.0,0.0,0.0,0.0,0.0,0.0,0.0,0.0,0.0,0.0,1.0,PASS_TURN,0.0,0.0,15,opponent,71
16.0,0.5833333333333334,1.0,1.0,2.0,5.0,3.0,0.0,0.0,0.0,0.0,0.0,0.0,0.0,0.0,0.0,1.0,PASS_TURN,0.0,0.0,16,opponent,71
17.0,0.5,1.0,1.0,2.0,5.0,3.0,0.0,0.0,0.0,0.0,0.0,0.0,0.0,0.0,0.0,1.0,PASS_TURN,0.0,0.0,17,opponent,71
18.0,0.16666666666666666,1.0,1.0,2.0,5.0,3.0,0.0,0.0,0.0,1.0,0.0,0.0,0.0,0.0,0.0,0.0,RETREAT,-0.1,0.0,18,opponent,71
19.0,0.2222222222222222,1.0,1.0,2.0,5.0,3.0,0.0,0.0,0.0,1.0,0.0,0.0,0.0,0.0,0.0,0.0,RETREAT,-0.1,0.0,19,opponent,71
20.0,0.2222222222222222,1.0,0.0,2.0,5.0,2.0,0.0,0.0,0.0,0.0,0.0,0.0,0.0,0.0,0.0,1.0,PASS_TURN,0.0,0.0,20,opponent,71
1.0,1.0,1.0,1.0,1.0,6.0,6.0,3.0,6.0,0.0,0.0,1.0,0.0,0.0,0.0,0.0,0.0,ATTACH_ENERGY,0.3,0.7,1,opponent,72
2.0,0.8,1.0,1.0,1.0,6.0,6.0,2.0,6.0,1.0,0.0,0.0,0.0,0.0,0.0,0.0,0.0,ATTACK,1.5,0.30000000000000004,2,opponent,72
3.0,0.7,0.7,1.0,1.0,6.0,6.0,2.0,6.0,1.0,0.0,0.0,0.0,0.0,0.0,0.0,0.0,ATTACK,1.5,0.30000000000000004,3,opponent,72
4.0,0.6,0.4,1.0,1.0,6.0,6.0,2.0,6.0,1.0,0.0,0.0,0.0,0.0,0.0,0.0,0.0,ATTACK,1.5,0.30000000000000004,4,opponent,72
5.0,0.4,0.1,1.0,1.0,6.0,6.0,2.0,6.0,1.0,0.0,0.0,0.0,0.0,0.0,0.0,0.0,ATTACK,6.5,-2.4000000000000004,5,opponent,72
6.0,1.0,1.0,0.0,0.0,5.0,5.0,2.0,6.0,0.0,0.0,0.0,1.0,0.0,0.0,0.0,0.0,PLAY_SUPPORTER,0.4,0.0,6,opponent,72
7.0,0.75,1.0,0.0,0.0,5.0,5.0,2.0,5.0,0.0,0.0,0.0,1.0,0.0,0.0,0.0,0.0,PLAY_SUPPORTER,0.4,0.0,7,opponent,72
8.0,0.5,1.0,0.0,0.0,5.0,5.0,2.0,4.0,0.0,0.0,0.0,0.0,0.0,0.0,0.0,1.0,PASS_TURN,0.0,0.0,8,opponent,72
9.0,0.4166666666666667,1.0,0.0,0.0,5.0,5.0,2.0,4.0,0.0,0.0,0.0,1.0,0.0,0.0,0.0,0.0,PLAY_SUPPORTER,0.4,0.0,9,opponent,72
10.0,0.08333333333333333,1.0,0.0,0.0,5.0,5.0,2.0,3.0,0.0,0.0,0.0,1.0,0.0,0.0,0.0,0.0,PLAY_SUPPORTER,0.4,0.0,10,opponent,72
1.0,1.0,1.0,1.0,2.0,6.0,6.0,3.0,6.0,0.0,0.0,1.0,0.0,0.0,0.0,0.0,0.0,ATTACH_ENERGY,0.3,0.7,1,opponent,73
2.0,0.9285714285714286,1.0,1.0,2.0,6.0,6.0,2.0,6.0,1.0,0.0,0.0,0.0,0.0,0.0,0.0,0.0,ATTACK,1.0,0.20000000000000007,2,opponent,73
3.0,0.9285714285714286,0.7142857142857143,1.0,2.0,6.0,6.0,2.0,6.0,1.0,0.0,0.0,0.0,0.0,0.0,0.0,0.0,ATTACK,1.0,0.20000000000000007,3,opponent,73
4.0,0.7142857142857143,0.42857142857142855,1.0,2.0,6.0,6.0,2.0,6.0,0.0,0.0,0.0,1.0,0.0,0.0,0.0,0.0,PLAY_SUPPORTER,0.4,0.0,4,opponent,73
5.0,0.5714285714285714,0.42857142857142855,1.0,2.0,6.0,6.0,2.0,5.0,1.0,0.0,0.0,0.0,0.0,0.0,0.0,0.0,ATTACK,1.0,0.2,5,opponent,73
6.0,0.5,0.14285714285714285,1.0,2.0,6.0,6.0,2.0,5.0,0.0,0.0,0.0,0.0,0.0,0.0,0.0,1.0,PASS_TURN,0.0,0.0,6,opponent,73
7.0,0.2857142857142857,0.14285714285714285,1.0,2.0,6.0,6.0,2.0,5.0,1.0,0.0,0.0,0.0,0.0,0.0,0.0,0.0,ATTACK,6.0,-2.4000000000000004,7,opponent,73
8.0,0.21428571428571427,1.0,1.0,1.0,5.0,6.0,2.0,5.0,0.0,1.0,0.0,0.0,0.0,0.0,0.0,0.0,RETREAT,-0.1,0.0,8,opponent,73
9.0,0.8571428571428571,1.0,1.0,1.0,5.0,6.0,2.0,5.0,0.0,0.0,0.0,1.0,0.0,0.0,0.0,0.0,PLAY_SUPPORTER,0.4,0.0,9,opponent,73
10.0,0.6428571428571429,1.0,1.0,1.0,5.0,6.0,2.0,4.0,0.0,0.0,0.0,1.0,0.0,0.0,0.0,0.0,PLAY_SUPPORTER,0.4,0.0,10,opponent,73
11.0,0.35714285714285715,1.0,1.0,1.0,5.0,6.0,2.0,3.0,0.0,0.0,0.0,1.0,0.0,0.0,0.0,0.0,PLAY_SUPPORTER,0.4,0.0,11,opponent,73
12.0,0.2857142857142857,1.0,1.0,1.0,5.0,6.0,2.0,2.0,0.0,1.0,0.0,0.0,0.0,0.0,0.0,0.0,RETREAT,-0.1,0.0,12,opponent,73
13.0,0.2857142857142857,1.0,0.0,1.0,5.0,5.0,2.0,2.0,0.0,0.0,0.0,1.0,0.0,0.0,0.0,0.0,PLAY_SUPPORTER,0.4,0.0,13,opponent,73
1.0,1.0,1.0,0.0,3.0,6.0,6.0,2.0,4.0,0.0,0.0,1.0,0.0,0.0,0.0,0.0,0.0,ATTACH_ENERGY,0.3,0.6999999999999997,1,opponent,74
2.0,0.9,1.0,0.0,3.0,6.0,6.0,1.0,4.0,1.0,0.0,0.0,0.0,0.0,0.0,0.0,0.0,ATTACK,1.0,0.19999999999999973,2,opponent,74
3.0,0.7,0.6666666666666666,0.0,3.0,6.0,6.0,1.0,4.0,1.0,0.0,0.0,0.0,0.0,0.0,0.0,0.0,ATTACK,1.0,0.19999999999999973,3,opponent,74
4.0,0.6,0.3333333333333333,0.0,3.0,6.0,6.0,1.0,4.0,1.0,0.0,0.0,0.0,0.0,0.0,0.0,0.0,ATTACK,6.0,-2.2999999999999994,4,opponent,74
5.0,0.2,1.0,0.0,2.0,5.0,6.0,1.0,4.0,0.0,0.0,0.0,1.0,0.0,0.0,0.0,0.0,PLAY_SUPPORTER,0.4,0.0,5,opponent,74
1.0,1.0,1.0,1.0,1.0,6.0,6.0,3.0,3.0,0.0,0.0,1.0,0.0,0.0,0.0,0.0,0.0,ATTACH_ENERGY,0.3,0.7,1,opponent,75
2.0,0.5714285714285714,1.0,1.0,1.0,6.0,6.0,2.0,3.0,1.0,0.0,0.0,0.0,0.0,0.0,0.0,0.0,ATTACK,1.5,0.30000000000000004,2,opponent,75
3.0,0.2857142857142857,0.5,1.0,1.0,6.0,6.0,2.0,3.0,0.0,0.0,0.0,1.0,0.0,0.0,0.0,0.0,PLAY_SUPPORTER,0.4,0.0,3,opponent,75
4.0,1.0,0.5,0.0,1.0,6.0,5.0,2.0,2.0,0.0,0.0,0.0,1.0,0.0,0.0,0.0,0.0,PLAY_SUPPORTER,0.4,0.0,4,opponent,75
5.0,0.875,0.5,0.0,1.0,6.0,5.0,2.0,1.0,0.0,0.0,0.0,0.0,0.0,0.0,0.0,1.0,PASS_TURN,0.0,0.0,5,opponent,75
6.0,0.5,0.5,0.0,1.0,6.0,5.0,2.0,1.0,0.0,0.0,0.0,1.0,0.0,0.0,0.0,0.0,PLAY_SUPPORTER,0.4,0.0,6,opponent,75
1.0,1.0,1.0,2.0,1.0,6.0,6.0,3.0,6.0,0.0,1.0,0.0,0.0,0.0,0.0,0.0,0.0,RETREAT,-0.1,0.0,1,opponent,76
2.0,0.5,1.0,2.0,1.0,6.0,6.0,3.0,6.0,0.0,0.0,1.0,0.0,0.0,0.0,0.0,0.0,ATTACH_ENERGY,0.3,0.7000000000000002,2,opponent,76
3.0,0.16666666666666666,1.0,2.0,1.0,6.0,6.0,2.0,6.0,1.0,0.0,0.0,0.0,0.0,0.0,0.0,0.0,ATTACK,1.5,0.2999999999999998,3,opponent,76
4.0,0.16666666666666666,0.7,2.0,1.0,6.0,6.0,2.0,6.0,1.0,0.0,0.0,0.0,0.0,0.0,0.0,0.0,ATTACK,1.5,0.30000000000000027,4,opponent,76
5.0,1.0,0.4,1.0,1.0,6.0,5.0,2.0,6.0,0.0,0.0,0.0,1.0,0.0,0.0,0.0,0.0,PLAY_SUPPORTER,0.4,0.0,5,opponent,76
6.0,0.9285714285714286,0.4,1.0,1.0,6.0,5.0,2.0,5.0,0.0,0.0,0.0,1.0,0.0,0.0,0.0,0.0,PLAY_SUPPORTER,0.4,0.0,6,opponent,76
7.0,0.6428571428571429,0.4,1.0,1.0,6.0,5.0,2.0,4.0,0.0,0.0,0.0,1.0,0.0,0.0,0.0,0.0,PLAY_SUPPORTER,0.4,0.0,7,opponent,76
8.0,0.6428571428571429,0.4,1.0,1.0,6.0,5.0,2.0,3.0,0.0,0.0,0.0,1.0,0.0,0.0,0.0,0.0,PLAY_SUPPORTER,0.4,0.0,8,opponent,76
9.0,0.5714285714285714,0.4,1.0,1.0,6.0,5.0,2.0,2.0,0.0,0.0,0.0,1.0,0.0,0.0,0.0,0.0,PLAY_SUPPORTER,0.4,0.0,9,opponent,76
10.0,0.2857142857142857,0.4,1.0,1.0,6.0,5.0,2.0,1.0,0.0,0.0,0.0,0.0,1.0,0.0,0.0,0.0,PLAY_BASIC_TO_BENCH,0.2,1.2999999999999998,10,opponent,76
11.0,0.2857142857142857,0.4,2.0,1.0,6.0,5.0,2.0,0.0,0.0,0.0,1.0,0.0,0.0,0.0,0.0,0.0,ATTACH_ENERGY,0.3,0.2999999999999998,11,opponent,76
12.0,0.14285714285714285,0.4,2.0,1.0,6.0,5.0,1.0,0.0,0.0,1.0,0.0,0.0,0.0,0.0,0.0,0.0,RETREAT,-0.1,0.0,12,opponent,76
13.0,0.7,0.4,2.0,1.0,6.0,5.0,1.0,0.0,0.0,0.0,1.0,0.0,0.0,0.0,0.0,0.0,ATTACH_ENERGY,0.3,0.2999999999999998,13,opponent,76
14.0,0.6,0.4,2.0,1.0,6.0,5.0,0.0,0.0,1.0,0.0,0.0,0.0,0.0,0.0,0.0,0.0,ATTACK,1.0,0.1999999999999993,14,opponent,76
15.0,0.3,0.2,2.0,1.0,6.0,5.0,0.0,0.0,1.0,0.0,0.0,0.0,0.0,0.0,0.0,0.0,ATTACK,6.0,-2.2999999999999994,15,opponent,76
16.0,0.1,1.0,2.0,0.0,5.0,5.0,0.0,0.0,0.0,1.0,0.0,0.0,0.0,0.0,0.0,0.0,RETREAT,-0.1,0.0,16,opponent,76
17.0,0.14285714285714285,1.0,2.0,0.0,5.0,5.0,0.0,0.0,0.0,1.0,0.0,0.0,0.0,0.0,0.0,0.0,RETREAT,-0.1,0.0,17,opponent,76
18.0,0.14285714285714285,1.0,1.0,0.0,5.0,4.0,0.0,0.0,0.0,1.0,0.0,0.0,0.0,0.0,0.0,0.0,RETREAT,-0.1,0.0,18,opponent,76
19.0,0.625,1.0,1.0,0.0,5.0,4.0,0.0,0.0,1.0,0.0,0.0,0.0,0.0,0.0,0.0,0.0,ATTACK,1.5,0.30000000000000027,19,opponent,76
20.0,0.125,0.625,1.0,0.0,5.0,4.0,0.0,0.0,1.0,0.0,0.0,0.0,0.0,0.0,0.0,0.0,ATTACK,1.5,0.30000000000000027,20,opponent,76
21.0,0.14285714285714285,0.25,0.0,0.0,5.0,3.0,0.0,0.0,0.0,0.0,0.0,0.0,0.0,0.0,0.0,1.0,PASS_TURN,0.0,0.0,21,opponent,76
1.0,1.0,1.0,3.0,1.0,6.0,6.0,1.0,5.0,0.0,0.0,1.0,0.0,0.0,0.0,0.0,0.0,ATTACH_ENERGY,0.3,0.6999999999999993,1,opponent,77
2.0,0.7857142857142857,1.0,3.0,1.0,6.0,6.0,0.0,5.0,1.0,0.0,0.0,0.0,0.0,0.0,0.0,0.0,ATTACK,1.0,0.20000000000000018,2,opponent,77
3.0,0.7857142857142857,0.8571428571428571,3.0,1.0,6.0,6.0,0.0,5.0,1.0,0.0,0.0,0.0,0.0,0.0,0.0,0.0,ATTACK,1.0,0.1999999999999993,3,opponent,77
4.0,0.5,0.7142857142857143,3.0,1.0,6.0,6.0,0.0,5.0,1.0,0.0,0.0,0.0,0.0,0.0,0.0,0.0,ATTACK,1.0,0.20000000000000018,4,opponent,77
5.0,0.42857142857142855,0.5714285714285714,3.0,1.0,6.0,6.0,0.0,5.0,1.0,0.0,0.0,0.0,0.0,0.0,0.0,0.0,ATTACK,1.0,0.20000000000000018,5,opponent,77
6.0,0.42857142857142855,0.42857142857142855,3.0,1.0,6.0,6.0,0.0,5.0,0.0,0.0,0.0,0.0,0.0,0.0,0.0,1.0,PASS_TURN,0.0,0.0,6,opponent,77
7.0,0.2857142857142857,0.42857142857142855,3.0,1.0,6.0,6.0,0.0,5.0,0.0,0.0,0.0,0.0,0.0,0.0,0.0,1.0,PASS_TURN,0.0,0.0,7,opponent,77
8.0,0.21428571428571427,0.42857142857142855,3.0,1.0,6.0,6.0,0.0,5.0,0.0,1.0,0.0,0.0,0.0,0.0,0.0,0.0,RETREAT,-0.1,0.0,8,opponent,77
9.0,1.0,0.42857142857142855,3.0,1.0,6.0,6.0,0.0,5.0,0.0,0.0,0.0,1.0,0.0,0.0,0.0,0.0,PLAY_SUPPORTER,0.4,0.0,9,opponent,77
10.0,0.6666666666666666,0.42857142857142855,3.0,1.0,6.0,6.0,0.0,4.0,0.0,0.0,0.0,0.0,0.0,0.0,0.0,1.0,PASS_TURN,0.0,0.0,10,opponent,77
11.0,0.6666666666666666,0.42857142857142855,3.0,1.0,6.0,6.0,0.0,4.0,0.0,0.0,0.0,1.0,0.0,0.0,0.0,0.0,PLAY_SUPPORTER,0.4,0.0,11,opponent,77
12.0,0.3333333333333333,0.42857142857142855,3.0,1.0,6.0,6.0,0.0,3.0,0.0,0.0,0.0,1.0,0.0,0.0,0.0,0.0,PLAY_SUPPORTER,0.4,0.0,12,opponent,77
13.0,0.21428571428571427,0.42857142857142855,2.0,1.0,6.0,5.0,0.0,2.0,0.0,1.0,0.0,0.0,0.0,0.0,0.0,0.0,RETREAT,-0.1,0.0,13,opponent,77
14.0,0.8,0.42857142857142855,2.0,1.0,6.0,5.0,0.0,2.0,0.0,1.0,0.0,0.0,0.0,0.0,0.0,0.0,RETREAT,-0.1,0.0,14,opponent,77
15.0,0.875,0.42857142857142855,2.0,1.0,6.0,5.0,0.0,2.0,0.0,0.0,0.0,1.0,0.0,0.0,0.0,0.0,PLAY_SUPPORTER,0.4,0.0,15,opponent,77
16.0,0.5,0.42857142857142855,2.0,1.0,6.0,5.0,0.0,1.0,0.0,0.0,0.0,1.0,0.0,0.0,0.0,0.0,PLAY_SUPPORTER,0.4,0.0,16,opponent,77
17.0,0.25,0.42857142857142855,2.0,1.0,6.0,5.0,0.0,0.0,0.0,1.0,0.0,0.0,0.0,0.0,0.0,0.0,RETREAT,-0.1,0.0,17,opponent,77
18.0,0.07142857142857142,0.42857142857142855,2.0,1.0,6.0,5.0,0.0,0.0,0.0,1.0,0.0,0.0,0.0,0.0,0.0,0.0,RETREAT,-0.1,0.0,18,opponent,77
19.0,0.07142857142857142,0.42857142857142855,1.0,1.0,6.0,4.0,0.0,0.0,1.0,0.0,0.0,0.0,0.0,0.0,0.0,0.0,ATTACK,1.0,0.20000000000000018,19,opponent,77
20.0,0.8,0.2857142857142857,0.0,1.0,6.0,3.0,0.0,0.0,0.0,0.0,0.0,0.0,0.0,0.0,0.0,1.0,PASS_TURN,0.0,0.0,20,opponent,77
21.0,0.6,0.2857142857142857,0.0,1.0,6.0,3.0,0.0,0.0,0.0,0.0,0.0,0.0,0.0,0.0,0.0,1.0,PASS_TURN,0.0,0.0,21,opponent,77
22.0,0.5,0.2857142857142857,0.0,1.0,6.0,3.0,0.0,0.0,0.0,0.0,0.0,0.0,0.0,0.0,0.0,1.0,PASS_TURN,0.0,0.0,22,opponent,77
23.0,0.2,0.2857142857142857,0.0,1.0,6.0,3.0,0.0,0.0,0.0,0.0,0.0,0.0,0.0,0.0,0.0,1.0,PASS_TURN,0.0,0.0,23,opponent,77
1.0,1.0,1.0,0.0,1.0,6.0,6.0,2.0,2.0,0.0,0.0,1.0,0.0,0.0,0.0,0.0,0.0,ATTACH_ENERGY,0.3,0.7000000000000001,1,opponent,78
2.0,1.0,1.0,0.0,1.0,6.0,6.0,1.0,2.0,1.0,0.0,0.0,0.0,0.0,0.0,0.0,0.0,ATTACK,1.5,0.30000000000000004,2,opponent,78
3.0,0.6666666666666666,0.5,0.0,1.0,6.0,6.0,1.0,2.0,0.0,0.0,0.0,0.0,1.0,0.0,0.0,0.0,PLAY_BASIC_TO_BENCH,0.2,1.5,3,opponent,78
4.0,0.3333333333333333,0.5,1.0,1.0,6.0,6.0,1.0,1.0,1.0,0.0,0.0,0.0,0.0,0.0,0.0,0.0,ATTACK,6.5,-2.2,4,opponent,78
5.0,0.08333333333333333,1.0,1.0,0.0,5.0,6.0,1.0,1.0,1.0,0.0,0.0,0.0,0.0,0.0,0.0,0.0,ATTACK,1.5,0.30000000000000027,5,opponent,78
6.0,1.0,0.7857142857142857,0.0,0.0,5.0,5.0,1.0,1.0,0.0,0.0,0.0,1.0,0.0,0.0,0.0,0.0,PLAY_SUPPORTER,0.4,0.0,6,opponent,78
7.0,0.6666666666666666,0.7857142857142857,0.0,0.0,5.0,5.0,1.0,0.0,0.0,0.0,1.0,0.0,0.0,0.0,0.0,0.0,ATTACH_ENERGY,0.3,0.3,7,opponent,78
8.0,0.5,0.7857142857142857,0.0,0.0,5.0,5.0,0.0,0.0,1.0,0.0,0.0,0.0,0.0,0.0,0.0,0.0,ATTACK,0.5,0.10000000000000003,8,opponent,78
9.0,0.3333333333333333,0.7142857142857143,0.0,0.0,5.0,5.0,0.0,0.0,0.0,0.0,0.0,0.0,0.0,0.0,0.0,1.0,PASS_TURN,0.0,0.0,9,opponent,78
1.0,1.0,1.0,2.0,0.0,6.0,6.0,2.0,5.0,0.0,0.0,1.0,0.0,0.0,0.0,0.0,0.0,ATTACH_ENERGY,0.3,0.7000000000000002,1,me,79
2.0,0.3333333333333333,1.0,2.0,0.0,6.0,6.0,1.0,5.0,1.0,0.0,0.0,0.0,0.0,0.0,0.0,0.0,ATTACK,1.5,0.30000000000000027,2,me,79
3.0,1.0,0.5714285714285714,1.0,0.0,6.0,5.0,1.0,5.0,0.0,0.0,1.0,0.0,0.0,0.0,0.0,0.0,ATTACH_ENERGY,0.3,0.6999999999999993,3,me,79
4.0,0.8333333333333334,0.5714285714285714,1.0,0.0,6.0,5.0,0.0,5.0,0.0,1.0,0.0,0.0,0.0,0.0,0.0,0.0,RETREAT,-0.1,0.0,4,me,79
5.0,0.7142857142857143,0.5714285714285714,1.0,0.0,6.0,5.0,0.0,5.0,0.0,0.0,0.0,1.0,0.0,0.0,0.0,0.0,PLAY_SUPPORTER,0.4,0.0,5,me,79
6.0,0.7142857142857143,0.5714285714285714,1.0,0.0,6.0,5.0,0.0,4.0,0.0,0.0,0.0,1.0,0.0,0.0,0.0,0.0,PLAY_SUPPORTER,0.4,0.0,6,me,79
7.0,0.42857142857142855,0.5714285714285714,1.0,0.0,6.0,5.0,0.0,3.0,0.0,0.0,0.0,1.0,0.0,0.0,0.0,0.0,PLAY_SUPPORTER,0.4,0.0,7,me,79
8.0,0.14285714285714285,0.5714285714285714,1.0,0.0,6.0,5.0,0.0,2.0,0.0,1.0,0.0,0.0,0.0,0.0,0.0,0.0,RETREAT,-0.1,0.0,8,me,79
9.0,0.6666666666666666,0.5714285714285714,1.0,0.0,6.0,5.0,0.0,2.0,1.0,0.0,0.0,0.0,0.0,0.0,0.0,0.0,ATTACK,1.5,0.2999999999999998,9,me,79
10.0,0.3333333333333333,0.14285714285714285,1.0,0.0,6.0,5.0,0.0,2.0,1.0,0.0,0.0,0.0,0.0,0.0,0.0,0.0,ATTACK,6.5,-2.9000000000000004,10,me,79
1.0,1.0,1.0,0.0,3.0,6.0,6.0,2.0,2.0,0.0,0.0,1.0,0.0,0.0,0.0,0.0,0.0,ATTACH_ENERGY,0.3,0.6999999999999997,1,opponent,80
2.0,0.7777777777777778,1.0,0.0,3.0,6.0,6.0,1.0,2.0,0.0,0.0,0.0,0.0,0.0,0.0,0.0,1.0,PASS_TURN,0.0,0.0,2,opponent,80
3.0,0.6666666666666666,1.0,0.0,3.0,6.0,6.0,1.0,2.0,0.0,0.0,0.0,0.0,1.0,0.0,0.0,0.0,PLAY_BASIC_TO_BENCH,0.2,2.1000000000000005,3,opponent,80
4.0,0.4444444444444444,1.0,1.0,3.0,6.0,6.0,1.0,1.0,1.0,0.0,0.0,0.0,0.0,0.0,0.0,0.0,ATTACK,1.0,0.20000000000000018,4,opponent,80
5.0,0.4444444444444444,0.7142857142857143,1.0,3.0,6.0,6.0,1.0,1.0,1.0,0.0,0.0,0.0,0.0,0.0,0.0,0.0,ATTACK,1.0,0.19999999999999996,5,opponent,80
6.0,0.4444444444444444,0.42857142857142855,1.0,3.0,6.0,6.0,1.0,1.0,1.0,0.0,0.0,0.0,0.0,0.0,0.0,0.0,ATTACK,1.0,0.19999999999999996,6,opponent,80
7.0,0.1111111111111111,0.14285714285714285,1.0,3.0,6.0,6.0,1.0,1.0,1.0,0.0,0.0,0.0,0.0,0.0,0.0,0.0,ATTACK,6.0,-2.4000000000000004,7,opponent,80
8.0,0.1111111111111111,1.0,1.0,2.0,5.0,6.0,1.0,1.0,0.0,1.0,0.0,0.0,0.0,0.0,0.0,0.0,RETREAT,-0.1,0.0,8,opponent,80
9.0,0.9166666666666666,1.0,1.0,2.0,5.0,6.0,1.0,1.0,0.0,0.0,0.0,1.0,0.0,0.0,0.0,0.0,PLAY_SUPPORTER,0.4,0.0,9,opponent,80
10.0,0.6666666666666666,1.0,1.0,2.0,5.0,6.0,1.0,0.0,0.0,0.0,1.0,0.0,0.0,0.0,0.0,0.0,ATTACH_ENERGY,0.3,0.2999999999999998,10,opponent,80
11.0,0.6666666666666666,1.0,1.0,2.0,5.0,6.0,0.0,0.0,0.0,0.0,0.0,0.0,0.0,0.0,0.0,1.0,PASS_TURN,0.0,0.0,11,opponent,80
12.0,0.3333333333333333,1.0,1.0,2.0,5.0,6.0,0.0,0.0,1.0,0.0,0.0,0.0,0.0,0.0,0.0,0.0,ATTACK,1.5,0.2999999999999998,12,opponent,80
13.0,0.1111111111111111,0.6666666666666666,0.0,2.0,5.0,5.0,0.0,0.0,1.0,0.0,0.0,0.0,0.0,0.0,0.0,0.0,ATTACK,1.0,0.20000000000000018,13,opponent,80
1.0,1.0,1.0,3.0,2.0,6.0,6.0,2.0,4.0,0.0,1.0,0.0,0.0,0.0,0.0,0.0,0.0,RETREAT,-0.1,0.0,1,opponent,81
2.0,0.42857142857142855,1.0,3.0,2.0,6.0,6.0,2.0,4.0,0.0,0.0,1.0,0.0,0.0,0.0,0.0,0.0,ATTACH_ENERGY,0.3,0.6999999999999997,2,opponent,81
3.0,1.0,1.0,2.0,2.0,6.0,5.0,1.0,4.0,0.0,0.0,1.0,0.0,0.0,0.0,0.0,0.0,ATTACH_ENERGY,0.3,0.7000000000000002,3,opponent,81
4.0,0.8888888888888888,1.0,2.0,2.0,6.0,5.0,0.0,4.0,1.0,0.0,0.0,0.0,0.0,0.0,0.0,0.0,ATTACK,0.5,0.09999999999999964,4,opponent,81
5.0,0.5555555555555556,0.8888888888888888,2.0,2.0,6.0,5.0,0.0,4.0,1.0,0.0,0.0,0.0,0.0,0.0,0.0,0.0,ATTACK,0.5,0.10000000000000009,5,opponent,81
6.0,0.1111111111111111,0.7777777777777778,2.0,2.0,6.0,5.0,0.0,4.0,0.0,1.0,0.0,0.0,0.0,0.0,0.0,0.0,RETREAT,-0.1,0.0,6,opponent,81
7.0,0.7142857142857143,0.7777777777777778,2.0,2.0,6.0,5.0,0.0,4.0,0.0,0.0,0.0,1.0,0.0,0.0,0.0,0.0,PLAY_SUPPORTER,0.4,0.0,7,opponent,81
8.0,0.2857142857142857,0.7777777777777778,2.0,2.0,6.0,5.0,0.0,3.0,0.0,0.0,0.0,1.0,0.0,0.0,0.0,0.0,PLAY_SUPPORTER,0.4,0.0,8,opponent,81
9.0,0.2857142857142857,0.7777777777777778,2.0,2.0,6.0,5.0,0.0,2.0,0.0,0.0,0.0,0.0,1.0,0.0,0.0,0.0,PLAY_BASIC_TO_BENCH,0.2,1.5,9,opponent,81
10.0,0.1111111111111111,0.7777777777777778,2.0,2.0,6.0,4.0,0.0,1.0,0.0,1.0,0.0,0.0,0.0,0.0,0.0,0.0,RETREAT,-0.1,0.0,10,opponent,81
11.0,0.5714285714285714,0.7777777777777778,2.0,2.0,6.0,4.0,0.0,1.0,0.0,0.0,0.0,1.0,0.0,0.0,0.0,0.0,PLAY_SUPPORTER,0.4,0.0,11,opponent,81
12.0,0.5714285714285714,0.7777777777777778,2.0,2.0,6.0,4.0,0.0,0.0,0.0,1.0,0.0,0.0,0.0,0.0,0.0,0.0,RETREAT,-0.1,0.0,12,opponent,81
13.0,0.5714285714285714,0.7777777777777778,1.0,2.0,6.0,3.0,0.0,0.0,0.0,0.0,0.0,0.0,0.0,0.0,0.0,1.0,PASS_TURN,0.0,0.0,13,opponent,81
14.0,0.2857142857142857,0.7777777777777778,1.0,2.0,6.0,3.0,0.0,0.0,0.0,0.0,0.0,0.0,0.0,0.0,0.0,1.0,PASS_TURN,0.0,0.0,14,opponent,81
15.0,1.0,0.7777777777777778,0.0,2.0,6.0,2.0,0.0,0.0,0.0,0.0,0.0,0.0,0.0,0.0,0.0,1.0,PASS_TURN,0.0,0.0,15,opponent,81
16.0,0.7,0.7777777777777778,0.0,2.0,6.0,2.0,0.0,0.0,0.0,0.0,0.0,0.0,0.0,0.0,0.0,1.0,PASS_TURN,0.0,0.0,16,opponent,81
17.0,0.5,0.7777777777777778,0.0,2.0,6.0,2.0,0.0,0.0,0.0,0.0,0.0,0.0,0.0,0.0,0.0,1.0,PASS_TURN,0.0,0.0,17,opponent,81
18.0,0.4,0.7777777777777778,0.0,2.0,6.0,2.0,0.0,0.0,0.0,0.0,0.0,0.0,0.0,0.0,0.0,1.0,PASS_TURN,0.0,0.0,18,opponent,81
19.0,0.1,0.7777777777777778,0.0,2.0,6.0,2.0,0.0,0.0,0.0,0.0,0.0,0.0,0.0,0.0,0.0,1.0,PASS_TURN,0.0,0.0,19,opponent,81
1.0,1.0,1.0,2.0,1.0,6.0,6.0,0.0,5.0,0.0,0.0,0.0,1.0,0.0,0.0,0.0,0.0,PLAY_SUPPORTER,0.4,0.0,1,opponent,82
2.0,0.7857142857142857,1.0,2.0,1.0,6.0,6.0,0.0,4.0,0.0,0.0,0.0,1.0,0.0,0.0,0.0,0.0,PLAY_SUPPORTER,0.4,0.0,2,opponent,82
3.0,0.5714285714285714,1.0,2.0,1.0,6.0,6.0,0.0,3.0,0.0,0.0,0.0,1.0,0.0,0.0,0.0,0.0,PLAY_SUPPORTER,0.4,0.0,3,opponent,82
4.0,0.5714285714285714,1.0,2.0,1.0,6.0,6.0,0.0,2.0,0.0,0.0,0.0,1.0,0.0,0.0,0.0,0.0,PLAY_SUPPORTER,0.4,0.0,4,opponent,82
5.0,0.35714285714285715,1.0,2.0,1.0,6.0,6.0,0.0,1.0,0.0,0.0,0.0,1.0,0.0,0.0,0.0,0.0,PLAY_SUPPORTER,0.4,0.0,5,opponent,82
6.0,0.2857142857142857,1.0,2.0,1.0,6.0,6.0,0.0,0.0,0.0,1.0,0.0,0.0,0.0,0.0,0.0,0.0,RETREAT,-0.1,0.0,6,opponent,82
7.0,0.7142857142857143,1.0,2.0,1.0,6.0,6.0,0.0,0.0,0.0,0.0,0.0,0.0,0.0,0.0,0.0,1.0,PASS_TURN,0.0,0.0,7,opponent,82
8.0,0.2857142857142857,1.0,2.0,1.0,6.0,6.0,0.0,0.0,0.0,1.0,0.0,0.0,0.0,0.0,0.0,0.0,RETREAT,-0.1,0.0,8,opponent,82
9.0,0.875,1.0,2.0,1.0,6.0,6.0,0.0,0.0,0.0,0.0,0.0,0.0,0.0,0.0,0.0,1.0,PASS_TURN,0.0,0.0,9,opponent,82
10.0,0.75,1.0,2.0,1.0,6.0,6.0,0.0,0.0,0.0,0.0,0.0,0.0,0.0,0.0,0.0,1.0,PASS_TURN,0.0,0.0,10,opponent,82
11.0,0.375,1.0,2.0,1.0,6.0,6.0,0.0,0.0,0.0,1.0,0.0,0.0,0.0,0.0,0.0,0.0,RETREAT,-0.1,0.0,11,opponent,82
12.0,0.07142857142857142,1.0,2.0,1.0,6.0,6.0,0.0,0.0,0.0,1.0,0.0,0.0,0.0,0.0,0.0,0.0,RETREAT,-0.1,0.0,12,opponent,82
13.0,0.07142857142857142,1.0,1.0,1.0,6.0,5.0,0.0,0.0,0.0,1.0,0.0,0.0,0.0,0.0,0.0,0.0,RETREAT,-0.1,0.0,13,opponent,82
14.0,0.07142857142857142,1.0,0.0,1.0,6.0,4.0,0.0,0.0,0.0,0.0,0.0,0.0,0.0,0.0,0.0,1.0,PASS_TURN,0.0,0.0,14,opponent,82
15.0,0.07142857142857142,1.0,0.0,1.0,6.0,4.0,0.0,0.0,0.0,0.0,0.0,0.0,0.0,0.0,0.0,1.0,PASS_TURN,0.0,0.0,15,opponent,82
1.0,1.0,1.0,3.0,2.0,6.0,6.0,3.0,6.0,0.0,0.0,0.0,0.0,0.0,0.0,0.0,1.0,PASS_TURN,0.0,0.0,1,opponent,83
2.0,0.75,1.0,3.0,2.0,6.0,6.0,3.0,6.0,0.0,0.0,1.0,0.0,0.0,0.0,0.0,0.0,ATTACH_ENERGY,0.3,0.6999999999999997,2,opponent,83
3.0,0.6666666666666666,1.0,3.0,2.0,6.0,6.0,2.0,6.0,1.0,0.0,0.0,0.0,0.0,0.0,0.0,0.0,ATTACK,1.0,0.20000000000000018,3,opponent,83
4.0,0.4166666666666667,0.75,3.0,2.0,6.0,6.0,2.0,6.0,1.0,0.0,0.0,0.0,0.0,0.0,0.0,0.0,ATTACK,1.0,0.19999999999999973,4,opponent,83
5.0,0.4166666666666667,0.5,3.0,2.0,6.0,6.0,2.0,6.0,1.0,0.0,0.0,0.0,0.0,0.0,0.0,0.0,ATTACK,1.0,0.20000000000000018,5,opponent,83
6.0,0.25,0.25,3.0,2.0,6.0,6.0,2.0,6.0,1.0,0.0,0.0,0.0,0.0,0.0,0.0,0.0,ATTACK,6.0,-2.3,6,opponent,83
7.0,0.08333333333333333,1.0,3.0,1.0,5.0,6.0,2.0,6.0,0.0,1.0,0.0,0.0,0.0,0.0,0.0,0.0,RETREAT,-0.1,0.0,7,opponent,83
8.0,0.5,1.0,3.0,1.0,5.0,6.0,2.0,6.0,0.0,0.0,0.0,1.0,0.0,0.0,0.0,0.0,PLAY_SUPPORTER,0.4,0.0,8,opponent,83
9.0,0.5,1.0,3.0,1.0,5.0,6.0,2.0,5.0,0.0,0.0,1.0,0.0,0.0,0.0,0.0,0.0,ATTACH_ENERGY,0.3,0.29999999999999993,9,opponent,83
10.0,0.08333333333333333,1.0,2.0,1.0,5.0,5.0,1.0,5.0,0.0,1.0,0.0,0.0,0.0,0.0,0.0,0.0,RETREAT,-0.1,0.0,10,opponent,83
11.0,0.7777777777777778,1.0,2.0,1.0,5.0,5.0,1.0,5.0,1.0,0.0,0.0,0.0,0.0,0.0,0.0,0.0,ATTACK,1.0,0.19999999999999996,11,opponent,83
12.0,0.4444444444444444,0.7142857142857143,2.0,1.0,5.0,5.0,1.0,5.0,1.0,0.0,0.0,0.0,0.0,0.0,0.0,0.0,ATTACK,1.0,0.19999999999999973,12,opponent,83
13.0,0.4444444444444444,0.42857142857142855,2.0,1.0,5.0,5.0,1.0,5.0,1.0,0.0,0.0,0.0,0.0,0.0,0.0,0.0,ATTACK,1.0,0.20000000000000018,13,opponent,83
14.0,0.4444444444444444,0.14285714285714285,2.0,1.0,5.0,5.0,1.0,5.0,1.0,0.0,0.0,0.0,0.0,0.0,0.0,0.0,ATTACK,6.0,-2.4,14,opponent,83
15.0,0.1111111111111111,1.0,2.0,0.0,4.0,5.0,1.0,5.0,0.0,1.0,0.0,0.0,0.0,0.0,0.0,0.0,RETREAT,-0.1,0.0,15,opponent,83
16.0,0.1111111111111111,1.0,1.0,0.0,4.0,4.0,1.0,5.0,0.0,1.0,0.0,0.0,0.0,0.0,0.0,0.0,RETREAT,-0.1,0.0,16,opponent,83
17.0,0.875,1.0,1.0,0.0,4.0,4.0,1.0,5.0,0.0,0.0,0.0,1.0,0.0,0.0,0.0,0.0,PLAY_SUPPORTER,0.4,0.0,17,opponent,83
18.0,0.75,1.0,1.0,0.0,4.0,4.0,1.0,4.0,0.0,0.0,0.0,1.0,0.0,0.0,0.0,0.0,PLAY_SUPPORTER,0.4,0.0,18,opponent,83
19.0,0.5,1.0,1.0,0.0,4.0,4.0,1.0,3.0,0.0,0.0,0.0,1.0,0.0,0.0,0.0,0.0,PLAY_SUPPORTER,0.4,0.0,19,opponent,83
20.0,0.1111111111111111,1.0,0.0,0.0,4.0,3.0,1.0,2.0,0.0,0.0,0.0,1.0,0.0,0.0,0.0,0.0,PLAY_SUPPORTER,0.4,0.0,20,opponent,83
21.0,0.1111111111111111,1.0,0.0,0.0,4.0,3.0,1.0,1.0,0.0,0.0,0.0,1.0,0.0,0.0,0.0,0.0,PLAY_SUPPORTER,0.4,0.0,21,opponent,83
1.0,1.0,1.0,0.0,0.0,6.0,6.0,1.0,6.0,0.0,0.0,1.0,0.0,0.0,0.0,0.0,0.0,ATTACH_ENERGY,0.3,0.7,1,opponent,84
2.0,0.5,1.0,0.0,0.0,6.0,6.0,0.0,6.0,1.0,0.0,0.0,0.0,0.0,0.0,0.0,0.0,ATTACK,1.0,0.19999999999999996,2,opponent,84
3.0,0.125,0.8,0.0,0.0,6.0,6.0,0.0,6.0,0.0,0.0,0.0,0.0,0.0,0.0,0.0,1.0,PASS_TURN,0.0,0.0,3,opponent,84
1.0,1.0,1.0,2.0,2.0,6.0,6.0,0.0,4.0,0.0,1.0,0.0,0.0,0.0,0.0,0.0,0.0,RETREAT,-0.1,0.0,1,opponent,85
2.0,0.8333333333333334,1.0,2.0,2.0,6.0,6.0,0.0,4.0,0.0,0.0,0.0,1.0,0.0,0.0,0.0,0.0,PLAY_SUPPORTER,0.4,0.0,2,opponent,85
3.0,0.16666666666666666,1.0,2.0,2.0,6.0,6.0,0.0,3.0,0.0,1.0,0.0,0.0,0.0,0.0,0.0,0.0,RETREAT,-0.1,0.0,3,opponent,85
4.0,0.5,1.0,2.0,2.0,6.0,6.0,0.0,3.0,0.0,0.0,0.0,1.0,0.0,0.0,0.0,0.0,PLAY_SUPPORTER,0.4,0.0,4,opponent,85
5.0,0.5,1.0,2.0,2.0,6.0,6.0,0.0,2.0,0.0,0.0,0.0,1.0,0.0,0.0,0.0,0.0,PLAY_SUPPORTER,0.4,0.0,5,opponent,85
6.0,0.125,1.0,2.0,2.0,6.0,6.0,0.0,1.0,0.0,1.0,0.0,0.0,0.0,0.0,0.0,0.0,RETREAT,-0.1,0.0,6,opponent,85
7.0,0.125,1.0,1.0,2.0,6.0,5.0,0.0,1.0,0.0,1.0,0.0,0.0,0.0,0.0,0.0,0.0,RETREAT,-0.1,0.0,7,opponent,85
8.0,0.8333333333333334,1.0,1.0,2.0,6.0,5.0,0.0,1.0,0.0,0.0,0.0,1.0,0.0,0.0,0.0,0.0,PLAY_SUPPORTER,0.4,0.0,8,opponent,85
9.0,0.75,1.0,1.0,2.0,6.0,5.0,0.0,0.0,0.0,0.0,0.0,0.0,0.0,0.0,0.0,1.0,PASS_TURN,0.0,0.0,9,opponent,85
10.0,0.4166666666666667,1.0,1.0,2.0,6.0,5.0,0.0,0.0,0.0,0.0,0.0,0.0,0.0,0.0,0.0,1.0,PASS_TURN,0.0,0.0,10,opponent,85
11.0,0.25,1.0,1.0,2.0,6.0,5.0,0.0,0.0,0.0,1.0,0.0,0.0,0.0,0.0,0.0,0.0,RETREAT,-0.1,0.0,11,opponent,85
12.0,0.25,1.0,0.0,2.0,6.0,4.0,0.0,0.0,0.0,0.0,0.0,0.0,0.0,0.0,0.0,1.0,PASS_TURN,0.0,0.0,12,opponent,85
1.0,1.0,1.0,2.0,0.0,6.0,6.0,2.0,5.0,0.0,0.0,1.0,0.0,0.0,0.0,0.0,0.0,ATTACH_ENERGY,0.3,0.7000000000000002,1,opponent,86
2.0,0.3333333333333333,1.0,2.0,0.0,6.0,6.0,1.0,5.0,0.0,0.0,1.0,0.0,0.0,0.0,0.0,0.0,ATTACH_ENERGY,0.3,0.7000000000000002,2,opponent,86
3.0,0.3333333333333333,1.0,2.0,0.0,6.0,6.0,0.0,5.0,0.0,0.0,0.0,1.0,0.0,0.0,0.0,0.0,PLAY_SUPPORTER,0.4,0.0,3,opponent,86
4.0,1.0,1.0,1.0,0.0,6.0,5.0,0.0,4.0,0.0,0.0,0.0,1.0,0.0,0.0,0.0,0.0,PLAY_SUPPORTER,0.4,0.0,4,opponent,86
5.0,1.0,1.0,1.0,0.0,6.0,5.0,0.0,3.0,0.0,0.0,0.0,1.0,0.0,0.0,0.0,0.0,PLAY_SUPPORTER,0.4,0.0,5,opponent,86
6.0,0.6666666666666666,1.0,1.0,0.0,6.0,5.0,0.0,2.0,0.0,0.0,0.0,1.0,0.0,0.0,0.0,0.0,PLAY_SUPPORTER,0.4,0.0,6,opponent,86
7.0,0.5,1.0,1.0,0.0,6.0,5.0,0.0,1.0,0.0,0.0,0.0,1.0,0.0,0.0,0.0,0.0,PLAY_SUPPORTER,0.4,0.0,7,opponent,86
8.0,0.4166666666666667,1.0,1.0,0.0,6.0,5.0,0.0,0.0,0.0,0.0,0.0,0.0,0.0,0.0,0.0,1.0,PASS_TURN,0.0,0.0,8,opponent,86
9.0,0.4166666666666667,1.0,1.0,0.0,6.0,5.0,0.0,0.0,0.0,0.0,0.0,0.0,0.0,0.0,0.0,1.0,PASS_TURN,0.0,0.0,9,opponent,86
10.0,0.4166666666666667,1.0,1.0,0.0,6.0,5.0,0.0,0.0,0.0,1.0,0.0,0.0,0.0,0.0,0.0,0.0,RETREAT,-0.1,0.0,10,opponent,86
11.0,1.0,1.0,1.0,0.0,6.0,5.0,0.0,0.0,0.0,0.0,0.0,0.0,0.0,0.0,0.0,1.0,PASS_TURN,0.0,0.0,11,opponent,86
12.0,0.7857142857142857,1.0,1.0,0.0,6.0,5.0,0.0,0.0,0.0,1.0,0.0,0.0,0.0,0.0,0.0,0.0,RETREAT,-0.1,0.0,12,opponent,86
13.0,0.3333333333333333,1.0,1.0,0.0,6.0,5.0,0.0,0.0,0.0,0.0,0.0,0.0,0.0,0.0,0.0,1.0,PASS_TURN,0.0,0.0,13,opponent,86
14.0,0.08333333333333333,1.0,1.0,0.0,6.0,5.0,0.0,0.0,0.0,1.0,0.0,0.0,0.0,0.0,0.0,0.0,RETREAT,-0.1,0.0,14,opponent,86
15.0,0.7857142857142857,1.0,1.0,0.0,6.0,5.0,0.0,0.0,0.0,0.0,0.0,0.0,0.0,0.0,0.0,1.0,PASS_TURN,0.0,0.0,15,opponent,86
16.0,0.6428571428571429,1.0,1.0,0.0,6.0,5.0,0.0,0.0,0.0,0.0,0.0,0.0,0.0,0.0,0.0,1.0,PASS_TURN,0.0,0.0,16,opponent,86
17.0,0.6428571428571429,1.0,1.0,0.0,6.0,5.0,0.0,0.0,0.0,0.0,0.0,0.0,0.0,0.0,0.0,1.0,PASS_TURN,0.0,0.0,17,opponent,86
18.0,0.5714285714285714,1.0,1.0,0.0,6.0,5.0,0.0,0.0,0.0,0.0,0.0,0.0,0.0,0.0,0.0,1.0,PASS_TURN,0.0,0.0,18,opponent,86
19.0,0.42857142857142855,1.0,1.0,0.0,6.0,5.0,0.0,0.0,0.0,0.0,0.0,0.0,0.0,0.0,0.0,1.0,PASS_TURN,0.0,0.0,19,opponent,86
20.0,0.42857142857142855,1.0,1.0,0.0,6.0,5.0,0.0,0.0,0.0,0.0,0.0,0.0,0.0,0.0,0.0,1.0,PASS_TURN,0.0,0.0,20,opponent,86
21.0,0.21428571428571427,1.0,1.0,0.0,6.0,5.0,0.0,0.0,0.0,1.0,0.0,0.0,0.0,0.0,0.0,0.0,RETREAT,-0.1,0.0,21,opponent,86
22.0,0.08333333333333333,1.0,1.0,0.0,6.0,5.0,0.0,0.0,0.0,1.0,0.0,0.0,0.0,0.0,0.0,0.0,RETREAT,-0.1,0.0,22,opponent,86
23.0,0.21428571428571427,1.0,1.0,0.0,6.0,5.0,0.0,0.0,0.0,1.0,0.0,0.0,0.0,0.0,0.0,0.0,RETREAT,-0.1,0.0,23,opponent,86
24.0,0.21428571428571427,1.0,0.0,0.0,6.0,4.0,0.0,0.0,0.0,0.0,0.0,0.0,0.0,0.0,0.0,1.0,PASS_TURN,0.0,0.0,24,opponent,86
25.0,0.07142857142857142,1.0,0.0,0.0,6.0,4.0,0.0,0.0,0.0,0.0,0.0,0.0,0.0,0.0,0.0,1.0,PASS_TURN,0.0,0.0,25,opponent,86
1.0,1.0,1.0,0.0,2.0,6.0,6.0,1.0,3.0,0.0,0.0,0.0,0.0,0.0,0.0,0.0,1.0,PASS_TURN,0.0,0.0,1,opponent,87
2.0,0.5,1.0,0.0,2.0,6.0,6.0,1.0,3.0,0.0,0.0,1.0,0.0,0.0,0.0,0.0,0.0,ATTACH_ENERGY,0.3,0.6999999999999997,2,opponent,87
3.0,0.375,1.0,0.0,2.0,6.0,6.0,0.0,3.0,1.0,0.0,0.0,0.0,0.0,0.0,0.0,0.0,ATTACK,0.5,0.10000000000000009,3,opponent,87
1.0,1.0,1.0,3.0,0.0,6.0,6.0,1.0,6.0,0.0,0.0,1.0,0.0,0.0,0.0,0.0,0.0,ATTACH_ENERGY,0.3,0.6999999999999993,1,me,88
2.0,0.8571428571428571,1.0,3.0,0.0,6.0,6.0,0.0,6.0,0.0,0.0,0.0,1.0,0.0,0.0,0.0,0.0,PLAY_SUPPORTER,0.4,0.0,2,me,88
3.0,0.5714285714285714,1.0,3.0,0.0,6.0,6.0,0.0,5.0,1.0,0.0,0.0,0.0,0.0,0.0,0.0,0.0,ATTACK,1.5,0.29999999999999893,3,me,88
4.0,0.42857142857142855,0.7,3.0,0.0,6.0,6.0,0.0,5.0,1.0,0.0,0.0,0.0,0.0,0.0,0.0,0.0,ATTACK,1.5,0.3000000000000007,4,me,88
5.0,0.14285714285714285,0.4,3.0,0.0,6.0,6.0,0.0,5.0,1.0,0.0,0.0,0.0,0.0,0.0,0.0,0.0,ATTACK,1.5,0.2999999999999998,5,me,88
6.0,0.14285714285714285,0.1,3.0,0.0,6.0,6.0,0.0,5.0,1.0,0.0,0.0,0.0,0.0,0.0,0.0,0.0,ATTACK,6.5,-2.8999999999999995,6,me,88
1.0,1.0,1.0,1.0,1.0,6.0,6.0,0.0,3.0,0.0,0.0,0.0,1.0,0.0,0.0,0.0,0.0,PLAY_SUPPORTER,0.4,0.0,1,opponent,89
2.0,0.7142857142857143,1.0,1.0,1.0,6.0,6.0,0.0,2.0,0.0,0.0,0.0,1.0,0.0,0.0,0.0,0.0,PLAY_SUPPORTER,0.4,0.0,2,opponent,89
3.0,0.7142857142857143,1.0,1.0,1.0,6.0,6.0,0.0,1.0,0.0,0.0,0.0,1.0,0.0,0.0,0.0,0.0,PLAY_SUPPORTER,0.4,0.0,3,opponent,89
4.0,0.2857142857142857,1.0,1.0,1.0,6.0,6.0,0.0,0.0,0.0,1.0,0.0,0.0,0.0,0.0,0.0,0.0,RETREAT,-0.1,0.0,4,opponent,89
5.0,0.8571428571428571,1.0,1.0,1.0,6.0,6.0,0.0,0.0,0.0,0.0,0.0,0.0,0.0,0.0,0.0,1.0,PASS_TURN,0.0,0.0,5,opponent,89
6.0,0.8571428571428571,1.0,1.0,1.0,6.0,6.0,0.0,0.0,0.0,0.0,0.0,0.0,0.0,0.0,0.0,1.0,PASS_TURN,0.0,0.0,6,opponent,89
7.0,0.42857142857142855,1.0,1.0,1.0,6.0,6.0,0.0,0.0,0.0,0.0,0.0,0.0,0.0,0.0,0.0,1.0,PASS_TURN,0.0,0.0,7,opponent,89
8.0,0.2857142857142857,1.0,0.0,1.0,6.0,5.0,0.0,0.0,0.0,0.0,0.0,0.0,0.0,0.0,0.0,1.0,PASS_TURN,0.0,0.0,8,opponent,89
9.0,0.2857142857142857,1.0,0.0,1.0,6.0,5.0,0.0,0.0,0.0,0.0,0.0,0.0,0.0,0.0,0.0,1.0,PASS_TURN,0.0,0.0,9,opponent,89
1.0,1.0,1.0,3.0,2.0,6.0,6.0,1.0,5.0,0.0,1.0,0.0,0.0,0.0,0.0,0.0,0.0,RETREAT,-0.1,0.0,1,opponent,90
2.0,0.8571428571428571,1.0,3.0,2.0,6.0,6.0,1.0,5.0,0.0,0.0,1.0,0.0,0.0,0.0,0.0,0.0,ATTACH_ENERGY,0.3,0.7000000000000002,2,opponent,90
3.0,0.7142857142857143,1.0,3.0,2.0,6.0,6.0,0.0,5.0,1.0,0.0,0.0,0.0,0.0,0.0,0.0,0.0,ATTACK,1.0,0.20000000000000018,3,opponent,90
4.0,0.42857142857142855,0.8,3.0,2.0,6.0,6.0,0.0,5.0,1.0,0.0,0.0,0.0,0.0,0.0,0.0,0.0,ATTACK,1.0,0.20000000000000018,4,opponent,90
5.0,0.2857142857142857,0.6,3.0,2.0,6.0,6.0,0.0,5.0,0.0,1.0,0.0,0.0,0.0,0.0,0.0,0.0,RETREAT,-0.1,0.0,5,opponent,90
6.0,0.8,0.6,3.0,2.0,6.0,6.0,0.0,5.0,0.0,0.0,0.0,1.0,0.0,0.0,0.0,0.0,PLAY_SUPPORTER,0.4,0.0,6,opponent,90
7.0,0.5,0.6,3.0,2.0,6.0,6.0,0.0,4.0,0.0,0.0,0.0,1.0,0.0,0.0,0.0,0.0,PLAY_SUPPORTER,0.4,0.0,7,opponent,90
8.0,0.5,0.6,3.0,2.0,6.0,6.0,0.0,3.0,0.0,0.0,0.0,1.0,0.0,0.0,0.0,0.0,PLAY_SUPPORTER,0.4,0.0,8,opponent,90
9.0,0.4,0.6,3.0,2.0,6.0,6.0,0.0,2.0,0.0,0.0,0.0,0.0,1.0,0.0,0.0,0.0,PLAY_BASIC_TO_BENCH,0.2,1.1,9,opponent,90
10.0,0.4,0.6,4.0,2.0,6.0,6.0,0.0,1.0,0.0,1.0,0.0,0.0,0.0,0.0,0.0,0.0,RETREAT,-0.1,0.0,10,opponent,90
11.0,0.875,0.6,4.0,2.0,6.0,6.0,0.0,1.0,0.0,0.0,0.0,1.0,0.0,0.0,0.0,0.0,PLAY_SUPPORTER,0.4,0.0,11,opponent,90
12.0,0.625,0.6,4.0,2.0,6.0,6.0,0.0,0.0,0.0,0.0,0.0,0.0,0.0,0.0,0.0,1.0,PASS_TURN,0.0,0.0,12,opponent,90
13.0,0.375,0.6,4.0,2.0,6.0,6.0,0.0,0.0,0.0,0.0,0.0,0.0,0.0,0.0,0.0,1.0,PASS_TURN,0.0,0.0,13,opponent,90
14.0,0.125,0.6,4.0,2.0,6.0,6.0,0.0,0.0,0.0,0.0,0.0,0.0,0.0,0.0,0.0,1.0,PASS_TURN,0.0,0.0,14,opponent,90
15.0,0.2857142857142857,0.6,3.0,2.0,6.0,5.0,0.0,0.0,0.0,1.0,0.0,0.0,0.0,0.0,0.0,0.0,RETREAT,-0.1,0.0,15,opponent,90
16.0,0.1,0.6,3.0,2.0,6.0,5.0,0.0,0.0,0.0,1.0,0.0,0.0,0.0,0.0,0.0,0.0,RETREAT,-0.1,0.0,16,opponent,90
17.0,0.2857142857142857,0.6,3.0,2.0,6.0,5.0,0.0,0.0,0.0,1.0,0.0,0.0,0.0,0.0,0.0,0.0,RETREAT,-0.1,0.0,17,opponent,90
18.0,0.2857142857142857,0.6,2.0,2.0,6.0,4.0,0.0,0.0,0.0,1.0,0.0,0.0,0.0,0.0,0.0,0.0,RETREAT,-0.1,0.0,18,opponent,90
19.0,1.0,0.6,2.0,2.0,6.0,4.0,0.0,0.0,0.0,0.0,0.0,0.0,0.0,0.0,0.0,1.0,PASS_TURN,0.0,0.0,19,opponent,90
20.0,0.8333333333333334,0.6,2.0,2.0,6.0,4.0,0.0,0.0,0.0,0.0,0.0,0.0,0.0,0.0,0.0,1.0,PASS_TURN,0.0,0.0,20,opponent,90
21.0,0.6666666666666666,0.6,2.0,2.0,6.0,4.0,0.0,0.0,0.0,0.0,0.0,0.0,0.0,0.0,0.0,1.0,PASS_TURN,0.0,0.0,21,opponent,90
22.0,0.5,0.6,2.0,2.0,6.0,4.0,0.0,0.0,0.0,0.0,0.0,0.0,0.0,0.0,0.0,1.0,PASS_TURN,0.0,0.0,22,opponent,90
23.0,0.2857142857142857,0.6,1.0,2.0,6.0,3.0,0.0,0.0,0.0,1.0,0.0,0.0,0.0,0.0,0.0,0.0,RETREAT,-0.1,0.0,23,opponent,90
24.0,0.3333333333333333,0.6,1.0,2.0,6.0,3.0,0.0,0.0,0.0,0.0,0.0,0.0,0.0,0.0,0.0,1.0,PASS_TURN,0.0,0.0,24,opponent,90
25.0,0.2857142857142857,0.6,0.0,2.0,6.0,2.0,0.0,0.0,1.0,0.0,0.0,0.0,0.0,0.0,0.0,0.0,ATTACK,1.0,0.20000000000000107,25,opponent,90
1.0,1.0,1.0,2.0,3.0,6.0,6.0,1.0,3.0,0.0,0.0,1.0,0.0,0.0,0.0,0.0,0.0,ATTACH_ENERGY,0.3,0.7000000000000002,1,opponent,91
2.0,0.8333333333333334,1.0,2.0,3.0,6.0,6.0,0.0,3.0,1.0,0.0,0.0,0.0,0.0,0.0,0.0,0.0,ATTACK,1.0,0.19999999999999973,2,opponent,91
3.0,0.5,0.8571428571428571,2.0,3.0,6.0,6.0,0.0,3.0,1.0,0.0,0.0,0.0,0.0,0.0,0.0,0.0,ATTACK,1.0,0.2000000000000004,3,opponent,91
4.0,0.3333333333333333,0.7142857142857143,2.0,3.0,6.0,6.0,0.0,3.0,0.0,0.0,0.0,1.0,0.0,0.0,0.0,0.0,PLAY_SUPPORTER,0.4,0.0,4,opponent,91
5.0,0.16666666666666666,0.7142857142857143,2.0,3.0,6.0,6.0,0.0,2.0,0.0,1.0,0.0,0.0,0.0,0.0,0.0,0.0,RETREAT,-0.1,0.0,5,opponent,91
6.0,0.8888888888888888,0.7142857142857143,2.0,3.0,6.0,6.0,0.0,2.0,0.0,0.0,0.0,1.0,0.0,0.0,0.0,0.0,PLAY_SUPPORTER,0.4,0.0,6,opponent,91
7.0,0.6666666666666666,0.7142857142857143,2.0,3.0,6.0,6.0,0.0,1.0,0.0,0.0,0.0,1.0,0.0,0.0,0.0,0.0,PLAY_SUPPORTER,0.4,0.0,7,opponent,91
8.0,0.6666666666666666,0.7142857142857143,2.0,3.0,6.0,6.0,0.0,0.0,0.0,0.0,0.0,0.0,0.0,0.0,0.0,1.0,PASS_TURN,0.0,0.0,8,opponent,91
9.0,0.5555555555555556,0.7142857142857143,2.0,3.0,6.0,6.0,0.0,0.0,0.0,0.0,0.0,0.0,0.0,0.0,0.0,1.0,PASS_TURN,0.0,0.0,9,opponent,91
10.0,0.3333333333333333,0.7142857142857143,2.0,3.0,6.0,6.0,0.0,0.0,0.0,0.0,0.0,0.0,0.0,0.0,0.0,1.0,PASS_TURN,0.0,0.0,10,opponent,91
11.0,0.1111111111111111,0.7142857142857143,2.0,3.0,6.0,6.0,0.0,0.0,0.0,1.0,0.0,0.0,0.0,0.0,0.0,0.0,RETREAT,-0.1,0.0,11,opponent,91
12.0,0.1111111111111111,0.7142857142857143,1.0,3.0,6.0,5.0,0.0,0.0,0.0,1.0,0.0,0.0,0.0,0.0,0.0,0.0,RETREAT,-0.1,0.0,12,opponent,91
13.0,0.5714285714285714,0.7142857142857143,1.0,3.0,6.0,5.0,0.0,0.0,0.0,0.0,0.0,0.0,0.0,0.0,0.0,1.0,PASS_TURN,0.0,0.0,13,opponent,91
14.0,0.5714285714285714,0.7142857142857143,1.0,3.0,6.0,5.0,0.0,0.0,0.0,0.0,0.0,0.0,0.0,0.0,0.0,1.0,PASS_TURN,0.0,0.0,14,opponent,91
15.0,0.5714285714285714,0.7142857142857143,1.0,3.0,6.0,5.0,0.0,0.0,0.0,0.0,0.0,0.0,0.0,0.0,0.0,1.0,PASS_TURN,0.0,0.0,15,opponent,91
16.0,0.42857142857142855,0.7142857142857143,1.0,3.0,6.0,5.0,0.0,0.0,0.0,0.0,0.0,0.0,0.0,0.0,0.0,1.0,PASS_TURN,0.0,0.0,16,opponent,91
17.0,0.1111111111111111,0.7142857142857143,0.0,3.0,6.0,4.0,0.0,0.0,0.0,0.0,0.0,0.0,0.0,0.0,0.0,1.0,PASS_TURN,0.0,0.0,17,opponent,91
1.0,1.0,1.0,1.0,0.0,6.0,6.0,2.0,3.0,0.0,0.0,1.0,0.0,0.0,0.0,0.0,0.0,ATTACH_ENERGY,0.3,0.6999999999999997,1,me,92
2.0,0.7142857142857143,1.0,1.0,0.0,6.0,6.0,1.0,3.0,1.0,0.0,0.0,0.0,0.0,0.0,0.0,0.0,ATTACK,1.0,0.19999999999999973,2,me,92
3.0,0.5714285714285714,0.75,1.0,0.0,6.0,6.0,1.0,3.0,1.0,0.0,0.0,0.0,0.0,0.0,0.0,0.0,ATTACK,1.0,0.20000000000000018,3,me,92
4.0,0.2857142857142857,0.5,1.0,0.0,6.0,6.0,1.0,3.0,0.0,1.0,0.0,0.0,0.0,0.0,0.0,0.0,RETREAT,-0.1,0.0,4,me,92
5.0,0.75,0.5,1.0,0.0,6.0,6.0,1.0,3.0,0.0,0.0,0.0,1.0,0.0,0.0,0.0,0.0,PLAY_SUPPORTER,0.4,0.0,5,me,92
6.0,0.25,0.5,1.0,0.0,6.0,6.0,1.0,2.0,0.0,1.0,0.0,0.0,0.0,0.0,0.0,0.0,RETREAT,-0.1,0.0,6,me,92
7.0,0.2857142857142857,0.5,1.0,0.0,6.0,6.0,1.0,2.0,0.0,1.0,0.0,0.0,0.0,0.0,0.0,0.0,RETREAT,-0.1,0.0,7,me,92
8.0,0.25,0.5,1.0,0.0,6.0,6.0,1.0,2.0,0.0,0.0,1.0,0.0,0.0,0.0,0.0,0.0,ATTACH_ENERGY,0.3,0.30000000000000004,8,me,92
9.0,0.25,0.5,1.0,0.0,6.0,6.0,0.0,2.0,1.0,0.0,0.0,0.0,0.0,0.0,0.0,0.0,ATTACK,1.5,0.2999999999999998,9,me,92
10.0,0.2857142857142857,0.125,0.0,0.0,6.0,5.0,0.0,2.0,1.0,0.0,0.0,0.0,0.0,0.0,0.0,0.0,ATTACK,6.0,-2.9,10,me,92
1.0,1.0,1.0,3.0,2.0,6.0,6.0,3.0,4.0,0.0,0.0,1.0,0.0,0.0,0.0,0.0,0.0,ATTACH_ENERGY,0.3,0.7,1,opponent,93
2.0,0.7,1.0,3.0,2.0,6.0,6.0,2.0,4.0,0.0,0.0,1.0,0.0,0.0,0.0,0.0,0.0,ATTACH_ENERGY,0.3,0.7000000000000002,2,opponent,93
3.0,0.3,1.0,3.0,2.0,6.0,6.0,1.0,4.0,0.0,0.0,1.0,0.0,0.0,0.0,0.0,0.0,ATTACH_ENERGY,0.3,0.7000000000000002,3,opponent,93
4.0,0.3,1.0,3.0,2.0,6.0,6.0,0.0,4.0,1.0,0.0,0.0,0.0,0.0,0.0,0.0,0.0,ATTACK,11.0,-1.6,4,opponent,93
5.0,0.1,1.0,3.0,1.0,5.0,6.0,0.0,4.0,1.0,0.0,0.0,0.0,0.0,0.0,0.0,0.0,ATTACK,3.0,0.5999999999999996,5,opponent,93
6.0,1.0,0.5714285714285714,2.0,1.0,5.0,5.0,0.0,4.0,0.0,0.0,0.0,1.0,0.0,0.0,0.0,0.0,PLAY_SUPPORTER,0.4,0.0,6,opponent,93
7.0,0.875,0.5714285714285714,2.0,1.0,5.0,5.0,0.0,3.0,0.0,0.0,0.0,1.0,0.0,0.0,0.0,0.0,PLAY_SUPPORTER,0.4,0.0,7,opponent,93
8.0,0.375,0.5714285714285714,2.0,1.0,5.0,5.0,0.0,2.0,0.0,0.0,0.0,1.0,0.0,0.0,0.0,0.0,PLAY_SUPPORTER,0.4,0.0,8,opponent,93
9.0,1.0,0.5714285714285714,1.0,1.0,5.0,4.0,0.0,1.0,0.0,0.0,0.0,1.0,0.0,0.0,0.0,0.0,PLAY_SUPPORTER,0.4,0.0,9,opponent,93
10.0,0.875,0.5714285714285714,1.0,1.0,5.0,4.0,0.0,0.0,0.0,0.0,0.0,0.0,0.0,0.0,0.0,1.0,PASS_TURN,0.0,0.0,10,opponent,93
11.0,0.5,0.5714285714285714,1.0,1.0,5.0,4.0,0.0,0.0,0.0,0.0,0.0,0.0,0.0,0.0,0.0,1.0,PASS_TURN,0.0,0.0,11,opponent,93
12.0,0.25,0.5714285714285714,1.0,1.0,5.0,4.0,0.0,0.0,0.0,1.0,0.0,0.0,0.0,0.0,0.0,0.0,RETREAT,-0.1,0.0,12,opponent,93
13.0,0.8888888888888888,0.5714285714285714,1.0,1.0,5.0,4.0,0.0,0.0,0.0,0.0,0.0,0.0,0.0,0.0,0.0,1.0,PASS_TURN,0.0,0.0,13,opponent,93
14.0,0.4444444444444444,0.5714285714285714,1.0,1.0,5.0,4.0,0.0,0.0,0.0,0.0,0.0,0.0,0.0,0.0,0.0,1.0,PASS_TURN,0.0,0.0,14,opponent,93
15.0,0.4444444444444444,0.5714285714285714,1.0,1.0,5.0,4.0,0.0,0.0,0.0,0.0,0.0,0.0,0.0,0.0,0.0,1.0,PASS_TURN,0.0,0.0,15,opponent,93
16.0,0.25,0.5714285714285714,0.0,1.0,5.0,3.0,0.0,0.0,0.0,0.0,0.0,0.0,0.0,0.0,0.0,1.0,PASS_TURN,0.0,0.0,16,opponent,93
1.0,1.0,1.0,3.0,1.0,6.0,6.0,2.0,3.0,0.0,0.0,1.0,0.0,0.0,0.0,0.0,0.0,ATTACH_ENERGY,0.3,0.6999999999999993,1,opponent,94
2.0,0.5,1.0,3.0,1.0,6.0,6.0,1.0,3.0,0.0,0.0,1.0,0.0,0.0,0.0,0.0,0.0,ATTACH_ENERGY,0.3,0.7000000000000002,2,opponent,94
3.0,0.375,1.0,3.0,1.0,6.0,6.0,0.0,3.0,1.0,0.0,0.0,0.0,0.0,0.0,0.0,0.0,ATTACK,0.5,0.09999999999999964,3,opponent,94
4.0,0.375,0.875,3.0,1.0,6.0,6.0,0.0,3.0,0.0,1.0,0.0,0.0,0.0,0.0,0.0,0.0,RETREAT,-0.1,0.0,4,opponent,94
5.0,0.625,0.875,3.0,1.0,6.0,6.0,0.0,3.0,0.0,1.0,0.0,0.0,0.0,0.0,0.0,0.0,RETREAT,-0.1,0.0,5,opponent,94
6.0,0.9,0.875,3.0,1.0,6.0,6.0,0.0,3.0,0.0,0.0,0.0,1.0,0.0,0.0,0.0,0.0,PLAY_SUPPORTER,0.4,0.0,6,opponent,94
7.0,0.6,0.875,3.0,1.0,6.0,6.0,0.0,2.0,0.0,0.0,0.0,1.0,0.0,0.0,0.0,0.0,PLAY_SUPPORTER,0.4,0.0,7,opponent,94
8.0,0.3,0.875,3.0,1.0,6.0,6.0,0.0,1.0,0.0,0.0,0.0,1.0,0.0,0.0,0.0,0.0,PLAY_SUPPORTER,0.4,0.0,8,opponent,94
9.0,0.375,0.875,2.0,1.0,6.0,5.0,0.0,0.0,1.0,0.0,0.0,0.0,0.0,0.0,0.0,0.0,ATTACK,0.5,0.09999999999999964,9,opponent,94
10.0,0.25,0.75,2.0,1.0,6.0,5.0,0.0,0.0,0.0,1.0,0.0,0.0,0.0,0.0,0.0,0.0,RETREAT,-0.1,0.0,10,opponent,94
11.0,0.42857142857142855,0.75,2.0,1.0,6.0,5.0,0.0,0.0,0.0,0.0,0.0,0.0,0.0,0.0,0.0,1.0,PASS_TURN,0.0,0.0,11,opponent,94
12.0,0.25,0.75,1.0,1.0,6.0,4.0,0.0,0.0,0.0,1.0,0.0,0.0,0.0,0.0,0.0,0.0,RETREAT,-0.1,0.0,12,opponent,94
13.0,0.25,0.75,1.0,1.0,6.0,4.0,0.0,0.0,0.0,1.0,0.0,0.0,0.0,0.0,0.0,0.0,RETREAT,-0.1,0.0,13,opponent,94
14.0,0.25,0.75,1.0,1.0,6.0,4.0,0.0,0.0,1.0,0.0,0.0,0.0,0.0,0.0,0.0,0.0,ATTACK,0.5,0.10000000000000053,14,opponent,94
15.0,0.25,0.625,1.0,1.0,6.0,4.0,0.0,0.0,0.0,0.0,0.0,0.0,0.0,0.0,0.0,1.0,PASS_TURN,0.0,0.0,15,opponent,94
16.0,0.25,0.625,0.0,1.0,6.0,3.0,0.0,0.0,0.0,0.0,0.0,0.0,0.0,0.0,0.0,1.0,PASS_TURN,0.0,0.0,16,opponent,94
17.0,0.25,0.625,0.0,1.0,6.0,3.0,0.0,0.0,0.0,0.0,0.0,0.0,0.0,0.0,0.0,1.0,PASS_TURN,0.0,0.0,17,opponent,94
18.0,0.25,0.625,0.0,1.0,6.0,3.0,0.0,0.0,0.0,0.0,0.0,0.0,0.0,0.0,0.0,1.0,PASS_TURN,0.0,0.0,18,opponent,94
19.0,0.125,0.625,0.0,1.0,6.0,3.0,0.0,0.0,0.0,0.0,0.0,0.0,0.0,0.0,0.0,1.0,PASS_TURN,0.0,0.0,19,opponent,94
1.0,1.0,1.0,0.0,3.0,6.0,6.0,0.0,2.0,0.0,0.0,0.0,1.0,0.0,0.0,0.0,0.0,PLAY_SUPPORTER,0.4,0.0,1,opponent,95
2.0,0.9,1.0,0.0,3.0,6.0,6.0,0.0,1.0,0.0,0.0,0.0,1.0,0.0,0.0,0.0,0.0,PLAY_SUPPORTER,0.4,0.0,2,opponent,95
3.0,0.5,1.0,0.0,3.0,6.0,6.0,0.0,0.0,0.0,0.0,0.0,0.0,0.0,0.0,0.0,1.0,PASS_TURN,0.0,0.0,3,opponent,95
4.0,0.5,1.0,0.0,3.0,6.0,6.0,0.0,0.0,0.0,0.0,0.0,0.0,0.0,0.0,0.0,1.0,PASS_TURN,0.0,0.0,4,opponent,95
5.0,0.5,1.0,0.0,3.0,6.0,6.0,0.0,0.0,0.0,0.0,0.0,0.0,0.0,0.0,0.0,1.0,PASS_TURN,0.0,0.0,5,opponent,95
6.0,0.5,1.0,0.0,3.0,6.0,6.0,0.0,0.0,0.0,0.0,0.0,0.0,0.0,0.0,0.0,1.0,PASS_TURN,0.0,0.0,6,opponent,95
7.0,0.1,1.0,0.0,3.0,6.0,6.0,0.0,0.0,0.0,0.0,0.0,0.0,0.0,0.0,0.0,1.0,PASS_TURN,0.0,0.0,7,opponent,95
1.0,1.0,1.0,3.0,1.0,6.0,6.0,2.0,2.0,0.0,0.0,1.0,0.0,0.0,0.0,0.0,0.0,ATTACH_ENERGY,0.3,0.6999999999999997,1,opponent,96
2.0,0.8571428571428571,1.0,3.0,1.0,6.0,6.0,1.0,2.0,0.0,1.0,0.0,0.0,0.0,0.0,0.0,0.0,RETREAT,-0.1,0.0,2,opponent,96
3.0,0.6666666666666666,1.0,3.0,1.0,6.0,6.0,1.0,2.0,0.0,0.0,1.0,0.0,0.0,0.0,0.0,0.0,ATTACH_ENERGY,0.3,0.6999999999999997,3,opponent,96
4.0,1.0,1.0,2.0,1.0,6.0,5.0,0.0,2.0,0.0,0.0,0.0,1.0,0.0,0.0,0.0,0.0,PLAY_SUPPORTER,0.4,0.0,4,opponent,96
5.0,1.0,1.0,2.0,1.0,6.0,5.0,0.0,1.0,0.0,0.0,0.0,1.0,0.0,0.0,0.0,0.0,PLAY_SUPPORTER,0.4,0.0,5,opponent,96
6.0,0.5,1.0,2.0,1.0,6.0,5.0,0.0,0.0,0.0,0.0,0.0,0.0,0.0,0.0,0.0,1.0,PASS_TURN,0.0,0.0,6,opponent,96
7.0,0.25,1.0,2.0,1.0,6.0,5.0,0.0,0.0,0.0,1.0,0.0,0.0,0.0,0.0,0.0,0.0,RETREAT,-0.1,0.0,7,opponent,96
8.0,0.7142857142857143,1.0,2.0,1.0,6.0,5.0,0.0,0.0,0.0,0.0,0.0,0.0,0.0,0.0,0.0,1.0,PASS_TURN,0.0,0.0,8,opponent,96
9.0,0.14285714285714285,1.0,2.0,1.0,6.0,5.0,0.0,0.0,0.0,1.0,0.0,0.0,0.0,0.0,0.0,0.0,RETREAT,-0.1,0.0,9,opponent,96
10.0,0.125,1.0,2.0,1.0,6.0,5.0,0.0,0.0,0.0,0.0,0.0,0.0,0.0,0.0,0.0,1.0,PASS_TURN,0.0,0.0,10,opponent,96
11.0,0.14285714285714285,1.0,1.0,1.0,6.0,4.0,0.0,0.0,0.0,1.0,0.0,0.0,0.0,0.0,0.0,0.0,RETREAT,-0.1,0.0,11,opponent,96
12.0,0.42857142857142855,1.0,1.0,1.0,6.0,4.0,0.0,0.0,1.0,0.0,0.0,0.0,0.0,0.0,0.0,0.0,ATTACK,0.5,0.10000000000000053,12,opponent,96
13.0,0.14285714285714285,0.9,1.0,1.0,6.0,4.0,0.0,0.0,0.0,1.0,0.0,0.0,0.0,0.0,0.0,0.0,RETREAT,-0.1,0.0,13,opponent,96
14.0,0.14285714285714285,0.9,0.0,1.0,6.0,3.0,0.0,0.0,0.0,0.0,0.0,0.0,0.0,0.0,0.0,1.0,PASS_TURN,0.0,0.0,14,opponent,96
1.0,1.0,1.0,3.0,0.0,6.0,6.0,2.0,5.0,0.0,0.0,1.0,0.0,0.0,0.0,0.0,0.0,ATTACH_ENERGY,0.3,0.7000000000000002,1,opponent,97
2.0,0.6666666666666666,1.0,3.0,0.0,6.0,6.0,1.0,5.0,1.0,0.0,0.0,0.0,0.0,0.0,0.0,0.0,ATTACK,1.0,0.20000000000000107,2,opponent,97
3.0,1.0,0.7142857142857143,2.0,0.0,6.0,5.0,1.0,5.0,0.0,0.0,1.0,0.0,0.0,0.0,0.0,0.0,ATTACH_ENERGY,0.3,0.7000000000000002,3,opponent,97
4.0,0.3333333333333333,0.7142857142857143,2.0,0.0,6.0,5.0,0.0,5.0,1.0,0.0,0.0,0.0,0.0,0.0,0.0,0.0,ATTACK,1.5,0.2999999999999998,4,opponent,97
5.0,1.0,0.2857142857142857,1.0,0.0,6.0,4.0,0.0,5.0,0.0,0.0,0.0,1.0,0.0,0.0,0.0,0.0,PLAY_SUPPORTER,0.4,0.0,5,opponent,97
6.0,1.0,0.2857142857142857,1.0,0.0,6.0,4.0,0.0,4.0,0.0,0.0,0.0,1.0,0.0,0.0,0.0,0.0,PLAY_SUPPORTER,0.4,0.0,6,opponent,97
7.0,0.3333333333333333,0.2857142857142857,1.0,0.0,6.0,4.0,0.0,3.0,0.0,0.0,0.0,0.0,1.0,0.0,0.0,0.0,PLAY_BASIC_TO_BENCH,0.2,1.6999999999999993,7,opponent,97
8.0,1.0,0.2857142857142857,1.0,0.0,6.0,3.0,0.0,2.0,0.0,0.0,0.0,1.0,0.0,0.0,0.0,0.0,PLAY_SUPPORTER,0.4,0.0,8,opponent,97
9.0,0.8571428571428571,0.2857142857142857,1.0,0.0,6.0,3.0,0.0,1.0,0.0,1.0,0.0,0.0,0.0,0.0,0.0,0.0,RETREAT,-0.1,0.0,9,opponent,97
10.0,0.9166666666666666,0.2857142857142857,1.0,0.0,6.0,3.0,0.0,1.0,0.0,0.0,0.0,1.0,0.0,0.0,0.0,0.0,PLAY_SUPPORTER,0.4,0.0,10,opponent,97
11.0,0.8333333333333334,0.2857142857142857,1.0,0.0,6.0,3.0,0.0,0.0,0.0,0.0,0.0,0.0,0.0,0.0,0.0,1.0,PASS_TURN,0.0,0.0,11,opponent,97
12.0,0.75,0.2857142857142857,1.0,0.0,6.0,3.0,0.0,0.0,0.0,1.0,0.0,0.0,0.0,0.0,0.0,0.0,RETREAT,-0.1,0.0,12,opponent,97
13.0,0.5714285714285714,0.2857142857142857,1.0,0.0,6.0,3.0,0.0,0.0,0.0,0.0,0.0,0.0,0.0,0.0,0.0,1.0,PASS_TURN,0.0,0.0,13,opponent,97
14.0,0.35714285714285715,0.2857142857142857,1.0,0.0,6.0,3.0,0.0,0.0,0.0,0.0,0.0,0.0,0.0,0.0,0.0,1.0,PASS_TURN,0.0,0.0,14,opponent,97
15.0,0.07142857142857142,0.2857142857142857,1.0,0.0,6.0,3.0,0.0,0.0,0.0,1.0,0.0,0.0,0.0,0.0,0.0,0.0,RETREAT,-0.1,0.0,15,opponent,97
16.0,0.4166666666666667,0.2857142857142857,1.0,0.0,6.0,3.0,0.0,0.0,0.0,1.0,0.0,0.0,0.0,0.0,0.0,0.0,RETREAT,-0.1,0.0,16,opponent,97
17.0,0.4166666666666667,0.2857142857142857,0.0,0.0,6.0,2.0,0.0,0.0,0.0,0.0,0.0,0.0,0.0,0.0,0.0,1.0,PASS_TURN,0.0,0.0,17,opponent,97
18.0,0.3333333333333333,0.2857142857142857,0.0,0.0,6.0,2.0,0.0,0.0,0.0,0.0,0.0,0.0,0.0,0.0,0.0,1.0,PASS_TURN,0.0,0.0,18,opponent,97
19.0,0.25,0.2857142857142857,0.0,0.0,6.0,2.0,0.0,0.0,0.0,0.0,0.0,0.0,0.0,0.0,0.0,1.0,PASS_TURN,0.0,0.0,19,opponent,97
20.0,0.25,0.2857142857142857,0.0,0.0,6.0,2.0,0.0,0.0,0.0,0.0,0.0,0.0,0.0,0.0,0.0,1.0,PASS_TURN,0.0,0.0,20,opponent,97
1.0,1.0,1.0,3.0,1.0,6.0,6.0,1.0,6.0,0.0,0.0,1.0,0.0,0.0,0.0,0.0,0.0,ATTACH_ENERGY,0.3,0.6999999999999993,1,opponent,98
2.0,1.0,1.0,3.0,1.0,6.0,6.0,0.0,6.0,1.0,0.0,0.0,0.0,0.0,0.0,0.0,0.0,ATTACK,1.5,0.3000000000000007,2,opponent,98
3.0,0.8333333333333334,0.5714285714285714,3.0,1.0,6.0,6.0,0.0,6.0,0.0,0.0,0.0,0.0,1.0,0.0,0.0,0.0,PLAY_BASIC_TO_BENCH,0.2,2.3,3,opponent,98
4.0,0.5833333333333334,0.5714285714285714,4.0,1.0,6.0,6.0,0.0,5.0,0.0,1.0,0.0,0.0,0.0,0.0,0.0,0.0,RETREAT,-0.1,0.0,4,opponent,98
5.0,0.7777777777777778,0.5714285714285714,4.0,1.0,6.0,6.0,0.0,5.0,0.0,0.0,0.0,1.0,0.0,0.0,0.0,0.0,PLAY_SUPPORTER,0.4,0.0,5,opponent,98
6.0,0.4444444444444444,0.5714285714285714,4.0,1.0,6.0,6.0,0.0,4.0,0.0,0.0,0.0,1.0,0.0,0.0,0.0,0.0,PLAY_SUPPORTER,0.4,0.0,6,opponent,98
7.0,1.0,0.5714285714285714,3.0,1.0,6.0,5.0,0.0,3.0,0.0,0.0,0.0,1.0,0.0,0.0,0.0,0.0,PLAY_SUPPORTER,0.4,0.0,7,opponent,98
8.0,0.5,0.5714285714285714,3.0,1.0,6.0,5.0,0.0,2.0,0.0,0.0,0.0,1.0,0.0,0.0,0.0,0.0,PLAY_SUPPORTER,0.4,0.0,8,opponent,98
9.0,0.16666666666666666,0.5714285714285714,3.0,1.0,6.0,5.0,0.0,1.0,0.0,1.0,0.0,0.0,0.0,0.0,0.0,0.0,RETREAT,-0.1,0.0,9,opponent,98
10.0,0.3333333333333333,0.5714285714285714,3.0,1.0,6.0,5.0,0.0,1.0,0.0,1.0,0.0,0.0,0.0,0.0,0.0,0.0,RETREAT,-0.1,0.0,10,opponent,98
11.0,0.9285714285714286,0.5714285714285714,3.0,1.0,6.0,5.0,0.0,1.0,0.0,0.0,0.0,1.0,0.0,0.0,0.0,0.0,PLAY_SUPPORTER,0.4,0.0,11,opponent,98
12.0,0.7857142857142857,0.5714285714285714,3.0,1.0,6.0,5.0,0.0,0.0,0.0,0.0,0.0,0.0,0.0,0.0,0.0,1.0,PASS_TURN,0.0,0.0,12,opponent,98
13.0,0.7142857142857143,0.5714285714285714,3.0,1.0,6.0,5.0,0.0,0.0,0.0,0.0,0.0,0.0,0.0,0.0,0.0,1.0,PASS_TURN,0.0,0.0,13,opponent,98
14.0,0.6428571428571429,0.5714285714285714,3.0,1.0,6.0,5.0,0.0,0.0,0.0,0.0,0.0,0.0,0.0,0.0,0.0,1.0,PASS_TURN,0.0,0.0,14,opponent,98
15.0,0.5,0.5714285714285714,3.0,1.0,6.0,5.0,0.0,0.0,0.0,0.0,0.0,0.0,0.0,0.0,0.0,1.0,PASS_TURN,0.0,0.0,15,opponent,98
16.0,0.42857142857142855,0.5714285714285714,3.0,1.0,6.0,5.0,0.0,0.0,0.0,0.0,0.0,0.0,0.0,0.0,0.0,1.0,PASS_TURN,0.0,0.0,16,opponent,98
17.0,0.35714285714285715,0.5714285714285714,3.0,1.0,6.0,5.0,0.0,0.0,0.0,0.0,0.0,0.0,0.0,0.0,0.0,1.0,PASS_TURN,0.0,0.0,17,opponent,98
18.0,0.14285714285714285,0.5714285714285714,3.0,1.0,6.0,5.0,0.0,0.0,0.0,1.0,0.0,0.0,0.0,0.0,0.0,0.0,RETREAT,-0.1,0.0,18,opponent,98
19.0,0.16666666666666666,0.5714285714285714,3.0,1.0,6.0,5.0,0.0,0.0,1.0,0.0,0.0,0.0,0.0,0.0,0.0,0.0,ATTACK,1.5,0.2999999999999998,19,opponent,98
20.0,0.16666666666666666,0.14285714285714285,2.0,1.0,6.0,4.0,0.0,0.0,0.0,0.0,0.0,0.0,0.0,0.0,0.0,1.0,PASS_TURN,0.0,0.0,20,opponent,98
21.0,1.0,0.14285714285714285,1.0,1.0,6.0,3.0,0.0,0.0,0.0,0.0,0.0,0.0,0.0,0.0,0.0,1.0,PASS_TURN,0.0,0.0,21,opponent,98
22.0,0.75,0.14285714285714285,1.0,1.0,6.0,3.0,0.0,0.0,0.0,0.0,0.0,0.0,0.0,0.0,0.0,1.0,PASS_TURN,0.0,0.0,22,opponent,98
23.0,0.25,0.14285714285714285,1.0,1.0,6.0,3.0,0.0,0.0,0.0,1.0,0.0,0.0,0.0,0.0,0.0,0.0,RETREAT,-0.1,0.0,23,opponent,98
24.0,0.25,0.14285714285714285,0.0,1.0,6.0,2.0,0.0,0.0,0.0,0.0,0.0,0.0,0.0,0.0,0.0,1.0,PASS_TURN,0.0,0.0,24,opponent,98
25.0,0.25,0.14285714285714285,0.0,1.0,6.0,2.0,0.0,0.0,0.0,0.0,0.0,0.0,0.0,0.0,0.0,1.0,PASS_TURN,0.0,0.0,25,opponent,98
1.0,1.0,1.0,3.0,3.0,6.0,6.0,2.0,4.0,0.0,0.0,1.0,0.0,0.0,0.0,0.0,0.0,ATTACH_ENERGY,0.3,0.7,1,opponent,99
2.0,0.9,1.0,3.0,3.0,6.0,6.0,1.0,4.0,0.0,0.0,0.0,0.0,1.0,0.0,0.0,0.0,PLAY_BASIC_TO_BENCH,0.2,1.7999999999999998,2,opponent,99
3.0,0.9,1.0,4.0,3.0,6.0,6.0,1.0,3.0,0.0,0.0,1.0,0.0,0.0,0.0,0.0,0.0,ATTACH_ENERGY,0.3,0.7000000000000002,3,opponent,99
4.0,0.7,1.0,4.0,3.0,6.0,6.0,0.0,3.0,1.0,0.0,0.0,0.0,0.0,0.0,0.0,0.0,ATTACK,0.5,0.10000000000000053,4,opponent,99
5.0,0.4,0.8571428571428571,4.0,3.0,6.0,6.0,0.0,3.0,1.0,0.0,0.0,0.0,0.0,0.0,0.0,0.0,ATTACK,0.5,0.10000000000000009,5,opponent,99
6.0,0.1,0.7142857142857143,4.0,3.0,6.0,6.0,0.0,3.0,0.0,1.0,0.0,0.0,0.0,0.0,0.0,0.0,RETREAT,-0.1,0.0,6,opponent,99
7.0,0.875,0.7142857142857143,4.0,3.0,6.0,6.0,0.0,3.0,0.0,0.0,0.0,1.0,0.0,0.0,0.0,0.0,PLAY_SUPPORTER,0.4,0.0,7,opponent,99
8.0,0.5,0.7142857142857143,4.0,3.0,6.0,6.0,0.0,2.0,0.0,1.0,0.0,0.0,0.0,0.0,0.0,0.0,RETREAT,-0.1,0.0,8,opponent,99
9.0,0.9,0.7142857142857143,4.0,3.0,6.0,6.0,0.0,2.0,0.0,0.0,0.0,1.0,0.0,0.0,0.0,0.0,PLAY_SUPPORTER,0.4,0.0,9,opponent,99
10.0,0.7,0.7142857142857143,4.0,3.0,6.0,6.0,0.0,1.0,0.0,0.0,0.0,1.0,0.0,0.0,0.0,0.0,PLAY_SUPPORTER,0.4,0.0,10,opponent,99
11.0,0.3,0.7142857142857143,4.0,3.0,6.0,6.0,0.0,0.0,0.0,0.0,0.0,0.0,0.0,0.0,0.0,1.0,PASS_TURN,0.0,0.0,11,opponent,99
12.0,0.1,0.7142857142857143,3.0,3.0,6.0,5.0,0.0,0.0,0.0,1.0,0.0,0.0,0.0,0.0,0.0,0.0,RETREAT,-0.1,0.0,12,opponent,99
13.0,0.375,0.7142857142857143,3.0,3.0,6.0,5.0,0.0,0.0,0.0,0.0,0.0,0.0,0.0,0.0,0.0,1.0,PASS_TURN,0.0,0.0,13,opponent,99
14.0,0.25,0.7142857142857143,3.0,3.0,6.0,5.0,0.0,0.0,0.0,1.0,0.0,0.0,0.0,0.0,0.0,0.0,RETREAT,-0.1,0.0,14,opponent,99
15.0,0.1,0.7142857142857143,3.0,3.0,6.0,5.0,0.0,0.0,0.0,1.0,0.0,0.0,0.0,0.0,0.0,0.0,RETREAT,-0.1,0.0,15,opponent,99
16.0,0.125,0.7142857142857143,3.0,3.0,6.0,5.0,0.0,0.0,0.0,1.0,0.0,0.0,0.0,0.0,0.0,0.0,RETREAT,-0.1,0.0,16,opponent,99
17.0,0.125,0.7142857142857143,2.0,3.0,6.0,4.0,0.0,0.0,0.0,1.0,0.0,0.0,0.0,0.0,0.0,0.0,RETREAT,-0.1,0.0,17,opponent,99
18.0,1.0,0.7142857142857143,2.0,3.0,6.0,4.0,0.0,0.0,0.0,0.0,0.0,0.0,0.0,0.0,0.0,1.0,PASS_TURN,0.0,0.0,18,opponent,99
19.0,0.5714285714285714,0.7142857142857143,2.0,3.0,6.0,4.0,0.0,0.0,0.0,1.0,0.0,0.0,0.0,0.0,0.0,0.0,RETREAT,-0.1,0.0,19,opponent,99
20.0,0.5714285714285714,0.7142857142857143,1.0,3.0,6.0,3.0,0.0,0.0,0.0,0.0,0.0,0.0,0.0,0.0,0.0,1.0,PASS_TURN,0.0,0.0,20,opponent,99
21.0,0.5714285714285714,0.7142857142857143,1.0,3.0,6.0,3.0,0.0,0.0,0.0,0.0,0.0,0.0,0.0,0.0,0.0,1.0,PASS_TURN,0.0,0.0,21,opponent,99
22.0,0.14285714285714285,0.7142857142857143,1.0,3.0,6.0,3.0,0.0,0.0,0.0,1.0,0.0,0.0,0.0,0.0,0.0,0.0,RETREAT,-0.1,0.0,22,opponent,99
23.0,0.6666666666666666,0.7142857142857143,1.0,3.0,6.0,3.0,0.0,0.0,0.0,1.0,0.0,0.0,0.0,0.0,0.0,0.0,RETREAT,-0.1,0.0,23,opponent,99
24.0,0.6666666666666666,0.7142857142857143,0.0,3.0,6.0,2.0,0.0,0.0,0.0,0.0,0.0,0.0,0.0,0.0,0.0,1.0,PASS_TURN,0.0,0.0,24,opponent,99
25.0,0.6666666666666666,0.7142857142857143,0.0,3.0,6.0,2.0,0.0,0.0,0.0,0.0,0.0,0.0,0.0,0.0,0.0,1.0,PASS_TURN,0.0,0.0,25,opponent,99
26.0,0.3333333333333333,0.7142857142857143,0.0,3.0,6.0,2.0,0.0,0.0,0.0,0.0,0.0,0.0,0.0,0.0,0.0,1.0,PASS_TURN,0.0,0.0,26,opponent,99
1.0,1.0,1.0,1.0,2.0,6.0,6.0,1.0,4.0,0.0,0.0,1.0,0.0,0.0,0.0,0.0,0.0,ATTACH_ENERGY,0.3,0.7000000000000002,1,opponent,100
2.0,0.5,1.0,1.0,2.0,6.0,6.0,0.0,4.0,1.0,0.0,0.0,0.0,0.0,0.0,0.0,0.0,ATTACK,0.5,0.09999999999999964,2,opponent,100
3.0,0.3333333333333333,0.9166666666666666,1.0,2.0,6.0,6.0,0.0,4.0,0.0,1.0,0.0,0.0,0.0,0.0,0.0,0.0,RETREAT,-0.1,0.0,3,opponent,100
4.0,0.9285714285714286,0.9166666666666666,1.0,2.0,6.0,6.0,0.0,4.0,0.0,0.0,0.0,1.0,0.0,0.0,0.0,0.0,PLAY_SUPPORTER,0.4,0.0,4,opponent,100
5.0,0.7857142857142857,0.9166666666666666,1.0,2.0,6.0,6.0,0.0,3.0,0.0,0.0,0.0,1.0,0.0,0.0,0.0,0.0,PLAY_SUPPORTER,0.4,0.0,5,opponent,100
6.0,0.7857142857142857,0.9166666666666666,1.0,2.0,6.0,6.0,0.0,2.0,0.0,0.0,0.0,1.0,0.0,0.0,0.0,0.0,PLAY_SUPPORTER,0.4,0.0,6,opponent,100
7.0,0.5714285714285714,0.9166666666666666,1.0,2.0,6.0,6.0,0.0,1.0,0.0,0.0,0.0,1.0,0.0,0.0,0.0,0.0,PLAY_SUPPORTER,0.4,0.0,7,opponent,100
8.0,0.5714285714285714,0.9166666666666666,1.0,2.0,6.0,6.0,0.0,0.0,0.0,1.0,0.0,0.0,0.0,0.0,0.0,0.0,RETREAT,-0.1,0.0,8,opponent,100
9.0,0.5714285714285714,0.9166666666666666,0.0,2.0,6.0,5.0,0.0,0.0,0.0,0.0,0.0,0.0,0.0,0.0,0.0,1.0,PASS_TURN,0.0,0.0,9,opponent,100
10.0,0.42857142857142855,0.9166666666666666,0.0,2.0,6.0,5.0,0.0,0.0,0.0,0.0,0.0,0.0,0.0,0.0,0.0,1.0,PASS_TURN,0.0,0.0,10,opponent,100
11.0,0.21428571428571427,0.9166666666666666,0.0,2.0,6.0,5.0,0.0,0.0,0.0,0.0,0.0,0.0,0.0,0.0,0.0,1.0,PASS_TURN,0.0,0.0,11,opponent,100
12.0,0.21428571428571427,0.9166666666666666,0.0,2.0,6.0,5.0,0.0,0.0,0.0,0.0,0.0,0.0,0.0,0.0,0.0,1.0,PASS_TURN,0.0,0.0,12,opponent,100
13.0,0.14285714285714285,0.9166666666666666,0.0,2.0,6.0,5.0,0.0,0.0,0.0,0.0,0.0,0.0,0.0,0.0,0.0,1.0,PASS_TURN,0.0,0.0,13,opponent,100
1.0,1.0,1.0,2.0,0.0,6.0,6.0,1.0,4.0,0.0,1.0,0.0,0.0,0.0,0.0,0.0,0.0,RETREAT,-0.1,0.0,1,me,101
2.0,0.75,1.0,2.0,0.0,6.0,6.0,1.0,4.0,0.0,0.0,1.0,0.0,0.0,0.0,0.0,0.0,ATTACH_ENERGY,0.3,0.7000000000000002,2,me,101
3.0,0.5833333333333334,1.0,2.0,0.0,6.0,6.0,0.0,4.0,1.0,0.0,0.0,0.0,0.0,0.0,0.0,0.0,ATTACK,1.5,0.2999999999999998,3,me,101
4.0,0.4166666666666667,0.625,2.0,0.0,6.0,6.0,0.0,4.0,1.0,0.0,0.0,0.0,0.0,0.0,0.0,0.0,ATTACK,1.5,0.3000000000000007,4,me,101
5.0,0.16666666666666666,0.25,2.0,0.0,6.0,6.0,0.0,4.0,1.0,0.0,0.0,0.0,0.0,0.0,0.0,0.0,ATTACK,6.5,-2.8,5,me,101
1.0,1.0,1.0,2.0,2.0,6.0,6.0,0.0,2.0,0.0,1.0,0.0,0.0,0.0,0.0,0.0,0.0,RETREAT,-0.1,0.0,1,opponent,102
2.0,0.6666666666666666,1.0,2.0,2.0,6.0,6.0,0.0,2.0,0.0,0.0,0.0,1.0,0.0,0.0,0.0,0.0,PLAY_SUPPORTER,0.4,0.0,2,opponent,102
3.0,0.6666666666666666,1.0,2.0,2.0,6.0,6.0,0.0,1.0,0.0,0.0,0.0,1.0,0.0,0.0,0.0,0.0,PLAY_SUPPORTER,0.4,0.0,3,opponent,102
4.0,0.5,1.0,2.0,2.0,6.0,6.0,0.0,0.0,0.0,0.0,0.0,0.0,0.0,0.0,0.0,1.0,PASS_TURN,0.0,0.0,4,opponent,102
5.0,0.3333333333333333,1.0,2.0,2.0,6.0,6.0,0.0,0.0,0.0,0.0,0.0,0.0,0.0,0.0,0.0,1.0,PASS_TURN,0.0,0.0,5,opponent,102
6.0,0.3333333333333333,1.0,2.0,2.0,6.0,6.0,0.0,0.0,0.0,0.0,0.0,0.0,0.0,0.0,0.0,1.0,PASS_TURN,0.0,0.0,6,opponent,102
7.0,0.3333333333333333,1.0,2.0,2.0,6.0,6.0,0.0,0.0,0.0,0.0,0.0,0.0,0.0,0.0,0.0,1.0,PASS_TURN,0.0,0.0,7,opponent,102
8.0,1.0,1.0,1.0,2.0,6.0,5.0,0.0,0.0,0.0,0.0,0.0,0.0,0.0,0.0,0.0,1.0,PASS_TURN,0.0,0.0,8,opponent,102
9.0,0.8571428571428571,1.0,1.0,2.0,6.0,5.0,0.0,0.0,0.0,0.0,0.0,0.0,0.0,0.0,0.0,1.0,PASS_TURN,0.0,0.0,9,opponent,102
10.0,0.8571428571428571,1.0,1.0,2.0,6.0,5.0,0.0,0.0,0.0,0.0,0.0,0.0,0.0,0.0,0.0,1.0,PASS_TURN,0.0,0.0,10,opponent,102
11.0,0.2857142857142857,1.0,1.0,2.0,6.0,5.0,0.0,0.0,0.0,0.0,0.0,0.0,0.0,0.0,0.0,1.0,PASS_TURN,0.0,0.0,11,opponent,102
12.0,1.0,1.0,0.0,2.0,6.0,4.0,0.0,0.0,0.0,0.0,0.0,0.0,0.0,0.0,0.0,1.0,PASS_TURN,0.0,0.0,12,opponent,102
13.0,1.0,1.0,0.0,2.0,6.0,4.0,0.0,0.0,0.0,0.0,0.0,0.0,0.0,0.0,0.0,1.0,PASS_TURN,0.0,0.0,13,opponent,102
14.0,0.9166666666666666,1.0,0.0,2.0,6.0,4.0,0.0,0.0,0.0,0.0,0.0,0.0,0.0,0.0,0.0,1.0,PASS_TURN,0.0,0.0,14,opponent,102
15.0,0.6666666666666666,1.0,0.0,2.0,6.0,4.0,0.0,0.0,0.0,0.0,0.0,0.0,0.0,0.0,0.0,1.0,PASS_TURN,0.0,0.0,15,opponent,102
16.0,0.5833333333333334,1.0,0.0,2.0,6.0,4.0,0.0,0.0,0.0,0.0,0.0,0.0,0.0,0.0,0.0,1.0,PASS_TURN,0.0,0.0,16,opponent,102
17.0,0.4166666666666667,1.0,0.0,2.0,6.0,4.0,0.0,0.0,0.0,0.0,0.0,0.0,0.0,0.0,0.0,1.0,PASS_TURN,0.0,0.0,17,opponent,102
18.0,0.3333333333333333,1.0,0.0,2.0,6.0,4.0,0.0,0.0,0.0,0.0,0.0,0.0,0.0,0.0,0.0,1.0,PASS_TURN,0.0,0.0,18,opponent,102
19.0,0.25,1.0,0.0,2.0,6.0,4.0,0.0,0.0,0.0,0.0,0.0,0.0,0.0,0.0,0.0,1.0,PASS_TURN,0.0,0.0,19,opponent,102
1.0,1.0,1.0,2.0,3.0,6.0,6.0,2.0,7.0,0.0,0.0,1.0,0.0,0.0,0.0,0.0,0.0,ATTACH_ENERGY,0.3,0.7000000000000002,1,opponent,103
2.0,0.8333333333333334,1.0,2.0,3.0,6.0,6.0,1.0,7.0,0.0,0.0,1.0,0.0,0.0,0.0,0.0,0.0,ATTACH_ENERGY,0.3,0.7,2,opponent,103
3.0,0.6666666666666666,1.0,2.0,3.0,6.0,6.0,0.0,7.0,0.0,0.0,0.0,0.0,0.0,0.0,0.0,1.0,PASS_TURN,0.0,0.0,3,opponent,103
4.0,0.5,1.0,2.0,3.0,6.0,6.0,0.0,7.0,1.0,0.0,0.0,0.0,0.0,0.0,0.0,0.0,ATTACK,0.5,0.09999999999999964,4,opponent,103
5.0,0.16666666666666666,0.9,2.0,3.0,6.0,6.0,0.0,7.0,0.0,1.0,0.0,0.0,0.0,0.0,0.0,0.0,RETREAT,-0.1,0.0,5,opponent,103
6.0,1.0,0.9,2.0,3.0,6.0,6.0,0.0,7.0,0.0,0.0,0.0,1.0,0.0,0.0,0.0,0.0,PLAY_SUPPORTER,0.4,0.0,6,opponent,103
7.0,0.7142857142857143,0.9,2.0,3.0,6.0,6.0,0.0,6.0,0.0,1.0,0.0,0.0,0.0,0.0,0.0,0.0,RETREAT,-0.1,0.0,7,opponent,103
8.0,1.0,0.9,2.0,3.0,6.0,6.0,0.0,6.0,0.0,0.0,0.0,1.0,0.0,0.0,0.0,0.0,PLAY_SUPPORTER,0.4,0.0,8,opponent,103
9.0,1.0,0.9,2.0,3.0,6.0,6.0,0.0,5.0,0.0,0.0,0.0,1.0,0.0,0.0,0.0,0.0,PLAY_SUPPORTER,0.4,0.0,9,opponent,103
10.0,0.5,0.9,2.0,3.0,6.0,6.0,0.0,4.0,0.0,0.0,0.0,1.0,0.0,0.0,0.0,0.0,PLAY_SUPPORTER,0.4,0.0,10,opponent,103
11.0,0.16666666666666666,0.9,1.0,3.0,6.0,5.0,0.0,3.0,0.0,1.0,0.0,0.0,0.0,0.0,0.0,0.0,RETREAT,-0.1,0.0,11,opponent,103
12.0,0.14285714285714285,0.9,1.0,3.0,6.0,5.0,0.0,3.0,0.0,1.0,0.0,0.0,0.0,0.0,0.0,0.0,RETREAT,-0.1,0.0,12,opponent,103
13.0,0.14285714285714285,0.9,0.0,3.0,6.0,4.0,0.0,3.0,0.0,0.0,0.0,1.0,0.0,0.0,0.0,0.0,PLAY_SUPPORTER,0.4,0.0,13,opponent,103
1.0,1.0,1.0,2.0,0.0,6.0,6.0,1.0,6.0,0.0,0.0,1.0,0.0,0.0,0.0,0.0,0.0,ATTACH_ENERGY,0.3,0.6999999999999993,1,opponent,104
2.0,0.7857142857142857,1.0,2.0,0.0,6.0,6.0,0.0,6.0,1.0,0.0,0.0,0.0,0.0,0.0,0.0,0.0,ATTACK,1.0,0.20000000000000018,2,opponent,104
3.0,0.5714285714285714,0.8571428571428571,2.0,0.0,6.0,6.0,0.0,6.0,1.0,0.0,0.0,0.0,0.0,0.0,0.0,0.0,ATTACK,1.0,0.19999999999999973,3,opponent,104
4.0,0.2857142857142857,0.7142857142857143,2.0,0.0,6.0,6.0,0.0,6.0,0.0,1.0,0.0,0.0,0.0,0.0,0.0,0.0,RETREAT,-0.1,0.0,4,opponent,104
5.0,1.0,0.7142857142857143,2.0,0.0,6.0,6.0,0.0,6.0,0.0,0.0,0.0,1.0,0.0,0.0,0.0,0.0,PLAY_SUPPORTER,0.4,0.0,5,opponent,104
6.0,0.875,0.7142857142857143,2.0,0.0,6.0,6.0,0.0,5.0,0.0,0.0,0.0,1.0,0.0,0.0,0.0,0.0,PLAY_SUPPORTER,0.4,0.0,6,opponent,104
7.0,0.375,0.7142857142857143,2.0,0.0,6.0,6.0,0.0,4.0,0.0,0.0,0.0,1.0,0.0,0.0,0.0,0.0,PLAY_SUPPORTER,0.4,0.0,7,opponent,104
8.0,0.25,0.7142857142857143,2.0,0.0,6.0,6.0,0.0,3.0,0.0,1.0,0.0,0.0,0.0,0.0,0.0,0.0,RETREAT,-0.1,0.0,8,opponent,104
9.0,0.07142857142857142,0.7142857142857143,2.0,0.0,6.0,6.0,0.0,3.0,0.0,1.0,0.0,0.0,0.0,0.0,0.0,0.0,RETREAT,-0.1,0.0,9,opponent,104
10.0,0.125,0.7142857142857143,2.0,0.0,6.0,6.0,0.0,3.0,0.0,1.0,0.0,0.0,0.0,0.0,0.0,0.0,RETREAT,-0.1,0.0,10,opponent,104
11.0,0.07142857142857142,0.7142857142857143,2.0,0.0,6.0,6.0,0.0,3.0,0.0,1.0,0.0,0.0,0.0,0.0,0.0,0.0,RETREAT,-0.1,0.0,11,opponent,104
12.0,0.07142857142857142,0.7142857142857143,1.0,0.0,6.0,5.0,0.0,3.0,0.0,1.0,0.0,0.0,0.0,0.0,0.0,0.0,RETREAT,-0.1,0.0,12,opponent,104
13.0,0.75,0.7142857142857143,1.0,0.0,6.0,5.0,0.0,3.0,0.0,0.0,0.0,1.0,0.0,0.0,0.0,0.0,PLAY_SUPPORTER,0.4,0.0,13,opponent,104
14.0,0.25,0.7142857142857143,1.0,0.0,6.0,5.0,0.0,2.0,0.0,0.0,0.0,0.0,0.0,0.0,0.0,1.0,PASS_TURN,0.0,0.0,14,opponent,104
15.0,0.125,0.7142857142857143,1.0,0.0,6.0,5.0,0.0,2.0,0.0,0.0,0.0,0.0,1.0,0.0,0.0,0.0,PLAY_BASIC_TO_BENCH,0.2,1.7000000000000002,15,opponent,104
16.0,0.07142857142857142,0.7142857142857143,1.0,0.0,6.0,4.0,0.0,1.0,0.0,1.0,0.0,0.0,0.0,0.0,0.0,0.0,RETREAT,-0.1,0.0,16,opponent,104
17.0,0.75,0.7142857142857143,1.0,0.0,6.0,4.0,0.0,1.0,0.0,0.0,0.0,1.0,0.0,0.0,0.0,0.0,PLAY_SUPPORTER,0.4,0.0,17,opponent,104
18.0,0.5,0.7142857142857143,1.0,0.0,6.0,4.0,0.0,0.0,0.0,0.0,0.0,0.0,0.0,0.0,0.0,1.0,PASS_TURN,0.0,0.0,18,opponent,104
19.0,0.4166666666666667,0.7142857142857143,1.0,0.0,6.0,4.0,0.0,0.0,0.0,0.0,0.0,0.0,0.0,0.0,0.0,1.0,PASS_TURN,0.0,0.0,19,opponent,104
20.0,0.16666666666666666,0.7142857142857143,1.0,0.0,6.0,4.0,0.0,0.0,0.0,1.0,0.0,0.0,0.0,0.0,0.0,0.0,RETREAT,-0.1,0.0,20,opponent,104
21.0,0.16666666666666666,0.7142857142857143,0.0,0.0,6.0,3.0,0.0,0.0,0.0,0.0,0.0,0.0,0.0,0.0,0.0,1.0,PASS_TURN,0.0,0.0,21,opponent,104
22.0,0.16666666666666666,0.7142857142857143,0.0,0.0,6.0,3.0,0.0,0.0,0.0,0.0,0.0,0.0,0.0,0.0,0.0,1.0,PASS_TURN,0.0,0.0,22,opponent,104
1.0,1.0,1.0,2.0,3.0,6.0,6.0,1.0,5.0,0.0,0.0,1.0,0.0,0.0,0.0,0.0,0.0,ATTACH_ENERGY,0.3,0.7000000000000002,1,opponent,105
2.0,0.8571428571428571,1.0,2.0,3.0,6.0,6.0,0.0,5.0,1.0,0.0,0.0,0.0,0.0,0.0,0.0,0.0,ATTACK,1.5,0.2999999999999998,2,opponent,105
3.0,0.6428571428571429,0.75,2.0,3.0,6.0,6.0,0.0,5.0,1.0,0.0,0.0,0.0,0.0,0.0,0.0,0.0,ATTACK,1.5,0.2999999999999998,3,opponent,105
4.0,0.5714285714285714,0.5,2.0,3.0,6.0,6.0,0.0,5.0,1.0,0.0,0.0,0.0,0.0,0.0,0.0,0.0,ATTACK,1.5,0.30000000000000004,4,opponent,105
5.0,0.5714285714285714,0.25,2.0,3.0,6.0,6.0,0.0,5.0,1.0,0.0,0.0,0.0,0.0,0.0,0.0,0.0,ATTACK,6.5,-2.2,5,opponent,105
6.0,0.2857142857142857,1.0,2.0,2.0,5.0,6.0,0.0,5.0,1.0,0.0,0.0,0.0,0.0,0.0,0.0,0.0,ATTACK,1.5,0.2999999999999998,6,opponent,105
7.0,0.07142857142857142,0.6666666666666666,2.0,2.0,5.0,6.0,0.0,5.0,1.0,0.0,0.0,0.0,0.0,0.0,0.0,0.0,ATTACK,1.5,0.2999999999999998,7,opponent,105
8.0,1.0,0.3333333333333333,1.0,2.0,5.0,5.0,0.0,5.0,0.0,0.0,0.0,1.0,0.0,0.0,0.0,0.0,PLAY_SUPPORTER,0.4,0.0,8,opponent,105
9.0,1.0,0.3333333333333333,1.0,2.0,5.0,5.0,0.0,4.0,0.0,0.0,0.0,1.0,0.0,0.0,0.0,0.0,PLAY_SUPPORTER,0.4,0.0,9,opponent,105
10.0,0.75,0.3333333333333333,1.0,2.0,5.0,5.0,0.0,3.0,0.0,0.0,0.0,1.0,0.0,0.0,0.0,0.0,PLAY_SUPPORTER,0.4,0.0,10,opponent,105
11.0,0.25,0.3333333333333333,1.0,2.0,5.0,5.0,0.0,2.0,0.0,0.0,0.0,0.0,0.0,0.0,0.0,1.0,PASS_TURN,0.0,0.0,11,opponent,105
12.0,1.0,0.3333333333333333,0.0,2.0,5.0,4.0,0.0,2.0,0.0,0.0,0.0,1.0,0.0,0.0,0.0,0.0,PLAY_SUPPORTER,0.4,0.0,12,opponent,105
13.0,0.7,0.3333333333333333,0.0,2.0,5.0,4.0,0.0,1.0,0.0,0.0,0.0,1.0,0.0,0.0,0.0,0.0,PLAY_SUPPORTER,0.4,0.0,13,opponent,105
14.0,0.6,0.3333333333333333,0.0,2.0,5.0,4.0,0.0,0.0,0.0,0.0,0.0,0.0,0.0,0.0,0.0,1.0,PASS_TURN,0.0,0.0,14,opponent,105
15.0,0.4,0.3333333333333333,0.0,2.0,5.0,4.0,0.0,0.0,0.0,0.0,0.0,0.0,0.0,0.0,0.0,1.0,PASS_TURN,0.0,0.0,15,opponent,105
16.0,0.3,0.3333333333333333,0.0,2.0,5.0,4.0,0.0,0.0,0.0,0.0,0.0,0.0,0.0,0.0,0.0,1.0,PASS_TURN,0.0,0.0,16,opponent,105
1.0,1.0,1.0,0.0,1.0,6.0,6.0,1.0,6.0,0.0,0.0,1.0,0.0,0.0,0.0,0.0,0.0,ATTACH_ENERGY,0.3,0.7000000000000001,1,opponent,106
2.0,0.9166666666666666,1.0,0.0,1.0,6.0,6.0,0.0,6.0,1.0,0.0,0.0,0.0,0.0,0.0,0.0,0.0,ATTACK,1.0,0.20000000000000007,2,opponent,106
3.0,0.8333333333333334,0.8333333333333334,0.0,1.0,6.0,6.0,0.0,6.0,1.0,0.0,0.0,0.0,0.0,0.0,0.0,0.0,ATTACK,1.0,0.19999999999999996,3,opponent,106
4.0,0.6666666666666666,0.6666666666666666,0.0,1.0,6.0,6.0,0.0,6.0,1.0,0.0,0.0,0.0,0.0,0.0,0.0,0.0,ATTACK,1.0,0.19999999999999996,4,opponent,106
5.0,0.5833333333333334,0.5,0.0,1.0,6.0,6.0,0.0,6.0,1.0,0.0,0.0,0.0,0.0,0.0,0.0,0.0,ATTACK,1.0,0.20000000000000018,5,opponent,106
6.0,0.5833333333333334,0.3333333333333333,0.0,1.0,6.0,6.0,0.0,6.0,1.0,0.0,0.0,0.0,0.0,0.0,0.0,0.0,ATTACK,1.0,0.19999999999999996,6,opponent,106
7.0,0.5,0.16666666666666666,0.0,1.0,6.0,6.0,0.0,6.0,0.0,0.0,0.0,1.0,0.0,0.0,0.0,0.0,PLAY_SUPPORTER,0.4,0.0,7,opponent,106
8.0,0.5,0.16666666666666666,0.0,1.0,6.0,6.0,0.0,5.0,1.0,0.0,0.0,0.0,0.0,0.0,0.0,0.0,ATTACK,6.0,-2.3000000000000003,8,opponent,106
9.0,0.3333333333333333,1.0,0.0,0.0,5.0,6.0,0.0,5.0,1.0,0.0,0.0,0.0,0.0,0.0,0.0,0.0,ATTACK,1.0,0.19999999999999973,9,opponent,106
10.0,0.08333333333333333,0.8333333333333334,0.0,0.0,5.0,6.0,0.0,5.0,0.0,0.0,0.0,1.0,0.0,0.0,0.0,0.0,PLAY_SUPPORTER,0.4,0.0,10,opponent,106
1.0,1.0,1.0,1.0,0.0,6.0,6.0,1.0,5.0,0.0,0.0,1.0,0.0,0.0,0.0,0.0,0.0,ATTACH_ENERGY,0.3,0.7000000000000002,1,me,107
2.0,0.75,1.0,1.0,0.0,6.0,6.0,0.0,5.0,1.0,0.0,0.0,0.0,0.0,0.0,0.0,0.0,ATTACK,1.5,0.2999999999999998,2,me,107
3.0,0.5,0.75,1.0,0.0,6.0,6.0,0.0,5.0,1.0,0.0,0.0,0.0,0.0,0.0,0.0,0.0,ATTACK,1.5,0.30000000000000027,3,me,107
4.0,0.5,0.5,1.0,0.0,6.0,6.0,0.0,5.0,1.0,0.0,0.0,0.0,0.0,0.0,0.0,0.0,ATTACK,1.5,0.30000000000000027,4,me,107
5.0,0.125,0.25,1.0,0.0,6.0,6.0,0.0,5.0,1.0,0.0,0.0,0.0,0.0,0.0,0.0,0.0,ATTACK,6.5,-2.7,5,me,107
1.0,1.0,1.0,2.0,3.0,6.0,6.0,1.0,6.0,0.0,0.0,1.0,0.0,0.0,0.0,0.0,0.0,ATTACH_ENERGY,0.3,0.7000000000000002,1,opponent,108
2.0,0.7,1.0,2.0,3.0,6.0,6.0,0.0,6.0,0.0,0.0,0.0,0.0,0.0,0.0,0.0,1.0,PASS_TURN,0.0,0.0,2,opponent,108
3.0,0.4,1.0,2.0,3.0,6.0,6.0,0.0,6.0,0.0,0.0,0.0,0.0,1.0,0.0,0.0,0.0,PLAY_BASIC_TO_BENCH,0.2,1.8999999999999997,3,opponent,108
4.0,0.2,1.0,3.0,3.0,6.0,6.0,0.0,5.0,0.0,1.0,0.0,0.0,0.0,0.0,0.0,0.0,RETREAT,-0.1,0.0,4,opponent,108
5.0,0.8333333333333334,1.0,3.0,3.0,6.0,6.0,0.0,5.0,0.0,0.0,0.0,1.0,0.0,0.0,0.0,0.0,PLAY_SUPPORTER,0.4,0.0,5,opponent,108
6.0,0.75,1.0,3.0,3.0,6.0,6.0,0.0,4.0,0.0,0.0,0.0,1.0,0.0,0.0,0.0,0.0,PLAY_SUPPORTER,0.4,0.0,6,opponent,108
7.0,0.75,1.0,3.0,3.0,6.0,6.0,0.0,3.0,0.0,0.0,0.0,1.0,0.0,0.0,0.0,0.0,PLAY_SUPPORTER,0.4,0.0,7,opponent,108
8.0,0.5,1.0,3.0,3.0,6.0,6.0,0.0,2.0,0.0,0.0,0.0,1.0,0.0,0.0,0.0,0.0,PLAY_SUPPORTER,0.4,0.0,8,opponent,108
9.0,0.5,1.0,3.0,3.0,6.0,6.0,0.0,1.0,0.0,0.0,0.0,0.0,1.0,0.0,0.0,0.0,PLAY_BASIC_TO_BENCH,0.2,1.1,9,opponent,108
10.0,0.5,1.0,4.0,3.0,6.0,6.0,0.0,0.0,0.0,0.0,0.0,0.0,0.0,0.0,0.0,1.0,PASS_TURN,0.0,0.0,10,opponent,108
11.0,0.16666666666666666,1.0,4.0,3.0,6.0,6.0,0.0,0.0,0.0,1.0,0.0,0.0,0.0,0.0,0.0,0.0,RETREAT,-0.1,0.0,11,opponent,108
12.0,0.16666666666666666,1.0,3.0,3.0,6.0,5.0,0.0,0.0,0.0,1.0,0.0,0.0,0.0,0.0,0.0,0.0,RETREAT,-0.1,0.0,12,opponent,108
13.0,0.7142857142857143,1.0,3.0,3.0,6.0,5.0,0.0,0.0,0.0,0.0,0.0,0.0,0.0,0.0,0.0,1.0,PASS_TURN,0.0,0.0,13,opponent,108
14.0,0.5714285714285714,1.0,3.0,3.0,6.0,5.0,0.0,0.0,0.0,0.0,0.0,0.0,0.0,0.0,0.0,1.0,PASS_TURN,0.0,0.0,14,opponent,108
15.0,0.16666666666666666,1.0,2.0,3.0,6.0,4.0,0.0,0.0,0.0,1.0,0.0,0.0,0.0,0.0,0.0,0.0,RETREAT,-0.1,0.0,15,opponent,108
16.0,0.6,1.0,2.0,3.0,6.0,4.0,0.0,0.0,0.0,0.0,0.0,0.0,0.0,0.0,0.0,1.0,PASS_TURN,0.0,0.0,16,opponent,108
17.0,0.4,1.0,2.0,3.0,6.0,4.0,0.0,0.0,0.0,0.0,0.0,0.0,0.0,0.0,0.0,1.0,PASS_TURN,0.0,0.0,17,opponent,108
18.0,0.16666666666666666,1.0,1.0,3.0,6.0,3.0,0.0,0.0,0.0,1.0,0.0,0.0,0.0,0.0,0.0,0.0,RETREAT,-0.1,0.0,18,opponent,108
19.0,0.3333333333333333,1.0,1.0,3.0,6.0,3.0,0.0,0.0,0.0,0.0,0.0,0.0,0.0,0.0,0.0,1.0,PASS_TURN,0.0,0.0,19,opponent,108
20.0,0.16666666666666666,1.0,1.0,3.0,6.0,3.0,0.0,0.0,0.0,1.0,0.0,0.0,0.0,0.0,0.0,0.0,RETREAT,-0.1,0.0,20,opponent,108
21.0,0.16666666666666666,1.0,0.0,3.0,6.0,2.0,0.0,0.0,0.0,0.0,0.0,0.0,0.0,0.0,0.0,1.0,PASS_TURN,0.0,0.0,21,opponent,108
22.0,0.16666666666666666,1.0,0.0,3.0,6.0,2.0,0.0,0.0,0.0,0.0,0.0,0.0,0.0,0.0,0.0,1.0,PASS_TURN,0.0,0.0,22,opponent,108
1.0,1.0,1.0,2.0,2.0,6.0,6.0,0.0,6.0,0.0,0.0,0.0,1.0,0.0,0.0,0.0,0.0,PLAY_SUPPORTER,0.4,0.0,1,opponent,109
2.0,0.5,1.0,2.0,2.0,6.0,6.0,0.0,5.0,0.0,0.0,0.0,1.0,0.0,0.0,0.0,0.0,PLAY_SUPPORTER,0.4,0.0,2,opponent,109
3.0,0.375,1.0,2.0,2.0,6.0,6.0,0.0,4.0,0.0,0.0,0.0,1.0,0.0,0.0,0.0,0.0,PLAY_SUPPORTER,0.4,0.0,3,opponent,109
4.0,1.0,1.0,1.0,2.0,6.0,5.0,0.0,3.0,0.0,0.0,0.0,1.0,0.0,0.0,0.0,0.0,PLAY_SUPPORTER,0.4,0.0,4,opponent,109
5.0,0.6666666666666666,1.0,1.0,2.0,6.0,5.0,0.0,2.0,0.0,0.0,0.0,1.0,0.0,0.0,0.0,0.0,PLAY_SUPPORTER,0.4,0.0,5,opponent,109
6.0,1.0,1.0,0.0,2.0,6.0,4.0,0.0,1.0,0.0,0.0,0.0,0.0,0.0,0.0,0.0,1.0,PASS_TURN,0.0,0.0,6,opponent,109
7.0,0.5714285714285714,1.0,0.0,2.0,6.0,4.0,0.0,1.0,0.0,0.0,0.0,1.0,0.0,0.0,0.0,0.0,PLAY_SUPPORTER,0.4,0.0,7,opponent,109
8.0,0.2857142857142857,1.0,0.0,2.0,6.0,4.0,0.0,0.0,0.0,0.0,0.0,0.0,0.0,0.0,0.0,1.0,PASS_TURN,0.0,0.0,8,opponent,109
1.0,1.0,1.0,3.0,2.0,6.0,6.0,0.0,7.0,0.0,0.0,0.0,1.0,0.0,0.0,0.0,0.0,PLAY_SUPPORTER,0.4,0.0,1,opponent,110
2.0,1.0,1.0,3.0,2.0,6.0,6.0,0.0,6.0,0.0,1.0,0.0,0.0,0.0,0.0,0.0,0.0,RETREAT,-0.1,0.0,2,opponent,110
3.0,0.8,1.0,3.0,2.0,6.0,6.0,0.0,6.0,0.0,0.0,0.0,1.0,0.0,0.0,0.0,0.0,PLAY_SUPPORTER,0.4,0.0,3,opponent,110
4.0,0.8,1.0,3.0,2.0,6.0,6.0,0.0,5.0,0.0,0.0,0.0,1.0,0.0,0.0,0.0,0.0,PLAY_SUPPORTER,0.4,0.0,4,opponent,110
5.0,0.8,1.0,3.0,2.0,6.0,6.0,0.0,4.0,0.0,0.0,0.0,1.0,0.0,0.0,0.0,0.0,PLAY_SUPPORTER,0.4,0.0,5,opponent,110
6.0,0.4,1.0,3.0,2.0,6.0,6.0,0.0,3.0,0.0,0.0,0.0,1.0,0.0,0.0,0.0,0.0,PLAY_SUPPORTER,0.4,0.0,6,opponent,110
7.0,0.1,1.0,3.0,2.0,6.0,6.0,0.0,2.0,0.0,1.0,0.0,0.0,0.0,0.0,0.0,0.0,RETREAT,-0.1,0.0,7,opponent,110
8.0,0.6666666666666666,1.0,3.0,2.0,6.0,6.0,0.0,2.0,0.0,0.0,0.0,1.0,0.0,0.0,0.0,0.0,PLAY_SUPPORTER,0.4,0.0,8,opponent,110
9.0,0.5,1.0,3.0,2.0,6.0,6.0,0.0,1.0,0.0,0.0,0.0,1.0,0.0,0.0,0.0,0.0,PLAY_SUPPORTER,0.4,0.0,9,opponent,110
10.0,0.1,1.0,2.0,2.0,6.0,5.0,0.0,0.0,0.0,1.0,0.0,0.0,0.0,0.0,0.0,0.0,RETREAT,-0.1,0.0,10,opponent,110
11.0,0.8333333333333334,1.0,2.0,2.0,6.0,5.0,0.0,0.0,0.0,0.0,0.0,0.0,0.0,0.0,0.0,1.0,PASS_TURN,0.0,0.0,11,opponent,110
12.0,0.5833333333333334,1.0,2.0,2.0,6.0,5.0,0.0,0.0,0.0,0.0,0.0,0.0,0.0,0.0,0.0,1.0,PASS_TURN,0.0,0.0,12,opponent,110
13.0,0.4166666666666667,1.0,2.0,2.0,6.0,5.0,0.0,0.0,0.0,0.0,0.0,0.0,0.0,0.0,0.0,1.0,PASS_TURN,0.0,0.0,13,opponent,110
14.0,0.25,1.0,2.0,2.0,6.0,5.0,0.0,0.0,0.0,1.0,0.0,0.0,0.0,0.0,0.0,0.0,RETREAT,-0.1,0.0,14,opponent,110
15.0,0.25,1.0,1.0,2.0,6.0,4.0,0.0,0.0,0.0,1.0,0.0,0.0,0.0,0.0,0.0,0.0,RETREAT,-0.1,0.0,15,opponent,110
16.0,0.7857142857142857,1.0,1.0,2.0,6.0,4.0,0.0,0.0,0.0,0.0,0.0,0.0,0.0,0.0,0.0,1.0,PASS_TURN,0.0,0.0,16,opponent,110
17.0,0.5,1.0,1.0,2.0,6.0,4.0,0.0,0.0,0.0,1.0,0.0,0.0,0.0,0.0,0.0,0.0,RETREAT,-0.1,0.0,17,opponent,110
18.0,0.16666666666666666,1.0,1.0,2.0,6.0,4.0,0.0,0.0,0.0,1.0,0.0,0.0,0.0,0.0,0.0,0.0,RETREAT,-0.1,0.0,18,opponent,110
19.0,0.35714285714285715,1.0,1.0,2.0,6.0,4.0,0.0,0.0,0.0,0.0,0.0,0.0,0.0,0.0,0.0,1.0,PASS_TURN,0.0,0.0,19,opponent,110
20.0,0.07142857142857142,1.0,1.0,2.0,6.0,4.0,0.0,0.0,0.0,1.0,0.0,0.0,0.0,0.0,0.0,0.0,RETREAT,-0.1,0.0,20,opponent,110
21.0,0.07142857142857142,1.0,0.0,2.0,6.0,3.0,0.0,0.0,0.0,0.0,0.0,0.0,0.0,0.0,0.0,1.0,PASS_TURN,0.0,0.0,21,opponent,110
1.0,1.0,1.0,2.0,1.0,6.0,6.0,0.0,7.0,0.0,0.0,0.0,1.0,0.0,0.0,0.0,0.0,PLAY_SUPPORTER,0.4,0.0,1,opponent,111
2.0,0.7142857142857143,1.0,2.0,1.0,6.0,6.0,0.0,6.0,0.0,0.0,0.0,1.0,0.0,0.0,0.0,0.0,PLAY_SUPPORTER,0.4,0.0,2,opponent,111
3.0,0.5714285714285714,1.0,2.0,1.0,6.0,6.0,0.0,5.0,0.0,0.0,0.0,1.0,0.0,0.0,0.0,0.0,PLAY_SUPPORTER,0.4,0.0,3,opponent,111
4.0,0.5714285714285714,1.0,2.0,1.0,6.0,6.0,0.0,4.0,0.0,0.0,0.0,1.0,0.0,0.0,0.0,0.0,PLAY_SUPPORTER,0.4,0.0,4,opponent,111
5.0,0.2857142857142857,1.0,2.0,1.0,6.0,6.0,0.0,3.0,0.0,1.0,0.0,0.0,0.0,0.0,0.0,0.0,RETREAT,-0.1,0.0,5,opponent,111
6.0,1.0,1.0,2.0,1.0,6.0,6.0,0.0,3.0,0.0,0.0,0.0,0.0,0.0,0.0,0.0,1.0,PASS_TURN,0.0,0.0,6,opponent,111
7.0,0.8333333333333334,1.0,2.0,1.0,6.0,6.0,0.0,3.0,0.0,0.0,0.0,1.0,0.0,0.0,0.0,0.0,PLAY_SUPPORTER,0.4,0.0,7,opponent,111
8.0,0.6666666666666666,1.0,2.0,1.0,6.0,6.0,0.0,2.0,0.0,0.0,0.0,1.0,0.0,0.0,0.0,0.0,PLAY_SUPPORTER,0.4,0.0,8,opponent,111
9.0,0.3333333333333333,1.0,2.0,1.0,6.0,6.0,0.0,1.0,0.0,0.0,0.0,1.0,0.0,0.0,0.0,0.0,PLAY_SUPPORTER,0.4,0.0,9,opponent,111
10.0,0.2857142857142857,1.0,1.0,1.0,6.0,5.0,0.0,0.0,0.0,1.0,0.0,0.0,0.0,0.0,0.0,0.0,RETREAT,-0.1,0.0,10,opponent,111
11.0,0.8571428571428571,1.0,1.0,1.0,6.0,5.0,0.0,0.0,0.0,0.0,0.0,0.0,0.0,0.0,0.0,1.0,PASS_TURN,0.0,0.0,11,opponent,111
12.0,0.2857142857142857,1.0,1.0,1.0,6.0,5.0,0.0,0.0,0.0,1.0,0.0,0.0,0.0,0.0,0.0,0.0,RETREAT,-0.1,0.0,12,opponent,111
13.0,0.2857142857142857,1.0,0.0,1.0,6.0,4.0,0.0,0.0,0.0,0.0,0.0,0.0,0.0,0.0,0.0,1.0,PASS_TURN,0.0,0.0,13,opponent,111
1.0,1.0,1.0,1.0,3.0,6.0,6.0,3.0,7.0,0.0,0.0,1.0,0.0,0.0,0.0,0.0,0.0,ATTACH_ENERGY,0.3,0.6999999999999997,1,opponent,112
2.0,0.5,1.0,1.0,3.0,6.0,6.0,2.0,7.0,1.0,0.0,0.0,0.0,0.0,0.0,0.0,0.0,ATTACK,1.5,0.2999999999999998,2,opponent,112
3.0,0.25,0.7,1.0,3.0,6.0,6.0,2.0,7.0,0.0,0.0,1.0,0.0,0.0,0.0,0.0,0.0,ATTACH_ENERGY,0.3,0.7000000000000006,3,opponent,112
4.0,1.0,0.7,0.0,3.0,6.0,5.0,1.0,7.0,1.0,0.0,0.0,0.0,0.0,0.0,0.0,0.0,ATTACK,1.5,0.30000000000000027,4,opponent,112
5.0,0.75,0.4,0.0,3.0,6.0,5.0,1.0,7.0,1.0,0.0,0.0,0.0,0.0,0.0,0.0,0.0,ATTACK,1.5,0.30000000000000027,5,opponent,112
6.0,0.6666666666666666,0.1,0.0,3.0,6.0,5.0,1.0,7.0,1.0,0.0,0.0,0.0,0.0,0.0,0.0,0.0,ATTACK,6.5,-2.4000000000000004,6,opponent,112
7.0,0.4166666666666667,1.0,0.0,2.0,5.0,5.0,1.0,7.0,1.0,0.0,0.0,0.0,0.0,0.0,0.0,0.0,ATTACK,1.5,0.30000000000000027,7,opponent,112
8.0,0.08333333333333333,0.625,0.0,2.0,5.0,5.0,1.0,7.0,1.0,0.0,0.0,0.0,0.0,0.0,0.0,0.0,ATTACK,1.5,0.2999999999999998,8,opponent,112
1.0,1.0,1.0,2.0,0.0,6.0,6.0,0.0,7.0,0.0,0.0,0.0,0.0,0.0,0.0,0.0,1.0,PASS_TURN,0.0,0.0,1,opponent,113
2.0,0.6666666666666666,1.0,2.0,0.0,6.0,6.0,0.0,7.0,0.0,0.0,0.0,1.0,0.0,0.0,0.0,0.0,PLAY_SUPPORTER,0.4,0.0,2,opponent,113
3.0,0.6666666666666666,1.0,2.0,0.0,6.0,6.0,0.0,6.0,0.0,0.0,0.0,1.0,0.0,0.0,0.0,0.0,PLAY_SUPPORTER,0.4,0.0,3,opponent,113
4.0,1.0,1.0,1.0,0.0,6.0,5.0,0.0,5.0,0.0,0.0,0.0,1.0,0.0,0.0,0.0,0.0,PLAY_SUPPORTER,0.4,0.0,4,opponent,113
5.0,0.6,1.0,1.0,0.0,6.0,5.0,0.0,4.0,0.0,0.0,0.0,1.0,0.0,0.0,0.0,0.0,PLAY_SUPPORTER,0.4,0.0,5,opponent,113
6.0,0.5,1.0,1.0,0.0,6.0,5.0,0.0,3.0,0.0,0.0,0.0,1.0,0.0,0.0,0.0,0.0,PLAY_SUPPORTER,0.4,0.0,6,opponent,113
7.0,0.3,1.0,1.0,0.0,6.0,5.0,0.0,2.0,0.0,0.0,0.0,1.0,0.0,0.0,0.0,0.0,PLAY_SUPPORTER,0.4,0.0,7,opponent,113
8.0,1.0,1.0,0.0,0.0,6.0,4.0,0.0,1.0,0.0,0.0,0.0,1.0,0.0,0.0,0.0,0.0,PLAY_SUPPORTER,0.4,0.0,8,opponent,113
9.0,0.5714285714285714,1.0,0.0,0.0,6.0,4.0,0.0,0.0,0.0,0.0,0.0,0.0,0.0,0.0,0.0,1.0,PASS_TURN,0.0,0.0,9,opponent,113
10.0,0.2857142857142857,1.0,0.0,0.0,6.0,4.0,0.0,0.0,0.0,0.0,0.0,0.0,0.0,0.0,0.0,1.0,PASS_TURN,0.0,0.0,10,opponent,113
1.0,1.0,1.0,0.0,2.0,6.0,6.0,0.0,4.0,0.0,0.0,0.0,1.0,0.0,0.0,0.0,0.0,PLAY_SUPPORTER,0.4,0.0,1,opponent,114
2.0,0.6666666666666666,1.0,0.0,2.0,6.0,6.0,0.0,3.0,0.0,0.0,0.0,1.0,0.0,0.0,0.0,0.0,PLAY_SUPPORTER,0.4,0.0,2,opponent,114
3.0,0.16666666666666666,1.0,0.0,2.0,6.0,6.0,0.0,2.0,0.0,0.0,0.0,1.0,0.0,0.0,0.0,0.0,PLAY_SUPPORTER,0.4,0.0,3,opponent,114
1.0,1.0,1.0,1.0,3.0,6.0,6.0,2.0,7.0,0.0,0.0,0.0,1.0,0.0,0.0,0.0,0.0,PLAY_SUPPORTER,0.4,0.0,1,opponent,115
2.0,0.7777777777777778,1.0,1.0,3.0,6.0,6.0,2.0,6.0,0.0,0.0,0.0,1.0,0.0,0.0,0.0,0.0,PLAY_SUPPORTER,0.4,0.0,2,opponent,115
3.0,0.4444444444444444,1.0,1.0,3.0,6.0,6.0,2.0,5.0,0.0,0.0,1.0,0.0,0.0,0.0,0.0,0.0,ATTACH_ENERGY,0.3,0.6999999999999997,3,opponent,115
4.0,0.2222222222222222,1.0,1.0,3.0,6.0,6.0,1.0,5.0,0.0,1.0,0.0,0.0,0.0,0.0,0.0,0.0,RETREAT,-0.1,0.0,4,opponent,115
5.0,0.8571428571428571,1.0,1.0,3.0,6.0,6.0,1.0,5.0,0.0,0.0,0.0,1.0,0.0,0.0,0.0,0.0,PLAY_SUPPORTER,0.4,0.0,5,opponent,115
6.0,0.7142857142857143,1.0,1.0,3.0,6.0,6.0,1.0,4.0,0.0,0.0,0.0,1.0,0.0,0.0,0.0,0.0,PLAY_SUPPORTER,0.4,0.0,6,opponent,115
7.0,0.42857142857142855,1.0,1.0,3.0,6.0,6.0,1.0,3.0,0.0,0.0,0.0,1.0,0.0,0.0,0.0,0.0,PLAY_SUPPORTER,0.4,0.0,7,opponent,115
8.0,0.2222222222222222,1.0,0.0,3.0,6.0,5.0,1.0,2.0,0.0,0.0,0.0,1.0,0.0,0.0,0.0,0.0,PLAY_SUPPORTER,0.4,0.0,8,opponent,115
1.0,1.0,1.0,0.0,1.0,6.0,6.0,2.0,6.0,0.0,0.0,1.0,0.0,0.0,0.0,0.0,0.0,ATTACH_ENERGY,0.3,0.7,1,opponent,116
2.0,1.0,1.0,0.0,1.0,6.0,6.0,1.0,6.0,1.0,0.0,0.0,0.0,0.0,0.0,0.0,0.0,ATTACK,1.5,0.3000000000000001,2,opponent,116
3.0,0.7777777777777778,0.5,0.0,1.0,6.0,6.0,1.0,6.0,1.0,0.0,0.0,0.0,0.0,0.0,0.0,0.0,ATTACK,6.5,-2.2,3,opponent,116
4.0,0.4444444444444444,1.0,0.0,0.0,5.0,6.0,1.0,6.0,1.0,0.0,0.0,0.0,0.0,0.0,0.0,0.0,ATTACK,1.5,0.2999999999999998,4,opponent,116
5.0,0.4444444444444444,0.5714285714285714,0.0,0.0,5.0,6.0,1.0,6.0,0.0,0.0,1.0,0.0,0.0,0.0,0.0,0.0,ATTACH_ENERGY,0.3,0.30000000000000027,5,opponent,116
6.0,0.3333333333333333,0.5714285714285714,0.0,0.0,5.0,6.0,0.0,6.0,1.0,0.0,0.0,0.0,0.0,0.0,0.0,0.0,ATTACK,1.5,0.30000000000000027,6,opponent,116
1.0,1.0,1.0,2.0,2.0,6.0,6.0,0.0,2.0,0.0,0.0,0.0,1.0,0.0,0.0,0.0,0.0,PLAY_SUPPORTER,0.4,0.0,1,opponent,117
2.0,1.0,1.0,2.0,2.0,6.0,6.0,0.0,1.0,0.0,0.0,0.0,1.0,0.0,0.0,0.0,0.0,PLAY_SUPPORTER,0.4,0.0,2,opponent,117
3.0,0.875,1.0,2.0,2.0,6.0,6.0,0.0,0.0,0.0,0.0,0.0,0.0,0.0,0.0,0.0,1.0,PASS_TURN,0.0,0.0,3,opponent,117
4.0,0.5,1.0,2.0,2.0,6.0,6.0,0.0,0.0,0.0,0.0,0.0,0.0,0.0,0.0,0.0,1.0,PASS_TURN,0.0,0.0,4,opponent,117
5.0,0.125,1.0,2.0,2.0,6.0,6.0,0.0,0.0,0.0,1.0,0.0,0.0,0.0,0.0,0.0,0.0,RETREAT,-0.1,0.0,5,opponent,117
6.0,1.0,1.0,2.0,2.0,6.0,6.0,0.0,0.0,0.0,1.0,0.0,0.0,0.0,0.0,0.0,0.0,RETREAT,-0.1,0.0,6,opponent,117
7.0,1.0,1.0,1.0,2.0,6.0,5.0,0.0,0.0,0.0,0.0,0.0,0.0,0.0,0.0,0.0,1.0,PASS_TURN,0.0,0.0,7,opponent,117
8.0,0.75,1.0,1.0,2.0,6.0,5.0,0.0,0.0,0.0,0.0,0.0,0.0,0.0,0.0,0.0,1.0,PASS_TURN,0.0,0.0,8,opponent,117
9.0,0.75,1.0,1.0,2.0,6.0,5.0,0.0,0.0,0.0,0.0,0.0,0.0,0.0,0.0,0.0,1.0,PASS_TURN,0.0,0.0,9,opponent,117
10.0,0.5,1.0,1.0,2.0,6.0,5.0,0.0,0.0,0.0,0.0,0.0,0.0,0.0,0.0,0.0,1.0,PASS_TURN,0.0,0.0,10,opponent,117
11.0,0.4166666666666667,1.0,1.0,2.0,6.0,5.0,0.0,0.0,0.0,0.0,0.0,0.0,0.0,0.0,0.0,1.0,PASS_TURN,0.0,0.0,11,opponent,117
12.0,0.3333333333333333,1.0,1.0,2.0,6.0,5.0,0.0,0.0,0.0,1.0,0.0,0.0,0.0,0.0,0.0,0.0,RETREAT,-0.1,0.0,12,opponent,117
13.0,0.9,1.0,1.0,2.0,6.0,5.0,0.0,0.0,0.0,0.0,0.0,0.0,0.0,0.0,0.0,1.0,PASS_TURN,0.0,0.0,13,opponent,117
14.0,0.8,1.0,1.0,2.0,6.0,5.0,0.0,0.0,0.0,0.0,0.0,0.0,0.0,0.0,0.0,1.0,PASS_TURN,0.0,0.0,14,opponent,117
15.0,0.7,1.0,1.0,2.0,6.0,5.0,0.0,0.0,0.0,0.0,0.0,0.0,0.0,0.0,0.0,1.0,PASS_TURN,0.0,0.0,15,opponent,117
16.0,0.5,1.0,1.0,2.0,6.0,5.0,0.0,0.0,0.0,0.0,0.0,0.0,0.0,0.0,0.0,1.0,PASS_TURN,0.0,0.0,16,opponent,117
17.0,0.1,1.0,1.0,2.0,6.0,5.0,0.0,0.0,0.0,0.0,0.0,0.0,0.0,0.0,0.0,1.0,PASS_TURN,0.0,0.0,17,opponent,117
18.0,0.3333333333333333,1.0,0.0,2.0,6.0,4.0,0.0,0.0,0.0,0.0,0.0,0.0,0.0,0.0,0.0,1.0,PASS_TURN,0.0,0.0,18,opponent,117
1.0,1.0,1.0,3.0,1.0,6.0,6.0,3.0,5.0,0.0,0.0,1.0,0.0,0.0,0.0,0.0,0.0,ATTACH_ENERGY,0.3,0.6999999999999993,1,opponent,118
2.0,0.7,1.0,3.0,1.0,6.0,6.0,2.0,5.0,0.0,0.0,1.0,0.0,0.0,0.0,0.0,0.0,ATTACH_ENERGY,0.3,0.7000000000000002,2,opponent,118
3.0,0.7,1.0,3.0,1.0,6.0,6.0,1.0,5.0,0.0,0.0,1.0,0.0,0.0,0.0,0.0,0.0,ATTACH_ENERGY,0.3,0.7000000000000002,3,opponent,118
4.0,0.4,1.0,3.0,1.0,6.0,6.0,0.0,5.0,1.0,0.0,0.0,0.0,0.0,0.0,0.0,0.0,ATTACK,0.5,0.09999999999999964,4,opponent,118
5.0,0.4,0.875,3.0,1.0,6.0,6.0,0.0,5.0,1.0,0.0,0.0,0.0,0.0,0.0,0.0,0.0,ATTACK,0.5,0.09999999999999964,5,opponent,118
6.0,0.1,0.75,3.0,1.0,6.0,6.0,0.0,5.0,0.0,1.0,0.0,0.0,0.0,0.0,0.0,0.0,RETREAT,-0.1,0.0,6,opponent,118
7.0,0.7,0.75,3.0,1.0,6.0,6.0,0.0,5.0,0.0,0.0,0.0,1.0,0.0,0.0,0.0,0.0,PLAY_SUPPORTER,0.4,0.0,7,opponent,118
8.0,0.6,0.75,3.0,1.0,6.0,6.0,0.0,4.0,0.0,0.0,0.0,1.0,0.0,0.0,0.0,0.0,PLAY_SUPPORTER,0.4,0.0,8,opponent,118
9.0,0.6,0.75,3.0,1.0,6.0,6.0,0.0,3.0,0.0,0.0,0.0,1.0,0.0,0.0,0.0,0.0,PLAY_SUPPORTER,0.4,0.0,9,opponent,118
10.0,0.4,0.75,3.0,1.0,6.0,6.0,0.0,2.0,0.0,0.0,0.0,1.0,0.0,0.0,0.0,0.0,PLAY_SUPPORTER,0.4,0.0,10,opponent,118
11.0,0.3,0.75,3.0,1.0,6.0,6.0,0.0,1.0,0.0,0.0,0.0,1.0,0.0,0.0,0.0,0.0,PLAY_SUPPORTER,0.4,0.0,11,opponent,118
12.0,0.1,0.75,2.0,1.0,6.0,5.0,0.0,0.0,0.0,1.0,0.0,0.0,0.0,0.0,0.0,0.0,RETREAT,-0.1,0.0,12,opponent,118
13.0,1.0,0.75,2.0,1.0,6.0,5.0,0.0,0.0,0.0,0.0,0.0,0.0,0.0,0.0,0.0,1.0,PASS_TURN,0.0,0.0,13,opponent,118
14.0,0.8888888888888888,0.75,2.0,1.0,6.0,5.0,0.0,0.0,0.0,0.0,0.0,0.0,0.0,0.0,0.0,1.0,PASS_TURN,0.0,0.0,14,opponent,118
15.0,0.8888888888888888,0.75,2.0,1.0,6.0,5.0,0.0,0.0,0.0,0.0,0.0,0.0,0.0,0.0,0.0,1.0,PASS_TURN,0.0,0.0,15,opponent,118
16.0,0.7777777777777778,0.75,2.0,1.0,6.0,5.0,0.0,0.0,0.0,0.0,0.0,0.0,0.0,0.0,0.0,1.0,PASS_TURN,0.0,0.0,16,opponent,118
17.0,0.3333333333333333,0.75,2.0,1.0,6.0,5.0,0.0,0.0,0.0,0.0,0.0,0.0,0.0,0.0,0.0,1.0,PASS_TURN,0.0,0.0,17,opponent,118
18.0,0.1111111111111111,0.75,2.0,1.0,6.0,5.0,0.0,0.0,0.0,1.0,0.0,0.0,0.0,0.0,0.0,0.0,RETREAT,-0.1,0.0,18,opponent,118
19.0,0.1111111111111111,0.75,1.0,1.0,6.0,4.0,0.0,0.0,0.0,1.0,0.0,0.0,0.0,0.0,0.0,0.0,RETREAT,-0.1,0.0,19,opponent,118
20.0,0.9,0.75,1.0,1.0,6.0,4.0,0.0,0.0,0.0,0.0,0.0,0.0,0.0,0.0,0.0,1.0,PASS_TURN,0.0,0.0,20,opponent,118
21.0,0.9,0.75,1.0,1.0,6.0,4.0,0.0,0.0,0.0,0.0,0.0,0.0,0.0,0.0,0.0,1.0,PASS_TURN,0.0,0.0,21,opponent,118
22.0,0.7,0.75,1.0,1.0,6.0,4.0,0.0,0.0,0.0,0.0,0.0,0.0,0.0,0.0,0.0,1.0,PASS_TURN,0.0,0.0,22,opponent,118
23.0,0.3,0.75,1.0,1.0,6.0,4.0,0.0,0.0,0.0,0.0,0.0,0.0,0.0,0.0,0.0,1.0,PASS_TURN,0.0,0.0,23,opponent,118
24.0,0.3,0.75,1.0,1.0,6.0,4.0,0.0,0.0,0.0,0.0,0.0,0.0,0.0,0.0,0.0,1.0,PASS_TURN,0.0,0.0,24,opponent,118
25.0,0.1,0.75,1.0,1.0,6.0,4.0,0.0,0.0,0.0,1.0,0.0,0.0,0.0,0.0,0.0,0.0,RETREAT,-0.1,0.0,25,opponent,118
26.0,0.1,0.75,0.0,1.0,6.0,3.0,0.0,0.0,0.0,0.0,0.0,0.0,0.0,0.0,0.0,1.0,PASS_TURN,0.0,0.0,26,opponent,118
1.0,1.0,1.0,2.0,3.0,6.0,6.0,0.0,6.0,0.0,0.0,0.0,1.0,0.0,0.0,0.0,0.0,PLAY_SUPPORTER,0.4,0.0,1,opponent,119
2.0,0.6666666666666666,1.0,2.0,3.0,6.0,6.0,0.0,5.0,0.0,0.0,0.0,1.0,0.0,0.0,0.0,0.0,PLAY_SUPPORTER,0.4,0.0,2,opponent,119
3.0,0.5555555555555556,1.0,2.0,3.0,6.0,6.0,0.0,4.0,0.0,0.0,0.0,1.0,0.0,0.0,0.0,0.0,PLAY_SUPPORTER,0.4,0.0,3,opponent,119
4.0,0.4444444444444444,1.0,2.0,3.0,6.0,6.0,0.0,3.0,0.0,0.0,0.0,1.0,0.0,0.0,0.0,0.0,PLAY_SUPPORTER,0.4,0.0,4,opponent,119
5.0,1.0,1.0,1.0,3.0,6.0,5.0,0.0,2.0,0.0,0.0,0.0,1.0,0.0,0.0,0.0,0.0,PLAY_SUPPORTER,0.4,0.0,5,opponent,119
6.0,0.75,1.0,1.0,3.0,6.0,5.0,0.0,1.0,0.0,0.0,0.0,1.0,0.0,0.0,0.0,0.0,PLAY_SUPPORTER,0.4,0.0,6,opponent,119
7.0,0.5833333333333334,1.0,1.0,3.0,6.0,5.0,0.0,0.0,0.0,0.0,0.0,0.0,0.0,0.0,0.0,1.0,PASS_TURN,0.0,0.0,7,opponent,119
8.0,0.5833333333333334,1.0,1.0,3.0,6.0,5.0,0.0,0.0,0.0,0.0,0.0,0.0,0.0,0.0,0.0,1.0,PASS_TURN,0.0,0.0,8,opponent,119
9.0,0.5,1.0,1.0,3.0,6.0,5.0,0.0,0.0,0.0,0.0,0.0,0.0,0.0,0.0,0.0,1.0,PASS_TURN,0.0,0.0,9,opponent,119
10.0,0.16666666666666666,1.0,1.0,3.0,6.0,5.0,0.0,0.0,0.0,1.0,0.0,0.0,0.0,0.0,0.0,0.0,RETREAT,-0.1,0.0,10,opponent,119
11.0,0.8333333333333334,1.0,1.0,3.0,6.0,5.0,0.0,0.0,0.0,0.0,0.0,0.0,0.0,0.0,0.0,1.0,PASS_TURN,0.0,0.0,11,opponent,119
12.0,0.8333333333333334,1.0,1.0,3.0,6.0,5.0,0.0,0.0,0.0,0.0,0.0,0.0,0.0,0.0,0.0,1.0,PASS_TURN,0.0,0.0,12,opponent,119
13.0,0.5,1.0,1.0,3.0,6.0,5.0,0.0,0.0,0.0,0.0,0.0,0.0,0.0,0.0,0.0,1.0,PASS_TURN,0.0,0.0,13,opponent,119
14.0,0.5,1.0,1.0,3.0,6.0,5.0,0.0,0.0,0.0,0.0,0.0,0.0,0.0,0.0,0.0,1.0,PASS_TURN,0.0,0.0,14,opponent,119
15.0,0.16666666666666666,1.0,0.0,3.0,6.0,4.0,0.0,0.0,0.0,0.0,0.0,0.0,0.0,0.0,0.0,1.0,PASS_TURN,0.0,0.0,15,opponent,119
1.0,1.0,1.0,2.0,0.0,6.0,6.0,2.0,3.0,0.0,0.0,1.0,0.0,0.0,0.0,0.0,0.0,ATTACH_ENERGY,0.3,0.7000000000000002,1,me,120
2.0,1.0,1.0,2.0,0.0,6.0,6.0,1.0,3.0,1.0,0.0,0.0,0.0,0.0,0.0,0.0,0.0,ATTACK,1.5,0.2999999999999998,2,me,120
3.0,0.7777777777777778,0.5,2.0,0.0,6.0,6.0,1.0,3.0,1.0,0.0,0.0,0.0,0.0,0.0,0.0,0.0,ATTACK,6.5,-2.7,3,me,120
1.0,1.0,1.0,1.0,3.0,6.0,6.0,0.0,3.0,0.0,0.0,0.0,1.0,0.0,0.0,0.0,0.0,PLAY_SUPPORTER,0.4,0.0,1,opponent,121
2.0,1.0,1.0,1.0,3.0,6.0,6.0,0.0,2.0,0.0,0.0,0.0,1.0,0.0,0.0,0.0,0.0,PLAY_SUPPORTER,0.4,0.0,2,opponent,121
3.0,0.5,1.0,1.0,3.0,6.0,6.0,0.0,1.0,0.0,0.0,0.0,0.0,0.0,0.0,0.0,1.0,PASS_TURN,0.0,0.0,3,opponent,121
4.0,0.16666666666666666,1.0,1.0,3.0,6.0,6.0,0.0,1.0,0.0,1.0,0.0,0.0,0.0,0.0,0.0,0.0,RETREAT,-0.1,0.0,4,opponent,121
5.0,0.42857142857142855,1.0,1.0,3.0,6.0,6.0,0.0,1.0,0.0,0.0,0.0,1.0,0.0,0.0,0.0,0.0,PLAY_SUPPORTER,0.4,0.0,5,opponent,121
6.0,0.16666666666666666,1.0,0.0,3.0,6.0,5.0,0.0,0.0,0.0,0.0,0.0,0.0,0.0,0.0,0.0,1.0,PASS_TURN,0.0,0.0,6,opponent,121
1.0,1.0,1.0,1.0,3.0,6.0,6.0,1.0,2.0,0.0,0.0,1.0,0.0,0.0,0.0,0.0,0.0,ATTACH_ENERGY,0.3,0.7,1,opponent,122
2.0,0.5714285714285714,1.0,1.0,3.0,6.0,6.0,0.0,2.0,1.0,0.0,0.0,0.0,0.0,0.0,0.0,0.0,ATTACK,1.0,0.19999999999999973,2,opponent,122
3.0,0.14285714285714285,0.8,1.0,3.0,6.0,6.0,0.0,2.0,0.0,1.0,0.0,0.0,0.0,0.0,0.0,0.0,RETREAT,-0.1,0.0,3,opponent,122
4.0,1.0,0.8,1.0,3.0,6.0,6.0,0.0,2.0,0.0,0.0,0.0,1.0,0.0,0.0,0.0,0.0,PLAY_SUPPORTER,0.4,0.0,4,opponent,122
5.0,1.0,0.8,1.0,3.0,6.0,6.0,0.0,1.0,0.0,0.0,0.0,1.0,0.0,0.0,0.0,0.0,PLAY_SUPPORTER,0.4,0.0,5,opponent,122
6.0,0.6666666666666666,0.8,1.0,3.0,6.0,6.0,0.0,0.0,0.0,0.0,0.0,0.0,0.0,0.0,0.0,1.0,PASS_TURN,0.0,0.0,6,opponent,122
7.0,0.3333333333333333,0.8,1.0,3.0,6.0,6.0,0.0,0.0,0.0,0.0,0.0,0.0,0.0,0.0,0.0,1.0,PASS_TURN,0.0,0.0,7,opponent,122
8.0,0.25,0.8,1.0,3.0,6.0,6.0,0.0,0.0,0.0,0.0,0.0,0.0,0.0,0.0,0.0,1.0,PASS_TURN,0.0,0.0,8,opponent,122
9.0,0.16666666666666666,0.8,1.0,3.0,6.0,6.0,0.0,0.0,0.0,1.0,0.0,0.0,0.0,0.0,0.0,0.0,RETREAT,-0.1,0.0,9,opponent,122
10.0,0.14285714285714285,0.8,1.0,3.0,6.0,6.0,0.0,0.0,0.0,1.0,0.0,0.0,0.0,0.0,0.0,0.0,RETREAT,-0.1,0.0,10,opponent,122
11.0,0.14285714285714285,0.8,0.0,3.0,6.0,5.0,0.0,0.0,1.0,0.0,0.0,0.0,0.0,0.0,0.0,0.0,ATTACK,1.0,0.20000000000000018,11,opponent,122
12.0,0.14285714285714285,0.6,0.0,3.0,6.0,5.0,0.0,0.0,1.0,0.0,0.0,0.0,0.0,0.0,0.0,0.0,ATTACK,1.0,0.19999999999999973,12,opponent,122
1.0,1.0,1.0,1.0,3.0,6.0,6.0,0.0,4.0,0.0,0.0,0.0,0.0,1.0,0.0,0.0,0.0,PLAY_BASIC_TO_BENCH,0.2,1.8000000000000003,1,opponent,123
2.0,0.8571428571428571,1.0,2.0,3.0,6.0,6.0,0.0,3.0,0.0,0.0,0.0,1.0,0.0,0.0,0.0,0.0,PLAY_SUPPORTER,0.4,0.0,2,opponent,123
3.0,0.8571428571428571,1.0,2.0,3.0,6.0,6.0,0.0,2.0,0.0,0.0,0.0,1.0,0.0,0.0,0.0,0.0,PLAY_SUPPORTER,0.4,0.0,3,opponent,123
4.0,0.7857142857142857,1.0,2.0,3.0,6.0,6.0,0.0,1.0,0.0,0.0,0.0,1.0,0.0,0.0,0.0,0.0,PLAY_SUPPORTER,0.4,0.0,4,opponent,123
5.0,0.5714285714285714,1.0,2.0,3.0,6.0,6.0,0.0,0.0,0.0,1.0,0.0,0.0,0.0,0.0,0.0,0.0,RETREAT,-0.1,0.0,5,opponent,123
6.0,0.8888888888888888,1.0,2.0,3.0,6.0,6.0,0.0,0.0,0.0,0.0,0.0,0.0,0.0,0.0,0.0,1.0,PASS_TURN,0.0,0.0,6,opponent,123
7.0,0.5555555555555556,1.0,2.0,3.0,6.0,6.0,0.0,0.0,0.0,0.0,0.0,0.0,0.0,0.0,0.0,1.0,PASS_TURN,0.0,0.0,7,opponent,123
8.0,0.1111111111111111,1.0,2.0,3.0,6.0,6.0,0.0,0.0,0.0,1.0,0.0,0.0,0.0,0.0,0.0,0.0,RETREAT,-0.1,0.0,8,opponent,123
9.0,0.8333333333333334,1.0,2.0,3.0,6.0,6.0,0.0,0.0,0.0,0.0,0.0,0.0,0.0,0.0,0.0,1.0,PASS_TURN,0.0,0.0,9,opponent,123
10.0,0.3333333333333333,1.0,2.0,3.0,6.0,6.0,0.0,0.0,0.0,0.0,0.0,0.0,0.0,0.0,0.0,1.0,PASS_TURN,0.0,0.0,10,opponent,123
11.0,0.1111111111111111,1.0,1.0,3.0,6.0,5.0,0.0,0.0,0.0,1.0,0.0,0.0,0.0,0.0,0.0,0.0,RETREAT,-0.1,0.0,11,opponent,123
12.0,0.35714285714285715,1.0,1.0,3.0,6.0,5.0,0.0,0.0,0.0,0.0,0.0,0.0,0.0,0.0,0.0,1.0,PASS_TURN,0.0,0.0,12,opponent,123
13.0,0.21428571428571427,1.0,1.0,3.0,6.0,5.0,0.0,0.0,0.0,1.0,0.0,0.0,0.0,0.0,0.0,0.0,RETREAT,-0.1,0.0,13,opponent,123
14.0,0.21428571428571427,1.0,0.0,3.0,6.0,4.0,0.0,0.0,0.0,0.0,0.0,0.0,0.0,0.0,0.0,1.0,PASS_TURN,0.0,0.0,14,opponent,123
1.0,1.0,1.0,2.0,2.0,6.0,6.0,2.0,6.0,0.0,1.0,0.0,0.0,0.0,0.0,0.0,0.0,RETREAT,-0.1,0.0,1,opponent,124
2.0,0.5,1.0,2.0,2.0,6.0,6.0,2.0,6.0,0.0,0.0,1.0,0.0,0.0,0.0,0.0,0.0,ATTACH_ENERGY,0.3,0.7000000000000002,2,opponent,124
3.0,0.125,1.0,2.0,2.0,6.0,6.0,1.0,6.0,0.0,1.0,0.0,0.0,0.0,0.0,0.0,0.0,RETREAT,-0.1,0.0,3,opponent,124
4.0,0.6666666666666666,1.0,2.0,2.0,6.0,6.0,1.0,6.0,0.0,0.0,0.0,1.0,0.0,0.0,0.0,0.0,PLAY_SUPPORTER,0.4,0.0,4,opponent,124
5.0,0.5,1.0,2.0,2.0,6.0,6.0,1.0,5.0,0.0,0.0,0.0,1.0,0.0,0.0,0.0,0.0,PLAY_SUPPORTER,0.4,0.0,5,opponent,124
6.0,0.125,1.0,1.0,2.0,6.0,5.0,1.0,4.0,1.0,0.0,0.0,0.0,0.0,0.0,0.0,0.0,ATTACK,0.5,0.09999999999999987,6,opponent,124
7.0,1.0,0.8888888888888888,0.0,2.0,6.0,4.0,1.0,4.0,0.0,0.0,0.0,1.0,0.0,0.0,0.0,0.0,PLAY_SUPPORTER,0.4,0.0,7,opponent,124
8.0,0.8333333333333334,0.8888888888888888,0.0,2.0,6.0,4.0,1.0,3.0,0.0,0.0,0.0,1.0,0.0,0.0,0.0,0.0,PLAY_SUPPORTER,0.4,0.0,8,opponent,124
9.0,0.5,0.8888888888888888,0.0,2.0,6.0,4.0,1.0,2.0,0.0,0.0,0.0,1.0,0.0,0.0,0.0,0.0,PLAY_SUPPORTER,0.4,0.0,9,opponent,124
10.0,0.5,0.8888888888888888,0.0,2.0,6.0,4.0,1.0,1.0,0.0,0.0,0.0,0.0,1.0,0.0,0.0,0.0,PLAY_BASIC_TO_BENCH,0.2,1.2999999999999998,10,opponent,124
11.0,0.5,0.8888888888888888,1.0,2.0,6.0,4.0,1.0,0.0,0.0,0.0,1.0,0.0,0.0,0.0,0.0,0.0,ATTACH_ENERGY,0.3,0.2999999999999998,11,opponent,124
12.0,0.25,0.8888888888888888,1.0,2.0,6.0,4.0,0.0,0.0,0.0,1.0,0.0,0.0,0.0,0.0,0.0,0.0,RETREAT,-0.1,0.0,12,opponent,124
13.0,0.5,0.8888888888888888,1.0,2.0,6.0,4.0,0.0,0.0,0.0,0.0,0.0,0.0,0.0,0.0,0.0,1.0,PASS_TURN,0.0,0.0,13,opponent,124
14.0,0.5,0.8888888888888888,1.0,2.0,6.0,4.0,0.0,0.0,0.0,0.0,0.0,0.0,0.0,0.0,0.0,1.0,PASS_TURN,0.0,0.0,14,opponent,124
15.0,0.25,0.8888888888888888,0.0,2.0,6.0,3.0,0.0,0.0,1.0,0.0,0.0,0.0,0.0,0.0,0.0,0.0,ATTACK,1.0,0.20000000000000018,15,opponent,124
16.0,0.25,0.6666666666666666,0.0,2.0,6.0,3.0,0.0,0.0,1.0,0.0,0.0,0.0,0.0,0.0,0.0,0.0,ATTACK,1.0,0.1999999999999993,16,opponent,124
17.0,0.08333333333333333,0.4444444444444444,0.0,2.0,6.0,3.0,0.0,0.0,1.0,0.0,0.0,0.0,0.0,0.0,0.0,0.0,ATTACK,1.0,0.1999999999999993,17,opponent,124
1.0,1.0,1.0,1.0,2.0,6.0,6.0,2.0,6.0,0.0,0.0,1.0,0.0,0.0,0.0,0.0,0.0,ATTACH_ENERGY,0.3,0.7000000000000001,1,opponent,125
2.0,0.6666666666666666,1.0,1.0,2.0,6.0,6.0,1.0,6.0,1.0,0.0,0.0,0.0,0.0,0.0,0.0,0.0,ATTACK,1.0,0.19999999999999996,2,opponent,125
3.0,0.2222222222222222,0.6666666666666666,1.0,2.0,6.0,6.0,1.0,6.0,0.0,1.0,0.0,0.0,0.0,0.0,0.0,0.0,RETREAT,-0.1,0.0,3,opponent,125
4.0,0.75,0.6666666666666666,1.0,2.0,6.0,6.0,1.0,6.0,0.0,0.0,0.0,1.0,0.0,0.0,0.0,0.0,PLAY_SUPPORTER,0.4,0.0,4,opponent,125
5.0,0.5,0.6666666666666666,1.0,2.0,6.0,6.0,1.0,5.0,0.0,0.0,0.0,1.0,0.0,0.0,0.0,0.0,PLAY_SUPPORTER,0.4,0.0,5,opponent,125
6.0,0.5,0.6666666666666666,1.0,2.0,6.0,6.0,1.0,4.0,0.0,0.0,0.0,1.0,0.0,0.0,0.0,0.0,PLAY_SUPPORTER,0.4,0.0,6,opponent,125
7.0,0.25,0.6666666666666666,1.0,2.0,6.0,6.0,1.0,3.0,0.0,1.0,0.0,0.0,0.0,0.0,0.0,0.0,RETREAT,-0.1,0.0,7,opponent,125
8.0,0.25,0.6666666666666666,0.0,2.0,6.0,5.0,1.0,3.0,0.0,0.0,0.0,1.0,0.0,0.0,0.0,0.0,PLAY_SUPPORTER,0.4,0.0,8,opponent,125
1.0,1.0,1.0,3.0,0.0,6.0,6.0,0.0,6.0,0.0,0.0,0.0,1.0,0.0,0.0,0.0,0.0,PLAY_SUPPORTER,0.4,0.0,1,opponent,126
2.0,1.0,1.0,3.0,0.0,6.0,6.0,0.0,5.0,0.0,1.0,0.0,0.0,0.0,0.0,0.0,0.0,RETREAT,-0.1,0.0,2,opponent,126
3.0,0.5,1.0,3.0,0.0,6.0,6.0,0.0,5.0,0.0,0.0,0.0,1.0,0.0,0.0,0.0,0.0,PLAY_SUPPORTER,0.4,0.0,3,opponent,126
4.0,0.5,1.0,3.0,0.0,6.0,6.0,0.0,4.0,0.0,0.0,0.0,1.0,0.0,0.0,0.0,0.0,PLAY_SUPPORTER,0.4,0.0,4,opponent,126
5.0,0.125,1.0,3.0,0.0,6.0,6.0,0.0,3.0,0.0,1.0,0.0,0.0,0.0,0.0,0.0,0.0,RETREAT,-0.1,0.0,5,opponent,126
6.0,0.8888888888888888,1.0,3.0,0.0,6.0,6.0,0.0,3.0,0.0,1.0,0.0,0.0,0.0,0.0,0.0,0.0,RETREAT,-0.1,0.0,6,opponent,126
7.0,0.5,1.0,3.0,0.0,6.0,6.0,0.0,3.0,0.0,0.0,0.0,1.0,0.0,0.0,0.0,0.0,PLAY_SUPPORTER,0.4,0.0,7,opponent,126
8.0,0.125,1.0,2.0,0.0,6.0,5.0,0.0,2.0,0.0,1.0,0.0,0.0,0.0,0.0,0.0,0.0,RETREAT,-0.1,0.0,8,opponent,126
9.0,0.4444444444444444,1.0,2.0,0.0,6.0,5.0,0.0,2.0,0.0,0.0,0.0,1.0,0.0,0.0,0.0,0.0,PLAY_SUPPORTER,0.4,0.0,9,opponent,126
10.0,0.4444444444444444,1.0,2.0,0.0,6.0,5.0,0.0,1.0,0.0,0.0,0.0,1.0,0.0,0.0,0.0,0.0,PLAY_SUPPORTER,0.4,0.0,10,opponent,126
11.0,0.4444444444444444,1.0,2.0,0.0,6.0,5.0,0.0,0.0,0.0,0.0,0.0,0.0,0.0,0.0,0.0,1.0,PASS_TURN,0.0,0.0,11,opponent,126
12.0,0.3333333333333333,1.0,2.0,0.0,6.0,5.0,0.0,0.0,0.0,0.0,0.0,0.0,0.0,0.0,0.0,1.0,PASS_TURN,0.0,0.0,12,opponent,126
13.0,0.125,1.0,1.0,0.0,6.0,4.0,0.0,0.0,0.0,1.0,0.0,0.0,0.0,0.0,0.0,0.0,RETREAT,-0.1,0.0,13,opponent,126
14.0,1.0,1.0,1.0,0.0,6.0,4.0,0.0,0.0,0.0,0.0,0.0,0.0,0.0,0.0,0.0,1.0,PASS_TURN,0.0,0.0,14,opponent,126
15.0,0.8,1.0,1.0,0.0,6.0,4.0,0.0,0.0,0.0,0.0,0.0,0.0,0.0,0.0,0.0,1.0,PASS_TURN,0.0,0.0,15,opponent,126
16.0,0.4,1.0,1.0,0.0,6.0,4.0,0.0,0.0,0.0,0.0,0.0,0.0,0.0,0.0,0.0,1.0,PASS_TURN,0.0,0.0,16,opponent,126
17.0,0.1,1.0,1.0,0.0,6.0,4.0,0.0,0.0,0.0,1.0,0.0,0.0,0.0,0.0,0.0,0.0,RETREAT,-0.1,0.0,17,opponent,126
18.0,0.1,1.0,0.0,0.0,6.0,3.0,0.0,0.0,0.0,0.0,0.0,0.0,0.0,0.0,0.0,1.0,PASS_TURN,0.0,0.0,18,opponent,126
1.0,1.0,1.0,2.0,3.0,6.0,6.0,3.0,2.0,0.0,0.0,0.0,1.0,0.0,0.0,0.0,0.0,PLAY_SUPPORTER,0.4,0.0,1,me,127
2.0,0.7142857142857143,1.0,2.0,3.0,6.0,6.0,3.0,1.0,0.0,0.0,1.0,0.0,0.0,0.0,0.0,0.0,ATTACH_ENERGY,0.3,0.7000000000000002,2,me,127
3.0,0.7142857142857143,1.0,2.0,3.0,6.0,6.0,2.0,1.0,1.0,0.0,0.0,0.0,0.0,0.0,0.0,0.0,ATTACK,1.0,0.20000000000000018,3,me,127
4.0,0.5714285714285714,0.8,2.0,3.0,6.0,6.0,2.0,1.0,1.0,0.0,0.0,0.0,0.0,0.0,0.0,0.0,ATTACK,1.0,0.19999999999999996,4,me,127
5.0,0.42857142857142855,0.6,2.0,3.0,6.0,6.0,2.0,1.0,1.0,0.0,0.0,0.0,0.0,0.0,0.0,0.0,ATTACK,1.0,0.19999999999999996,5,me,127
6.0,1.0,0.4,1.0,3.0,6.0,5.0,2.0,1.0,0.0,0.0,0.0,1.0,0.0,0.0,0.0,0.0,PLAY_SUPPORTER,0.4,0.0,6,me,127
7.0,0.7,0.4,1.0,3.0,6.0,5.0,2.0,0.0,0.0,0.0,1.0,0.0,0.0,0.0,0.0,0.0,ATTACH_ENERGY,0.3,0.30000000000000004,7,me,127
8.0,0.7,0.4,1.0,3.0,6.0,5.0,1.0,0.0,1.0,0.0,0.0,0.0,0.0,0.0,0.0,0.0,ATTACK,1.0,0.19999999999999996,8,me,127
9.0,0.5,0.2,1.0,3.0,6.0,5.0,1.0,0.0,0.0,0.0,0.0,0.0,0.0,0.0,0.0,1.0,PASS_TURN,0.0,0.0,9,me,127
10.0,0.2,0.2,1.0,3.0,6.0,5.0,1.0,0.0,1.0,0.0,0.0,0.0,0.0,0.0,0.0,0.0,ATTACK,6.0,-2.3,10,me,127
11.0,0.1,1.0,1.0,2.0,5.0,5.0,1.0,0.0,0.0,1.0,0.0,0.0,0.0,0.0,0.0,0.0,RETREAT,-0.1,0.0,11,me,127
12.0,1.0,1.0,1.0,2.0,5.0,5.0,1.0,0.0,0.0,0.0,1.0,0.0,0.0,0.0,0.0,0.0,ATTACH_ENERGY,0.3,0.30000000000000004,12,me,127
13.0,0.6666666666666666,1.0,1.0,2.0,5.0,5.0,0.0,0.0,1.0,0.0,0.0,0.0,0.0,0.0,0.0,0.0,ATTACK,1.5,0.2999999999999998,13,me,127
14.0,0.5833333333333334,0.6666666666666666,1.0,2.0,5.0,5.0,0.0,0.0,1.0,0.0,0.0,0.0,0.0,0.0,0.0,0.0,ATTACK,1.5,0.30000000000000027,14,me,127
15.0,0.5833333333333334,0.3333333333333333,1.0,2.0,5.0,5.0,0.0,0.0,1.0,0.0,0.0,0.0,0.0,0.0,0.0,0.0,ATTACK,6.5,-2.1999999999999997,15,me,127
16.0,0.4166666666666667,1.0,1.0,1.0,4.0,5.0,0.0,0.0,1.0,0.0,0.0,0.0,0.0,0.0,0.0,0.0,ATTACK,1.5,0.2999999999999998,16,me,127
17.0,0.3333333333333333,0.75,1.0,1.0,4.0,5.0,0.0,0.0,1.0,0.0,0.0,0.0,0.0,0.0,0.0,0.0,ATTACK,1.5,0.2999999999999998,17,me,127
18.0,0.25,0.5,1.0,1.0,4.0,5.0,0.0,0.0,1.0,0.0,0.0,0.0,0.0,0.0,0.0,0.0,ATTACK,1.5,0.2999999999999998,18,me,127
19.0,0.16666666666666666,0.25,1.0,1.0,4.0,5.0,0.0,0.0,1.0,0.0,0.0,0.0,0.0,0.0,0.0,0.0,ATTACK,6.5,-2.2000000000000006,19,me,127
20.0,0.16666666666666666,1.0,1.0,0.0,3.0,5.0,0.0,0.0,1.0,0.0,0.0,0.0,0.0,0.0,0.0,0.0,ATTACK,1.5,0.3000000000000007,20,me,127
21.0,0.16666666666666666,0.5714285714285714,1.0,0.0,3.0,5.0,0.0,0.0,1.0,0.0,0.0,0.0,0.0,0.0,0.0,0.0,ATTACK,1.5,0.2999999999999998,21,me,127
22.0,0.08333333333333333,0.14285714285714285,1.0,0.0,3.0,5.0,0.0,0.0,1.0,0.0,0.0,0.0,0.0,0.0,0.0,0.0,ATTACK,6.5,-2.9000000000000004,22,me,127
1.0,1.0,1.0,3.0,2.0,6.0,6.0,2.0,4.0,0.0,0.0,1.0,0.0,0.0,0.0,0.0,0.0,ATTACH_ENERGY,0.3,0.7000000000000002,1,opponent,128
2.0,1.0,1.0,3.0,2.0,6.0,6.0,1.0,4.0,1.0,0.0,0.0,0.0,0.0,0.0,0.0,0.0,ATTACK,1.0,0.19999999999999973,2,opponent,128
3.0,0.5,0.6666666666666666,3.0,2.0,6.0,6.0,1.0,4.0,1.0,0.0,0.0,0.0,0.0,0.0,0.0,0.0,ATTACK,1.0,0.20000000000000018,3,opponent,128
4.0,0.125,0.3333333333333333,3.0,2.0,6.0,6.0,1.0,4.0,1.0,0.0,0.0,0.0,0.0,0.0,0.0,0.0,ATTACK,6.0,-2.3,4,opponent,128
5.0,1.0,1.0,2.0,1.0,5.0,5.0,1.0,4.0,0.0,0.0,0.0,1.0,0.0,0.0,0.0,0.0,PLAY_SUPPORTER,0.4,0.0,5,opponent,128
6.0,0.75,1.0,2.0,1.0,5.0,5.0,1.0,3.0,0.0,0.0,0.0,1.0,0.0,0.0,0.0,0.0,PLAY_SUPPORTER,0.4,0.0,6,opponent,128
7.0,0.5833333333333334,1.0,2.0,1.0,5.0,5.0,1.0,2.0,0.0,0.0,0.0,1.0,0.0,0.0,0.0,0.0,PLAY_SUPPORTER,0.4,0.0,7,opponent,128
8.0,0.3333333333333333,1.0,2.0,1.0,5.0,5.0,1.0,1.0,0.0,0.0,0.0,1.0,0.0,0.0,0.0,0.0,PLAY_SUPPORTER,0.4,0.0,8,opponent,128
9.0,0.25,1.0,2.0,1.0,5.0,5.0,1.0,0.0,0.0,1.0,0.0,0.0,0.0,0.0,0.0,0.0,RETREAT,-0.1,0.0,9,opponent,128
10.0,0.42857142857142855,1.0,2.0,1.0,5.0,5.0,1.0,0.0,0.0,0.0,1.0,0.0,0.0,0.0,0.0,0.0,ATTACH_ENERGY,0.3,0.3,10,opponent,128
11.0,0.2857142857142857,1.0,2.0,1.0,5.0,5.0,0.0,0.0,1.0,0.0,0.0,0.0,0.0,0.0,0.0,0.0,ATTACK,1.5,0.3,11,opponent,128
12.0,0.25,0.6666666666666666,1.0,1.0,5.0,4.0,0.0,0.0,0.0,1.0,0.0,0.0,0.0,0.0,0.0,0.0,RETREAT,-0.1,0.0,12,opponent,128
13.0,0.875,0.6666666666666666,1.0,1.0,5.0,4.0,0.0,0.0,0.0,0.0,0.0,0.0,0.0,0.0,0.0,1.0,PASS_TURN,0.0,0.0,13,opponent,128
14.0,0.875,0.6666666666666666,1.0,1.0,5.0,4.0,0.0,0.0,0.0,0.0,0.0,0.0,0.0,0.0,0.0,1.0,PASS_TURN,0.0,0.0,14,opponent,128
15.0,0.375,0.6666666666666666,1.0,1.0,5.0,4.0,0.0,0.0,0.0,0.0,0.0,0.0,0.0,0.0,0.0,1.0,PASS_TURN,0.0,0.0,15,opponent,128
16.0,0.25,0.6666666666666666,0.0,1.0,5.0,3.0,0.0,0.0,0.0,0.0,0.0,0.0,0.0,0.0,0.0,1.0,PASS_TURN,0.0,0.0,16,opponent,128
17.0,0.16666666666666666,0.6666666666666666,0.0,1.0,5.0,3.0,0.0,0.0,0.0,0.0,0.0,0.0,0.0,0.0,0.0,1.0,PASS_TURN,0.0,0.0,17,opponent,128
18.0,0.08333333333333333,0.6666666666666666,0.0,1.0,5.0,3.0,0.0,0.0,0.0,0.0,0.0,0.0,0.0,0.0,0.0,1.0,PASS_TURN,0.0,0.0,18,opponent,128
1.0,1.0,1.0,0.0,3.0,6.0,6.0,0.0,4.0,0.0,0.0,0.0,1.0,0.0,0.0,0.0,0.0,PLAY_SUPPORTER,0.4,0.0,1,opponent,129
2.0,0.5714285714285714,1.0,0.0,3.0,6.0,6.0,0.0,3.0,0.0,0.0,0.0,1.0,0.0,0.0,0.0,0.0,PLAY_SUPPORTER,0.4,0.0,2,opponent,129
3.0,0.14285714285714285,1.0,0.0,3.0,6.0,6.0,0.0,2.0,0.0,0.0,0.0,1.0,0.0,0.0,0.0,0.0,PLAY_SUPPORTER,0.4,0.0,3,opponent,129
1.0,1.0,1.0,0.0,0.0,6.0,6.0,3.0,3.0,0.0,0.0,1.0,0.0,0.0,0.0,0.0,0.0,ATTACH_ENERGY,0.3,0.7,1,opponent,130
2.0,0.7777777777777778,1.0,0.0,0.0,6.0,6.0,2.0,3.0,1.0,0.0,0.0,0.0,0.0,0.0,0.0,0.0,ATTACK,1.5,0.29999999999999993,2,opponent,130
3.0,0.5555555555555556,0.7857142857142857,0.0,0.0,6.0,6.0,2.0,3.0,1.0,0.0,0.0,0.0,0.0,0.0,0.0,0.0,ATTACK,1.5,0.3,3,opponent,130
4.0,0.5555555555555556,0.5714285714285714,0.0,0.0,6.0,6.0,2.0,3.0,1.0,0.0,0.0,0.0,0.0,0.0,0.0,0.0,ATTACK,1.5,0.29999999999999993,4,opponent,130
5.0,0.2222222222222222,0.35714285714285715,0.0,0.0,6.0,6.0,2.0,3.0,1.0,0.0,0.0,0.0,0.0,0.0,0.0,0.0,ATTACK,1.5,0.3,5,opponent,130
1.0,1.0,1.0,1.0,3.0,6.0,6.0,3.0,6.0,0.0,1.0,0.0,0.0,0.0,0.0,0.0,0.0,RETREAT,-0.1,0.0,1,opponent,131
2.0,0.8571428571428571,1.0,1.0,3.0,6.0,6.0,3.0,6.0,0.0,0.0,1.0,0.0,0.0,0.0,0.0,0.0,ATTACH_ENERGY,0.3,0.7000000000000002,2,opponent,131
3.0,0.7857142857142857,1.0,1.0,3.0,6.0,6.0,2.0,6.0,0.0,0.0,1.0,0.0,0.0,0.0,0.0,0.0,ATTACH_ENERGY,0.3,0.7000000000000004,3,opponent,131
4.0,0.5714285714285714,1.0,1.0,3.0,6.0,6.0,1.0,6.0,0.0,0.0,1.0,0.0,0.0,0.0,0.0,0.0,ATTACH_ENERGY,0.3,0.6999999999999997,4,opponent,131
5.0,0.5,1.0,1.0,3.0,6.0,6.0,0.0,6.0,1.0,0.0,0.0,0.0,0.0,0.0,0.0,0.0,ATTACK,0.5,0.09999999999999964,5,opponent,131
6.0,0.35714285714285715,0.875,1.0,3.0,6.0,6.0,0.0,6.0,1.0,0.0,0.0,0.0,0.0,0.0,0.0,0.0,ATTACK,0.5,0.10000000000000009,6,opponent,131
7.0,0.35714285714285715,0.75,1.0,3.0,6.0,6.0,0.0,6.0,0.0,1.0,0.0,0.0,0.0,0.0,0.0,0.0,RETREAT,-0.1,0.0,7,opponent,131
8.0,0.8,0.75,1.0,3.0,6.0,6.0,0.0,6.0,0.0,0.0,0.0,1.0,0.0,0.0,0.0,0.0,PLAY_SUPPORTER,0.4,0.0,8,opponent,131
9.0,0.8,0.75,1.0,3.0,6.0,6.0,0.0,5.0,0.0,0.0,0.0,1.0,0.0,0.0,0.0,0.0,PLAY_SUPPORTER,0.4,0.0,9,opponent,131
10.0,0.8,0.75,1.0,3.0,6.0,6.0,0.0,4.0,0.0,0.0,0.0,1.0,0.0,0.0,0.0,0.0,PLAY_SUPPORTER,0.4,0.0,10,opponent,131
11.0,0.4,0.75,1.0,3.0,6.0,6.0,0.0,3.0,0.0,0.0,0.0,1.0,0.0,0.0,0.0,0.0,PLAY_SUPPORTER,0.4,0.0,11,opponent,131
12.0,0.1,0.75,1.0,3.0,6.0,6.0,0.0,2.0,0.0,1.0,0.0,0.0,0.0,0.0,0.0,0.0,RETREAT,-0.1,0.0,12,opponent,131
13.0,0.35714285714285715,0.75,1.0,3.0,6.0,6.0,0.0,2.0,1.0,0.0,0.0,0.0,0.0,0.0,0.0,0.0,ATTACK,0.5,0.10000000000000009,13,opponent,131
14.0,0.35714285714285715,0.625,1.0,3.0,6.0,6.0,0.0,2.0,0.0,0.0,0.0,0.0,0.0,0.0,0.0,1.0,PASS_TURN,0.0,0.0,14,opponent,131
15.0,0.14285714285714285,0.625,1.0,3.0,6.0,6.0,0.0,2.0,0.0,1.0,0.0,0.0,0.0,0.0,0.0,0.0,RETREAT,-0.1,0.0,15,opponent,131
16.0,0.14285714285714285,0.625,0.0,3.0,6.0,5.0,0.0,2.0,0.0,0.0,0.0,1.0,0.0,0.0,0.0,0.0,PLAY_SUPPORTER,0.4,0.0,16,opponent,131
1.0,1.0,1.0,3.0,2.0,6.0,6.0,2.0,4.0,0.0,0.0,1.0,0.0,0.0,0.0,0.0,0.0,ATTACH_ENERGY,0.3,0.7,1,opponent,132
2.0,0.8333333333333334,1.0,3.0,2.0,6.0,6.0,1.0,4.0,0.0,0.0,1.0,0.0,0.0,0.0,0.0,0.0,ATTACH_ENERGY,0.3,0.7000000000000002,2,opponent,132
3.0,0.6666666666666666,1.0,3.0,2.0,6.0,6.0,0.0,4.0,0.0,0.0,0.0,1.0,0.0,0.0,0.0,0.0,PLAY_SUPPORTER,0.4,0.0,3,opponent,132
4.0,0.3333333333333333,1.0,3.0,2.0,6.0,6.0,0.0,3.0,0.0,0.0,0.0,1.0,0.0,0.0,0.0,0.0,PLAY_SUPPORTER,0.4,0.0,4,opponent,132
5.0,1.0,1.0,2.0,2.0,6.0,5.0,0.0,2.0,0.0,0.0,0.0,1.0,0.0,0.0,0.0,0.0,PLAY_SUPPORTER,0.4,0.0,5,opponent,132
6.0,1.0,1.0,2.0,2.0,6.0,5.0,0.0,1.0,0.0,0.0,0.0,1.0,0.0,0.0,0.0,0.0,PLAY_SUPPORTER,0.4,0.0,6,opponent,132
7.0,0.42857142857142855,1.0,2.0,2.0,6.0,5.0,0.0,0.0,0.0,0.0,0.0,0.0,0.0,0.0,0.0,1.0,PASS_TURN,0.0,0.0,7,opponent,132
8.0,0.42857142857142855,1.0,2.0,2.0,6.0,5.0,0.0,0.0,0.0,0.0,0.0,0.0,0.0,0.0,0.0,1.0,PASS_TURN,0.0,0.0,8,opponent,132
9.0,1.0,1.0,1.0,2.0,6.0,4.0,0.0,0.0,0.0,0.0,0.0,0.0,0.0,0.0,0.0,1.0,PASS_TURN,0.0,0.0,9,opponent,132
10.0,0.5714285714285714,1.0,1.0,2.0,6.0,4.0,0.0,0.0,0.0,0.0,0.0,0.0,0.0,0.0,0.0,1.0,PASS_TURN,0.0,0.0,10,opponent,132
11.0,0.14285714285714285,1.0,1.0,2.0,6.0,4.0,0.0,0.0,0.0,1.0,0.0,0.0,0.0,0.0,0.0,0.0,RETREAT,-0.1,0.0,11,opponent,132
12.0,0.5555555555555556,1.0,1.0,2.0,6.0,4.0,0.0,0.0,0.0,0.0,0.0,0.0,0.0,0.0,0.0,1.0,PASS_TURN,0.0,0.0,12,opponent,132
13.0,0.3333333333333333,1.0,1.0,2.0,6.0,4.0,0.0,0.0,0.0,0.0,0.0,0.0,0.0,0.0,0.0,1.0,PASS_TURN,0.0,0.0,13,opponent,132
14.0,0.14285714285714285,1.0,0.0,2.0,6.0,3.0,0.0,0.0,0.0,0.0,0.0,0.0,0.0,0.0,0.0,1.0,PASS_TURN,0.0,0.0,14,opponent,132
1.0,1.0,1.0,0.0,1.0,6.0,6.0,3.0,5.0,0.0,0.0,1.0,0.0,0.0,0.0,0.0,0.0,ATTACH_ENERGY,0.3,0.7000000000000001,1,me,133
2.0,0.8333333333333334,1.0,0.0,1.0,6.0,6.0,2.0,5.0,0.0,0.0,1.0,0.0,0.0,0.0,0.0,0.0,ATTACH_ENERGY,0.3,0.7,2,me,133
3.0,0.8333333333333334,1.0,0.0,1.0,6.0,6.0,1.0,5.0,0.0,0.0,1.0,0.0,0.0,0.0,0.0,0.0,ATTACH_ENERGY,0.3,0.7000000000000002,3,me,133
4.0,0.8333333333333334,1.0,0.0,1.0,6.0,6.0,0.0,5.0,1.0,0.0,0.0,0.0,0.0,0.0,0.0,0.0,ATTACK,3.0,0.6000000000000001,4,me,133
5.0,0.6666666666666666,0.5,0.0,1.0,6.0,6.0,0.0,5.0,1.0,0.0,0.0,0.0,0.0,0.0,0.0,0.0,ATTACK,8.0,-1.9000000000000001,5,me,133
6.0,0.6666666666666666,1.0,0.0,0.0,5.0,6.0,0.0,5.0,1.0,0.0,0.0,0.0,0.0,0.0,0.0,0.0,ATTACK,8.0,-2.399999999999999,6,me,133
1.0,1.0,1.0,3.0,0.0,6.0,6.0,1.0,7.0,0.0,0.0,1.0,0.0,0.0,0.0,0.0,0.0,ATTACH_ENERGY,0.3,0.7000000000000002,1,me,134
2.0,0.8571428571428571,1.0,3.0,0.0,6.0,6.0,0.0,7.0,0.0,0.0,0.0,0.0,0.0,0.0,0.0,1.0,PASS_TURN,0.0,0.0,2,me,134
3.0,0.8571428571428571,1.0,3.0,0.0,6.0,6.0,0.0,7.0,1.0,0.0,0.0,0.0,0.0,0.0,0.0,0.0,ATTACK,1.0,0.20000000000000107,3,me,134
4.0,0.6428571428571429,0.7142857142857143,3.0,0.0,6.0,6.0,0.0,7.0,1.0,0.0,0.0,0.0,0.0,0.0,0.0,0.0,ATTACK,1.0,0.20000000000000107,4,me,134
5.0,0.6428571428571429,0.42857142857142855,3.0,0.0,6.0,6.0,0.0,7.0,1.0,0.0,0.0,0.0,0.0,0.0,0.0,0.0,ATTACK,1.0,0.1999999999999993,5,me,134
6.0,0.5,0.14285714285714285,3.0,0.0,6.0,6.0,0.0,7.0,1.0,0.0,0.0,0.0,0.0,0.0,0.0,0.0,ATTACK,6.0,-2.9000000000000004,6,me,134
1.0,1.0,1.0,1.0,3.0,6.0,6.0,3.0,5.0,0.0,0.0,1.0,0.0,0.0,0.0,0.0,0.0,ATTACH_ENERGY,0.3,0.7000000000000002,1,me,135
2.0,0.8571428571428571,1.0,1.0,3.0,6.0,6.0,2.0,5.0,0.0,0.0,1.0,0.0,0.0,0.0,0.0,0.0,ATTACH_ENERGY,0.3,0.7000000000000004,2,me,135
3.0,0.7857142857142857,1.0,1.0,3.0,6.0,6.0,1.0,5.0,0.0,0.0,1.0,0.0,0.0,0.0,0.0,0.0,ATTACH_ENERGY,0.3,0.6999999999999997,3,me,135
4.0,0.7142857142857143,1.0,1.0,3.0,6.0,6.0,0.0,5.0,1.0,0.0,0.0,0.0,0.0,0.0,0.0,0.0,ATTACK,8.5,-1.8999999999999995,4,me,135
5.0,0.5,1.0,1.0,2.0,5.0,6.0,0.0,5.0,1.0,0.0,0.0,0.0,0.0,0.0,0.0,0.0,ATTACK,3.5,0.6999999999999997,5,me,135
6.0,0.5,0.125,1.0,2.0,5.0,6.0,0.0,5.0,1.0,0.0,0.0,0.0,0.0,0.0,0.0,0.0,ATTACK,8.5,-2.399999999999999,6,me,135
7.0,0.35714285714285715,1.0,1.0,1.0,4.0,6.0,0.0,5.0,1.0,0.0,0.0,0.0,0.0,0.0,0.0,0.0,ATTACK,3.5,0.7000000000000011,7,me,135
8.0,0.35714285714285715,0.5,1.0,1.0,4.0,6.0,0.0,5.0,0.0,0.0,0.0,0.0,1.0,0.0,0.0,0.0,PLAY_BASIC_TO_BENCH,0.2,1.399999999999999,8,me,135
9.0,0.14285714285714285,0.5,2.0,1.0,4.0,6.0,0.0,4.0,1.0,0.0,0.0,0.0,0.0,0.0,0.0,0.0,ATTACK,8.5,-1.8000000000000007,9,me,135
10.0,0.14285714285714285,1.0,2.0,0.0,3.0,6.0,0.0,4.0,1.0,0.0,0.0,0.0,0.0,0.0,0.0,0.0,ATTACK,8.5,-2.299999999999999,10,me,135
1.0,1.0,1.0,0.0,0.0,6.0,6.0,1.0,4.0,0.0,0.0,1.0,0.0,0.0,0.0,0.0,0.0,ATTACH_ENERGY,0.3,0.7,1,opponent,136
2.0,0.7777777777777778,1.0,0.0,0.0,6.0,6.0,0.0,4.0,1.0,0.0,0.0,0.0,0.0,0.0,0.0,0.0,ATTACK,1.0,0.19999999999999996,2,opponent,136
3.0,0.4444444444444444,0.7777777777777778,0.0,0.0,6.0,6.0,0.0,4.0,0.0,0.0,0.0,0.0,0.0,0.0,0.0,1.0,PASS_TURN,0.0,0.0,3,opponent,136
1.0,1.0,1.0,1.0,0.0,6.0,6.0,1.0,3.0,0.0,0.0,1.0,0.0,0.0,0.0,0.0,0.0,ATTACH_ENERGY,0.3,0.6999999999999997,1,opponent,137
2.0,0.875,1.0,1.0,0.0,6.0,6.0,0.0,3.0,1.0,0.0,0.0,0.0,0.0,0.0,0.0,0.0,ATTACK,0.5,0.09999999999999964,2,opponent,137
3.0,0.375,0.8333333333333334,1.0,0.0,6.0,6.0,0.0,3.0,1.0,0.0,0.0,0.0,0.0,0.0,0.0,0.0,ATTACK,0.5,0.09999999999999964,3,opponent,137
4.0,0.375,0.6666666666666666,1.0,0.0,6.0,6.0,0.0,3.0,1.0,0.0,0.0,0.0,0.0,0.0,0.0,0.0,ATTACK,0.5,0.10000000000000009,4,opponent,137
5.0,0.125,0.5,1.0,0.0,6.0,6.0,0.0,3.0,0.0,0.0,0.0,1.0,0.0,0.0,0.0,0.0,PLAY_SUPPORTER,0.4,0.0,5,opponent,137
6.0,1.0,0.5,0.0,0.0,6.0,5.0,0.0,2.0,0.0,0.0,0.0,1.0,0.0,0.0,0.0,0.0,PLAY_SUPPORTER,0.4,0.0,6,opponent,137
7.0,0.9,0.5,0.0,0.0,6.0,5.0,0.0,1.0,0.0,0.0,0.0,1.0,0.0,0.0,0.0,0.0,PLAY_SUPPORTER,0.4,0.0,7,opponent,137
8.0,0.9,0.5,0.0,0.0,6.0,5.0,0.0,0.0,0.0,0.0,0.0,0.0,0.0,0.0,0.0,1.0,PASS_TURN,0.0,0.0,8,opponent,137
9.0,0.6,0.5,0.0,0.0,6.0,5.0,0.0,0.0,0.0,0.0,0.0,0.0,0.0,0.0,0.0,1.0,PASS_TURN,0.0,0.0,9,opponent,137
10.0,0.6,0.5,0.0,0.0,6.0,5.0,0.0,0.0,0.0,0.0,0.0,0.0,0.0,0.0,0.0,1.0,PASS_TURN,0.0,0.0,10,opponent,137
11.0,0.3,0.5,0.0,0.0,6.0,5.0,0.0,0.0,0.0,0.0,0.0,0.0,0.0,0.0,0.0,1.0,PASS_TURN,0.0,0.0,11,opponent,137
1.0,1.0,1.0,0.0,2.0,6.0,6.0,3.0,6.0,0.0,0.0,1.0,0.0,0.0,0.0,0.0,0.0,ATTACH_ENERGY,0.3,0.6999999999999997,1,opponent,138
2.0,0.75,1.0,0.0,2.0,6.0,6.0,2.0,6.0,1.0,0.0,0.0,0.0,0.0,0.0,0.0,0.0,ATTACK,1.0,0.19999999999999973,2,opponent,138
3.0,0.6666666666666666,0.8,0.0,2.0,6.0,6.0,2.0,6.0,1.0,0.0,0.0,0.0,0.0,0.0,0.0,0.0,ATTACK,1.0,0.20000000000000018,3,opponent,138
4.0,0.3333333333333333,0.6,0.0,2.0,6.0,6.0,2.0,6.0,0.0,0.0,0.0,1.0,0.0,0.0,0.0,0.0,PLAY_SUPPORTER,0.4,0.0,4,opponent,138
5.0,0.25,0.6,0.0,2.0,6.0,6.0,2.0,5.0,0.0,0.0,0.0,1.0,0.0,0.0,0.0,0.0,PLAY_SUPPORTER,0.4,0.0,5,opponent,138
1.0,1.0,1.0,3.0,0.0,6.0,6.0,0.0,7.0,0.0,0.0,0.0,1.0,0.0,0.0,0.0,0.0,PLAY_SUPPORTER,0.4,0.0,1,opponent,139
2.0,0.75,1.0,3.0,0.0,6.0,6.0,0.0,6.0,0.0,0.0,0.0,1.0,0.0,0.0,0.0,0.0,PLAY_SUPPORTER,0.4,0.0,2,opponent,139
3.0,0.6666666666666666,1.0,3.0,0.0,6.0,6.0,0.0,5.0,0.0,0.0,0.0,1.0,0.0,0.0,0.0,0.0,PLAY_SUPPORTER,0.4,0.0,3,opponent,139
4.0,0.5,1.0,3.0,0.0,6.0,6.0,0.0,4.0,0.0,0.0,0.0,1.0,0.0,0.0,0.0,0.0,PLAY_SUPPORTER,0.4,0.0,4,opponent,139
5.0,0.4166666666666667,1.0,3.0,0.0,6.0,6.0,0.0,3.0,0.0,0.0,0.0,1.0,0.0,0.0,0.0,0.0,PLAY_SUPPORTER,0.4,0.0,5,opponent,139
6.0,0.3333333333333333,1.0,3.0,0.0,6.0,6.0,0.0,2.0,0.0,0.0,0.0,1.0,0.0,0.0,0.0,0.0,PLAY_SUPPORTER,0.4,0.0,6,opponent,139
7.0,0.08333333333333333,1.0,3.0,0.0,6.0,6.0,0.0,1.0,0.0,1.0,0.0,0.0,0.0,0.0,0.0,0.0,RETREAT,-0.1,0.0,7,opponent,139
8.0,1.0,1.0,3.0,0.0,6.0,6.0,0.0,1.0,0.0,0.0,0.0,1.0,0.0,0.0,0.0,0.0,PLAY_SUPPORTER,0.4,0.0,8,opponent,139
9.0,0.8333333333333334,1.0,3.0,0.0,6.0,6.0,0.0,0.0,0.0,0.0,0.0,0.0,0.0,0.0,0.0,1.0,PASS_TURN,0.0,0.0,9,opponent,139
10.0,0.75,1.0,3.0,0.0,6.0,6.0,0.0,0.0,0.0,0.0,0.0,0.0,0.0,0.0,0.0,1.0,PASS_TURN,0.0,0.0,10,opponent,139
11.0,0.5,1.0,3.0,0.0,6.0,6.0,0.0,0.0,0.0,0.0,0.0,0.0,0.0,0.0,0.0,1.0,PASS_TURN,0.0,0.0,11,opponent,139
12.0,0.16666666666666666,1.0,3.0,0.0,6.0,6.0,0.0,0.0,0.0,1.0,0.0,0.0,0.0,0.0,0.0,0.0,RETREAT,-0.1,0.0,12,opponent,139
13.0,0.5,1.0,3.0,0.0,6.0,6.0,0.0,0.0,0.0,0.0,0.0,0.0,0.0,0.0,0.0,1.0,PASS_TURN,0.0,0.0,13,opponent,139
14.0,0.16666666666666666,1.0,3.0,0.0,6.0,6.0,0.0,0.0,0.0,1.0,0.0,0.0,0.0,0.0,0.0,0.0,RETREAT,-0.1,0.0,14,opponent,139
15.0,0.08333333333333333,1.0,3.0,0.0,6.0,6.0,0.0,0.0,0.0,1.0,0.0,0.0,0.0,0.0,0.0,0.0,RETREAT,-0.1,0.0,15,opponent,139
16.0,0.08333333333333333,1.0,2.0,0.0,6.0,5.0,0.0,0.0,0.0,1.0,0.0,0.0,0.0,0.0,0.0,0.0,RETREAT,-0.1,0.0,16,opponent,139
17.0,0.08333333333333333,1.0,1.0,0.0,6.0,4.0,0.0,0.0,0.0,1.0,0.0,0.0,0.0,0.0,0.0,0.0,RETREAT,-0.1,0.0,17,opponent,139
18.0,0.9,1.0,1.0,0.0,6.0,4.0,0.0,0.0,0.0,1.0,0.0,0.0,0.0,0.0,0.0,0.0,RETREAT,-0.1,0.0,18,opponent,139
19.0,0.9,1.0,0.0,0.0,6.0,3.0,0.0,0.0,0.0,0.0,0.0,0.0,0.0,0.0,0.0,1.0,PASS_TURN,0.0,0.0,19,opponent,139
20.0,0.5,1.0,0.0,0.0,6.0,3.0,0.0,0.0,0.0,0.0,0.0,0.0,0.0,0.0,0.0,1.0,PASS_TURN,0.0,0.0,20,opponent,139
21.0,0.2,1.0,0.0,0.0,6.0,3.0,0.0,0.0,0.0,0.0,0.0,0.0,0.0,0.0,0.0,1.0,PASS_TURN,0.0,0.0,21,opponent,139
22.0,0.1,1.0,0.0,0.0,6.0,3.0,0.0,0.0,0.0,0.0,0.0,0.0,0.0,0.0,0.0,1.0,PASS_TURN,0.0,0.0,22,opponent,139
1.0,1.0,1.0,3.0,2.0,6.0,6.0,1.0,5.0,0.0,0.0,1.0,0.0,0.0,0.0,0.0,0.0,ATTACH_ENERGY,0.3,0.6999999999999997,1,opponent,140
2.0,0.9166666666666666,1.0,3.0,2.0,6.0,6.0,0.0,5.0,0.0,1.0,0.0,0.0,0.0,0.0,0.0,0.0,RETREAT,-0.1,0.0,2,opponent,140
3.0,0.625,1.0,3.0,2.0,6.0,6.0,0.0,5.0,0.0,0.0,0.0,1.0,0.0,0.0,0.0,0.0,PLAY_SUPPORTER,0.4,0.0,3,opponent,140
4.0,0.25,1.0,3.0,2.0,6.0,6.0,0.0,4.0,0.0,1.0,0.0,0.0,0.0,0.0,0.0,0.0,RETREAT,-0.1,0.0,4,opponent,140
5.0,0.5714285714285714,1.0,3.0,2.0,6.0,6.0,0.0,4.0,0.0,0.0,0.0,1.0,0.0,0.0,0.0,0.0,PLAY_SUPPORTER,0.4,0.0,5,opponent,140
6.0,0.42857142857142855,1.0,3.0,2.0,6.0,6.0,0.0,3.0,0.0,0.0,0.0,1.0,0.0,0.0,0.0,0.0,PLAY_SUPPORTER,0.4,0.0,6,opponent,140
7.0,0.25,1.0,2.0,2.0,6.0,5.0,0.0,2.0,0.0,1.0,0.0,0.0,0.0,0.0,0.0,0.0,RETREAT,-0.1,0.0,7,opponent,140
8.0,0.75,1.0,2.0,2.0,6.0,5.0,0.0,2.0,1.0,0.0,0.0,0.0,0.0,0.0,0.0,0.0,ATTACK,1.5,0.30000000000000004,8,opponent,140
9.0,0.5,0.6666666666666666,2.0,2.0,6.0,5.0,0.0,2.0,1.0,0.0,0.0,0.0,0.0,0.0,0.0,0.0,ATTACK,1.5,0.30000000000000004,9,opponent,140
10.0,0.4166666666666667,0.3333333333333333,2.0,2.0,6.0,5.0,0.0,2.0,0.0,1.0,0.0,0.0,0.0,0.0,0.0,0.0,RETREAT,-0.1,0.0,10,opponent,140
11.0,0.5,0.3333333333333333,2.0,2.0,6.0,5.0,0.0,2.0,0.0,0.0,0.0,1.0,0.0,0.0,0.0,0.0,PLAY_SUPPORTER,0.4,0.0,11,opponent,140
12.0,0.25,0.3333333333333333,1.0,2.0,6.0,4.0,0.0,1.0,0.0,1.0,0.0,0.0,0.0,0.0,0.0,0.0,RETREAT,-0.1,0.0,12,opponent,140
13.0,0.25,0.3333333333333333,1.0,2.0,6.0,4.0,0.0,1.0,0.0,0.0,0.0,1.0,0.0,0.0,0.0,0.0,PLAY_SUPPORTER,0.4,0.0,13,opponent,140
14.0,0.25,0.3333333333333333,1.0,2.0,6.0,4.0,0.0,0.0,1.0,0.0,0.0,0.0,0.0,0.0,0.0,0.0,ATTACK,6.5,-2.1999999999999997,14,opponent,140
15.0,0.25,1.0,0.0,1.0,5.0,3.0,0.0,0.0,0.0,0.0,0.0,0.0,0.0,0.0,0.0,1.0,PASS_TURN,0.0,0.0,15,opponent,140
16.0,0.25,1.0,0.0,1.0,5.0,3.0,0.0,0.0,0.0,0.0,0.0,0.0,0.0,0.0,0.0,1.0,PASS_TURN,0.0,0.0,16,opponent,140
17.0,0.25,1.0,0.0,1.0,5.0,3.0,0.0,0.0,0.0,0.0,0.0,0.0,0.0,0.0,0.0,1.0,PASS_TURN,0.0,0.0,17,opponent,140
1.0,1.0,1.0,0.0,2.0,6.0,6.0,2.0,4.0,0.0,0.0,1.0,0.0,0.0,0.0,0.0,0.0,ATTACH_ENERGY,0.3,0.6999999999999997,1,opponent,141
2.0,0.6666666666666666,1.0,0.0,2.0,6.0,6.0,1.0,4.0,1.0,0.0,0.0,0.0,0.0,0.0,0.0,0.0,ATTACK,1.5,0.30000000000000027,2,opponent,141
3.0,0.6666666666666666,0.75,0.0,2.0,6.0,6.0,1.0,4.0,1.0,0.0,0.0,0.0,0.0,0.0,0.0,0.0,ATTACK,1.5,0.2999999999999998,3,opponent,141
4.0,0.6666666666666666,0.5,0.0,2.0,6.0,6.0,1.0,4.0,1.0,0.0,0.0,0.0,0.0,0.0,0.0,0.0,ATTACK,1.5,0.30000000000000027,4,opponent,141
5.0,0.3333333333333333,0.25,0.0,2.0,6.0,6.0,1.0,4.0,1.0,0.0,0.0,0.0,0.0,0.0,0.0,0.0,ATTACK,6.5,-2.1999999999999997,5,opponent,141
1.0,1.0,1.0,1.0,0.0,6.0,6.0,2.0,6.0,0.0,0.0,1.0,0.0,0.0,0.0,0.0,0.0,ATTACH_ENERGY,0.3,0.7000000000000002,1,me,142
2.0,0.42857142857142855,1.0,1.0,0.0,6.0,6.0,1.0,6.0,1.0,0.0,0.0,0.0,0.0,0.0,0.0,0.0,ATTACK,1.5,0.2999999999999998,2,me,142
3.0,0.42857142857142855,0.5,1.0,0.0,6.0,6.0,1.0,6.0,1.0,0.0,0.0,0.0,0.0,0.0,0.0,0.0,ATTACK,6.5,-2.6999999999999997,3,me,142
1.0,1.0,1.0,2.0,0.0,6.0,6.0,0.0,5.0,0.0,0.0,0.0,1.0,0.0,0.0,0.0,0.0,PLAY_SUPPORTER,0.4,0.0,1,opponent,143
2.0,0.42857142857142855,1.0,2.0,0.0,6.0,6.0,0.0,4.0,0.0,0.0,0.0,1.0,0.0,0.0,0.0,0.0,PLAY_SUPPORTER,0.4,0.0,2,opponent,143
3.0,1.0,1.0,1.0,0.0,6.0,5.0,0.0,3.0,0.0,0.0,0.0,1.0,0.0,0.0,0.0,0.0,PLAY_SUPPORTER,0.4,0.0,3,opponent,143
4.0,0.8888888888888888,1.0,1.0,0.0,6.0,5.0,0.0,2.0,0.0,0.0,0.0,1.0,0.0,0.0,0.0,0.0,PLAY_SUPPORTER,0.4,0.0,4,opponent,143
5.0,0.5555555555555556,1.0,1.0,0.0,6.0,5.0,0.0,1.0,0.0,0.0,0.0,1.0,0.0,0.0,0.0,0.0,PLAY_SUPPORTER,0.4,0.0,5,opponent,143
6.0,0.2222222222222222,1.0,1.0,0.0,6.0,5.0,0.0,0.0,0.0,1.0,0.0,0.0,0.0,0.0,0.0,0.0,RETREAT,-0.1,0.0,6,opponent,143
7.0,0.7142857142857143,1.0,1.0,0.0,6.0,5.0,0.0,0.0,0.0,0.0,0.0,0.0,0.0,0.0,0.0,1.0,PASS_TURN,0.0,0.0,7,opponent,143
8.0,0.7142857142857143,1.0,1.0,0.0,6.0,5.0,0.0,0.0,0.0,0.0,0.0,0.0,0.0,0.0,0.0,1.0,PASS_TURN,0.0,0.0,8,opponent,143
9.0,0.2857142857142857,1.0,1.0,0.0,6.0,5.0,0.0,0.0,0.0,1.0,0.0,0.0,0.0,0.0,0.0,0.0,RETREAT,-0.1,0.0,9,opponent,143
10.0,0.2222222222222222,1.0,1.0,0.0,6.0,5.0,0.0,0.0,0.0,1.0,0.0,0.0,0.0,0.0,0.0,0.0,RETREAT,-0.1,0.0,10,opponent,143
11.0,0.2857142857142857,1.0,1.0,0.0,6.0,5.0,0.0,0.0,0.0,1.0,0.0,0.0,0.0,0.0,0.0,0.0,RETREAT,-0.1,0.0,11,opponent,143
12.0,0.1111111111111111,1.0,1.0,0.0,6.0,5.0,0.0,0.0,0.0,1.0,0.0,0.0,0.0,0.0,0.0,0.0,RETREAT,-0.1,0.0,12,opponent,143
13.0,0.14285714285714285,1.0,1.0,0.0,6.0,5.0,0.0,0.0,0.0,1.0,0.0,0.0,0.0,0.0,0.0,0.0,RETREAT,-0.1,0.0,13,opponent,143
14.0,0.14285714285714285,1.0,0.0,0.0,6.0,4.0,0.0,0.0,0.0,0.0,0.0,0.0,0.0,0.0,0.0,1.0,PASS_TURN,0.0,0.0,14,opponent,143
1.0,1.0,1.0,2.0,0.0,6.0,6.0,2.0,3.0,0.0,0.0,1.0,0.0,0.0,0.0,0.0,0.0,ATTACH_ENERGY,0.3,0.6999999999999997,1,opponent,144
2.0,0.6666666666666666,1.0,2.0,0.0,6.0,6.0,1.0,3.0,1.0,0.0,0.0,0.0,0.0,0.0,0.0,0.0,ATTACK,1.5,0.2999999999999998,2,opponent,144
3.0,1.0,0.7857142857142857,1.0,0.0,6.0,5.0,1.0,3.0,0.0,0.0,1.0,0.0,0.0,0.0,0.0,0.0,ATTACH_ENERGY,0.3,0.6999999999999993,3,opponent,144
4.0,0.5,0.7857142857142857,1.0,0.0,6.0,5.0,0.0,3.0,1.0,0.0,0.0,0.0,0.0,0.0,0.0,0.0,ATTACK,0.5,0.09999999999999964,4,opponent,144
5.0,0.375,0.7142857142857143,1.0,0.0,6.0,5.0,0.0,3.0,1.0,0.0,0.0,0.0,0.0,0.0,0.0,0.0,ATTACK,0.5,0.09999999999999964,5,opponent,144
6.0,0.125,0.6428571428571429,1.0,0.0,6.0,5.0,0.0,3.0,0.0,1.0,0.0,0.0,0.0,0.0,0.0,0.0,RETREAT,-0.1,0.0,6,opponent,144
7.0,0.8571428571428571,0.6428571428571429,1.0,0.0,6.0,5.0,0.0,3.0,0.0,0.0,0.0,1.0,0.0,0.0,0.0,0.0,PLAY_SUPPORTER,0.4,0.0,7,opponent,144
8.0,0.5714285714285714,0.6428571428571429,1.0,0.0,6.0,5.0,0.0,2.0,0.0,1.0,0.0,0.0,0.0,0.0,0.0,0.0,RETREAT,-0.1,0.0,8,opponent,144
9.0,0.5714285714285714,0.6428571428571429,0.0,0.0,6.0,4.0,0.0,2.0,0.0,0.0,0.0,1.0,0.0,0.0,0.0,0.0,PLAY_SUPPORTER,0.4,0.0,9,opponent,144
10.0,0.2857142857142857,0.6428571428571429,0.0,0.0,6.0,4.0,0.0,1.0,0.0,0.0,0.0,0.0,1.0,0.0,0.0,0.0,PLAY_BASIC_TO_BENCH,0.2,1.0999999999999996,10,opponent,144
11.0,0.21428571428571427,0.6428571428571429,1.0,0.0,6.0,4.0,0.0,0.0,0.0,1.0,0.0,0.0,0.0,0.0,0.0,0.0,RETREAT,-0.1,0.0,11,opponent,144
12.0,0.5,0.6428571428571429,1.0,0.0,6.0,4.0,0.0,0.0,0.0,0.0,0.0,0.0,0.0,0.0,0.0,1.0,PASS_TURN,0.0,0.0,12,opponent,144
13.0,0.16666666666666666,0.6428571428571429,1.0,0.0,6.0,4.0,0.0,0.0,0.0,1.0,0.0,0.0,0.0,0.0,0.0,0.0,RETREAT,-0.1,0.0,13,opponent,144
14.0,0.16666666666666666,0.6428571428571429,0.0,0.0,6.0,3.0,0.0,0.0,0.0,0.0,0.0,0.0,0.0,0.0,0.0,1.0,PASS_TURN,0.0,0.0,14,opponent,144
1.0,1.0,1.0,3.0,0.0,6.0,6.0,1.0,2.0,0.0,0.0,1.0,0.0,0.0,0.0,0.0,0.0,ATTACH_ENERGY,0.3,0.7000000000000002,1,opponent,145
2.0,0.75,1.0,3.0,0.0,6.0,6.0,0.0,2.0,1.0,0.0,0.0,0.0,0.0,0.0,0.0,0.0,ATTACK,0.5,0.09999999999999964,2,opponent,145
3.0,0.25,0.875,3.0,0.0,6.0,6.0,0.0,2.0,0.0,1.0,0.0,0.0,0.0,0.0,0.0,0.0,RETREAT,-0.1,0.0,3,opponent,145
4.0,0.8333333333333334,0.875,3.0,0.0,6.0,6.0,0.0,2.0,0.0,0.0,0.0,1.0,0.0,0.0,0.0,0.0,PLAY_SUPPORTER,0.4,0.0,4,opponent,145
5.0,0.3333333333333333,0.875,3.0,0.0,6.0,6.0,0.0,1.0,0.0,0.0,0.0,1.0,0.0,0.0,0.0,0.0,PLAY_SUPPORTER,0.4,0.0,5,opponent,145
6.0,0.25,0.875,2.0,0.0,6.0,5.0,0.0,0.0,0.0,1.0,0.0,0.0,0.0,0.0,0.0,0.0,RETREAT,-0.1,0.0,6,opponent,145
7.0,0.8333333333333334,0.875,2.0,0.0,6.0,5.0,0.0,0.0,0.0,0.0,0.0,0.0,0.0,0.0,0.0,1.0,PASS_TURN,0.0,0.0,7,opponent,145
8.0,0.8333333333333334,0.875,2.0,0.0,6.0,5.0,0.0,0.0,0.0,0.0,0.0,0.0,0.0,0.0,0.0,1.0,PASS_TURN,0.0,0.0,8,opponent,145
9.0,0.3333333333333333,0.875,2.0,0.0,6.0,5.0,0.0,0.0,0.0,0.0,0.0,0.0,0.0,0.0,0.0,1.0,PASS_TURN,0.0,0.0,9,opponent,145
10.0,0.25,0.875,1.0,0.0,6.0,4.0,0.0,0.0,0.0,1.0,0.0,0.0,0.0,0.0,0.0,0.0,RETREAT,-0.1,0.0,10,opponent,145
11.0,0.7857142857142857,0.875,1.0,0.0,6.0,4.0,0.0,0.0,0.0,0.0,0.0,0.0,0.0,0.0,0.0,1.0,PASS_TURN,0.0,0.0,11,opponent,145
12.0,0.7142857142857143,0.875,1.0,0.0,6.0,4.0,0.0,0.0,0.0,0.0,0.0,0.0,0.0,0.0,0.0,1.0,PASS_TURN,0.0,0.0,12,opponent,145
13.0,0.7142857142857143,0.875,1.0,0.0,6.0,4.0,0.0,0.0,0.0,0.0,0.0,0.0,0.0,0.0,0.0,1.0,PASS_TURN,0.0,0.0,13,opponent,145
14.0,0.42857142857142855,0.875,1.0,0.0,6.0,4.0,0.0,0.0,0.0,0.0,0.0,0.0,0.0,0.0,0.0,1.0,PASS_TURN,0.0,0.0,14,opponent,145
15.0,0.2857142857142857,0.875,1.0,0.0,6.0,4.0,0.0,0.0,0.0,1.0,0.0,0.0,0.0,0.0,0.0,0.0,RETREAT,-0.1,0.0,15,opponent,145
16.0,0.2857142857142857,0.875,0.0,0.0,6.0,3.0,0.0,0.0,0.0,0.0,0.0,0.0,0.0,0.0,0.0,1.0,PASS_TURN,0.0,0.0,16,opponent,145
17.0,0.21428571428571427,0.875,0.0,0.0,6.0,3.0,0.0,0.0,0.0,0.0,0.0,0.0,0.0,0.0,0.0,1.0,PASS_TURN,0.0,0.0,17,opponent,145
18.0,0.07142857142857142,0.875,0.0,0.0,6.0,3.0,0.0,0.0,0.0,0.0,0.0,0.0,0.0,0.0,0.0,1.0,PASS_TURN,0.0,0.0,18,opponent,145
1.0,1.0,1.0,2.0,3.0,6.0,6.0,2.0,3.0,0.0,0.0,1.0,0.0,0.0,0.0,0.0,0.0,ATTACH_ENERGY,0.3,0.7000000000000002,1,opponent,146
2.0,1.0,1.0,2.0,3.0,6.0,6.0,1.0,3.0,0.0,0.0,0.0,0.0,0.0,0.0,0.0,1.0,PASS_TURN,0.0,0.0,2,opponent,146
3.0,0.6666666666666666,1.0,2.0,3.0,6.0,6.0,1.0,3.0,1.0,0.0,0.0,0.0,0.0,0.0,0.0,0.0,ATTACK,1.5,0.30000000000000004,3,opponent,146
4.0,0.6666666666666666,0.7,2.0,3.0,6.0,6.0,1.0,3.0,0.0,0.0,0.0,0.0,0.0,0.0,0.0,1.0,PASS_TURN,0.0,0.0,4,opponent,146
5.0,0.3333333333333333,0.7,2.0,3.0,6.0,6.0,1.0,3.0,1.0,0.0,0.0,0.0,0.0,0.0,0.0,0.0,ATTACK,1.5,0.30000000000000004,5,opponent,146
6.0,1.0,0.4,1.0,3.0,6.0,5.0,1.0,3.0,0.0,0.0,0.0,1.0,0.0,0.0,0.0,0.0,PLAY_SUPPORTER,0.4,0.0,6,opponent,146
7.0,0.42857142857142855,0.4,1.0,3.0,6.0,5.0,1.0,2.0,0.0,0.0,0.0,1.0,0.0,0.0,0.0,0.0,PLAY_SUPPORTER,0.4,0.0,7,opponent,146
8.0,0.14285714285714285,0.4,1.0,3.0,6.0,5.0,1.0,1.0,0.0,1.0,0.0,0.0,0.0,0.0,0.0,0.0,RETREAT,-0.1,0.0,8,opponent,146
9.0,0.3333333333333333,0.4,1.0,3.0,6.0,5.0,1.0,1.0,0.0,0.0,0.0,1.0,0.0,0.0,0.0,0.0,PLAY_SUPPORTER,0.4,0.0,9,opponent,146
10.0,0.14285714285714285,0.4,0.0,3.0,6.0,4.0,1.0,0.0,0.0,0.0,1.0,0.0,0.0,0.0,0.0,0.0,ATTACH_ENERGY,0.3,0.30000000000000004,10,opponent,146
1.0,1.0,1.0,1.0,0.0,6.0,6.0,1.0,2.0,0.0,0.0,1.0,0.0,0.0,0.0,0.0,0.0,ATTACH_ENERGY,0.3,0.7000000000000002,1,me,147
2.0,0.8333333333333334,1.0,1.0,0.0,6.0,6.0,0.0,2.0,1.0,0.0,0.0,0.0,0.0,0.0,0.0,0.0,ATTACK,1.0,0.20000000000000018,2,me,147
3.0,0.8333333333333334,0.8,1.0,0.0,6.0,6.0,0.0,2.0,1.0,0.0,0.0,0.0,0.0,0.0,0.0,0.0,ATTACK,1.0,0.20000000000000018,3,me,147
4.0,0.8333333333333334,0.6,1.0,0.0,6.0,6.0,0.0,2.0,1.0,0.0,0.0,0.0,0.0,0.0,0.0,0.0,ATTACK,1.0,0.1999999999999993,4,me,147
5.0,0.6666666666666666,0.4,1.0,0.0,6.0,6.0,0.0,2.0,1.0,0.0,0.0,0.0,0.0,0.0,0.0,0.0,ATTACK,1.0,0.20000000000000018,5,me,147
6.0,0.3333333333333333,0.2,1.0,0.0,6.0,6.0,0.0,2.0,1.0,0.0,0.0,0.0,0.0,0.0,0.0,0.0,ATTACK,6.0,-2.8,6,me,147
1.0,1.0,1.0,2.0,2.0,6.0,6.0,3.0,4.0,0.0,0.0,0.0,1.0,0.0,0.0,0.0,0.0,PLAY_SUPPORTER,0.4,0.0,1,opponent,148
2.0,0.3333333333333333,1.0,2.0,2.0,6.0,6.0,3.0,3.0,0.0,0.0,1.0,0.0,0.0,0.0,0.0,0.0,ATTACH_ENERGY,0.3,0.7000000000000002,2,opponent,148
3.0,1.0,1.0,1.0,2.0,6.0,5.0,2.0,3.0,0.0,0.0,1.0,0.0,0.0,0.0,0.0,0.0,ATTACH_ENERGY,0.3,0.7000000000000011,3,opponent,148
4.0,0.7857142857142857,1.0,1.0,2.0,6.0,5.0,1.0,3.0,1.0,0.0,0.0,0.0,0.0,0.0,0.0,0.0,ATTACK,0.5,0.09999999999999964,4,opponent,148
5.0,0.5,0.8888888888888888,1.0,2.0,6.0,5.0,1.0,3.0,1.0,0.0,0.0,0.0,0.0,0.0,0.0,0.0,ATTACK,0.5,0.10000000000000009,5,opponent,148
6.0,0.5,0.7777777777777778,1.0,2.0,6.0,5.0,1.0,3.0,1.0,0.0,0.0,0.0,0.0,0.0,0.0,0.0,ATTACK,0.5,0.10000000000000009,6,opponent,148
7.0,0.5,0.6666666666666666,1.0,2.0,6.0,5.0,1.0,3.0,1.0,0.0,0.0,0.0,0.0,0.0,0.0,0.0,ATTACK,0.5,0.10000000000000009,7,opponent,148
8.0,0.35714285714285715,0.5555555555555556,1.0,2.0,6.0,5.0,1.0,3.0,1.0,0.0,0.0,0.0,0.0,0.0,0.0,0.0,ATTACK,0.5,0.10000000000000009,8,opponent,148
9.0,0.35714285714285715,0.4444444444444444,1.0,2.0,6.0,5.0,1.0,3.0,1.0,0.0,0.0,0.0,0.0,0.0,0.0,0.0,ATTACK,0.5,0.10000000000000009,9,opponent,148
10.0,0.21428571428571427,0.3333333333333333,1.0,2.0,6.0,5.0,1.0,3.0,0.0,1.0,0.0,0.0,0.0,0.0,0.0,0.0,RETREAT,-0.1,0.0,10,opponent,148
11.0,0.6666666666666666,0.3333333333333333,1.0,2.0,6.0,5.0,1.0,3.0,0.0,0.0,0.0,1.0,0.0,0.0,0.0,0.0,PLAY_SUPPORTER,0.4,0.0,11,opponent,148
12.0,0.4166666666666667,0.3333333333333333,1.0,2.0,6.0,5.0,1.0,2.0,0.0,0.0,0.0,1.0,0.0,0.0,0.0,0.0,PLAY_SUPPORTER,0.4,0.0,12,opponent,148
13.0,0.3333333333333333,0.3333333333333333,1.0,2.0,6.0,5.0,1.0,1.0,0.0,0.0,0.0,1.0,0.0,0.0,0.0,0.0,PLAY_SUPPORTER,0.4,0.0,13,opponent,148
14.0,0.3333333333333333,0.3333333333333333,1.0,2.0,6.0,5.0,1.0,0.0,0.0,0.0,1.0,0.0,0.0,0.0,0.0,0.0,ATTACH_ENERGY,0.3,0.2999999999999998,14,opponent,148
15.0,0.3333333333333333,0.3333333333333333,1.0,2.0,6.0,5.0,0.0,0.0,0.0,0.0,0.0,0.0,0.0,0.0,0.0,1.0,PASS_TURN,0.0,0.0,15,opponent,148
16.0,0.08333333333333333,0.3333333333333333,1.0,2.0,6.0,5.0,0.0,0.0,0.0,1.0,0.0,0.0,0.0,0.0,0.0,0.0,RETREAT,-0.1,0.0,16,opponent,148
17.0,0.21428571428571427,0.3333333333333333,1.0,2.0,6.0,5.0,0.0,0.0,1.0,0.0,0.0,0.0,0.0,0.0,0.0,0.0,ATTACK,0.5,0.10000000000000009,17,opponent,148
18.0,0.21428571428571427,0.2222222222222222,1.0,2.0,6.0,5.0,0.0,0.0,0.0,1.0,0.0,0.0,0.0,0.0,0.0,0.0,RETREAT,-0.1,0.0,18,opponent,148
19.0,0.08333333333333333,0.2222222222222222,1.0,2.0,6.0,5.0,0.0,0.0,0.0,1.0,0.0,0.0,0.0,0.0,0.0,0.0,RETREAT,-0.1,0.0,19,opponent,148
20.0,0.08333333333333333,0.2222222222222222,0.0,2.0,6.0,4.0,0.0,0.0,0.0,0.0,0.0,0.0,0.0,0.0,0.0,1.0,PASS_TURN,0.0,0.0,20,opponent,148
1.0,1.0,1.0,0.0,2.0,6.0,6.0,1.0,3.0,0.0,0.0,1.0,0.0,0.0,0.0,0.0,0.0,ATTACH_ENERGY,0.3,0.6999999999999997,1,opponent,149
2.0,0.6666666666666666,1.0,0.0,2.0,6.0,6.0,0.0,3.0,1.0,0.0,0.0,0.0,0.0,0.0,0.0,0.0,ATTACK,1.0,0.20000000000000018,2,opponent,149
3.0,0.6666666666666666,0.8333333333333334,0.0,2.0,6.0,6.0,0.0,3.0,0.0,0.0,0.0,0.0,0.0,0.0,0.0,1.0,PASS_TURN,0.0,0.0,3,opponent,149
4.0,0.2222222222222222,0.8333333333333334,0.0,2.0,6.0,6.0,0.0,3.0,0.0,0.0,0.0,0.0,1.0,0.0,0.0,0.0,PLAY_BASIC_TO_BENCH,0.2,1.6000000000000003,4,opponent,149
5.0,1.0,0.8333333333333334,0.0,2.0,6.0,5.0,0.0,2.0,0.0,0.0,0.0,1.0,0.0,0.0,0.0,0.0,PLAY_SUPPORTER,0.4,0.0,5,opponent,149
6.0,0.42857142857142855,0.8333333333333334,0.0,2.0,6.0,5.0,0.0,1.0,0.0,0.0,0.0,1.0,0.0,0.0,0.0,0.0,PLAY_SUPPORTER,0.4,0.0,6,opponent,149
1.0,1.0,1.0,1.0,0.0,6.0,6.0,1.0,5.0,0.0,0.0,1.0,0.0,0.0,0.0,0.0,0.0,ATTACH_ENERGY,0.3,0.7,1,opponent,150
2.0,0.42857142857142855,1.0,1.0,0.0,6.0,6.0,0.0,5.0,1.0,0.0,0.0,0.0,0.0,0.0,0.0,0.0,ATTACK,1.0,0.20000000000000018,2,opponent,150
3.0,0.42857142857142855,0.8333333333333334,1.0,0.0,6.0,6.0,0.0,5.0,0.0,0.0,0.0,1.0,0.0,0.0,0.0,0.0,PLAY_SUPPORTER,0.4,0.0,3,opponent,150
4.0,1.0,0.8333333333333334,0.0,0.0,6.0,5.0,0.0,4.0,0.0,0.0,0.0,1.0,0.0,0.0,0.0,0.0,PLAY_SUPPORTER,0.4,0.0,4,opponent,150
5.0,0.8571428571428571,0.8333333333333334,0.0,0.0,6.0,5.0,0.0,3.0,0.0,0.0,0.0,1.0,0.0,0.0,0.0,0.0,PLAY_SUPPORTER,0.4,0.0,5,opponent,150
6.0,0.42857142857142855,0.8333333333333334,0.0,0.0,6.0,5.0,0.0,2.0,0.0,0.0,0.0,1.0,0.0,0.0,0.0,0.0,PLAY_SUPPORTER,0.4,0.0,6,opponent,150
1.0,1.0,1.0,0.0,0.0,6.0,6.0,1.0,6.0,0.0,0.0,1.0,0.0,0.0,0.0,0.0,0.0,ATTACH_ENERGY,0.3,0.7000000000000001,1,me,151
2.0,0.42857142857142855,1.0,0.0,0.0,6.0,6.0,0.0,6.0,1.0,0.0,0.0,0.0,0.0,0.0,0.0,0.0,ATTACK,1.5,0.29999999999999993,2,me,151
3.0,0.2857142857142857,0.5,0.0,0.0,6.0,6.0,0.0,6.0,1.0,0.0,0.0,0.0,0.0,0.0,0.0,0.0,ATTACK,6.5,-2.7,3,me,151
1.0,1.0,1.0,2.0,3.0,6.0,6.0,2.0,4.0,0.0,0.0,1.0,0.0,0.0,0.0,0.0,0.0,ATTACH_ENERGY,0.3,0.7000000000000002,1,opponent,152
2.0,1.0,1.0,2.0,3.0,6.0,6.0,1.0,4.0,1.0,0.0,0.0,0.0,0.0,0.0,0.0,0.0,ATTACK,1.0,0.19999999999999996,2,opponent,152
3.0,0.75,0.75,2.0,3.0,6.0,6.0,1.0,4.0,1.0,0.0,0.0,0.0,0.0,0.0,0.0,0.0,ATTACK,1.0,0.19999999999999996,3,opponent,152
4.0,0.6666666666666666,0.5,2.0,3.0,6.0,6.0,1.0,4.0,1.0,0.0,0.0,0.0,0.0,0.0,0.0,0.0,ATTACK,1.0,0.19999999999999996,4,opponent,152
5.0,0.4166666666666667,0.25,2.0,3.0,6.0,6.0,1.0,4.0,1.0,0.0,0.0,0.0,0.0,0.0,0.0,0.0,ATTACK,6.0,-2.3000000000000007,5,opponent,152
6.0,0.25,1.0,2.0,2.0,5.0,6.0,1.0,4.0,0.0,1.0,0.0,0.0,0.0,0.0,0.0,0.0,RETREAT,-0.1,0.0,6,opponent,152
7.0,0.42857142857142855,1.0,2.0,2.0,5.0,6.0,1.0,4.0,0.0,0.0,0.0,1.0,0.0,0.0,0.0,0.0,PLAY_SUPPORTER,0.4,0.0,7,opponent,152
8.0,0.25,1.0,1.0,2.0,5.0,5.0,1.0,3.0,0.0,1.0,0.0,0.0,0.0,0.0,0.0,0.0,RETREAT,-0.1,0.0,8,opponent,152
9.0,0.875,1.0,1.0,2.0,5.0,5.0,1.0,3.0,0.0,0.0,0.0,1.0,0.0,0.0,0.0,0.0,PLAY_SUPPORTER,0.4,0.0,9,opponent,152
10.0,0.625,1.0,1.0,2.0,5.0,5.0,1.0,2.0,0.0,0.0,0.0,1.0,0.0,0.0,0.0,0.0,PLAY_SUPPORTER,0.4,0.0,10,opponent,152
11.0,0.125,1.0,1.0,2.0,5.0,5.0,1.0,1.0,0.0,1.0,0.0,0.0,0.0,0.0,0.0,0.0,RETREAT,-0.1,0.0,11,opponent,152
12.0,0.125,1.0,0.0,2.0,5.0,4.0,1.0,1.0,0.0,0.0,0.0,1.0,0.0,0.0,0.0,0.0,PLAY_SUPPORTER,0.4,0.0,12,opponent,152
13.0,0.125,1.0,0.0,2.0,5.0,4.0,1.0,0.0,0.0,0.0,0.0,0.0,0.0,0.0,0.0,1.0,PASS_TURN,0.0,0.0,13,opponent,152
14.0,0.125,1.0,0.0,2.0,5.0,4.0,1.0,0.0,0.0,0.0,1.0,0.0,0.0,0.0,0.0,0.0,ATTACH_ENERGY,0.3,0.3,14,opponent,152
15.0,0.125,1.0,0.0,2.0,5.0,4.0,0.0,0.0,1.0,0.0,0.0,0.0,0.0,0.0,0.0,0.0,ATTACK,1.5,0.30000000000000027,15,opponent,152
1.0,1.0,1.0,3.0,1.0,6.0,6.0,1.0,3.0,0.0,0.0,1.0,0.0,0.0,0.0,0.0,0.0,ATTACH_ENERGY,0.3,0.7000000000000002,1,opponent,153
2.0,0.8571428571428571,1.0,3.0,1.0,6.0,6.0,0.0,3.0,1.0,0.0,0.0,0.0,0.0,0.0,0.0,0.0,ATTACK,1.0,0.20000000000000018,2,opponent,153
3.0,0.7857142857142857,0.7777777777777778,3.0,1.0,6.0,6.0,0.0,3.0,1.0,0.0,0.0,0.0,0.0,0.0,0.0,0.0,ATTACK,1.0,0.20000000000000107,3,opponent,153
4.0,0.6428571428571429,0.5555555555555556,3.0,1.0,6.0,6.0,0.0,3.0,1.0,0.0,0.0,0.0,0.0,0.0,0.0,0.0,ATTACK,1.0,0.20000000000000107,4,opponent,153
5.0,0.35714285714285715,0.3333333333333333,3.0,1.0,6.0,6.0,0.0,3.0,1.0,0.0,0.0,0.0,0.0,0.0,0.0,0.0,ATTACK,1.0,0.19999999999999973,5,opponent,153
6.0,0.07142857142857142,0.1111111111111111,3.0,1.0,6.0,6.0,0.0,3.0,1.0,0.0,0.0,0.0,0.0,0.0,0.0,0.0,ATTACK,6.0,-2.3999999999999995,6,opponent,153
7.0,1.0,1.0,2.0,0.0,5.0,5.0,0.0,3.0,0.0,0.0,0.0,1.0,0.0,0.0,0.0,0.0,PLAY_SUPPORTER,0.4,0.0,7,opponent,153
8.0,0.9,1.0,2.0,0.0,5.0,5.0,0.0,2.0,0.0,0.0,0.0,1.0,0.0,0.0,0.0,0.0,PLAY_SUPPORTER,0.4,0.0,8,opponent,153
9.0,0.6,1.0,2.0,0.0,5.0,5.0,0.0,1.0,0.0,0.0,0.0,1.0,0.0,0.0,0.0,0.0,PLAY_SUPPORTER,0.4,0.0,9,opponent,153
10.0,0.6,1.0,2.0,0.0,5.0,5.0,0.0,0.0,0.0,0.0,0.0,0.0,0.0,0.0,0.0,1.0,PASS_TURN,0.0,0.0,10,opponent,153
11.0,0.6,1.0,2.0,0.0,5.0,5.0,0.0,0.0,0.0,0.0,0.0,0.0,0.0,0.0,0.0,1.0,PASS_TURN,0.0,0.0,11,opponent,153
12.0,0.4,1.0,2.0,0.0,5.0,5.0,0.0,0.0,0.0,0.0,0.0,0.0,0.0,0.0,0.0,1.0,PASS_TURN,0.0,0.0,12,opponent,153
13.0,1.0,1.0,1.0,0.0,5.0,4.0,0.0,0.0,0.0,1.0,0.0,0.0,0.0,0.0,0.0,0.0,RETREAT,-0.1,0.0,13,opponent,153
14.0,0.7777777777777778,1.0,1.0,0.0,5.0,4.0,0.0,0.0,0.0,1.0,0.0,0.0,0.0,0.0,0.0,0.0,RETREAT,-0.1,0.0,14,opponent,153
15.0,0.8333333333333334,1.0,1.0,0.0,5.0,4.0,0.0,0.0,0.0,0.0,0.0,0.0,0.0,0.0,0.0,1.0,PASS_TURN,0.0,0.0,15,opponent,153
16.0,0.8333333333333334,1.0,1.0,0.0,5.0,4.0,0.0,0.0,0.0,1.0,0.0,0.0,0.0,0.0,0.0,0.0,RETREAT,-0.1,0.0,16,opponent,153
17.0,0.4444444444444444,1.0,1.0,0.0,5.0,4.0,0.0,0.0,0.0,0.0,0.0,0.0,0.0,0.0,0.0,1.0,PASS_TURN,0.0,0.0,17,opponent,153
18.0,0.2222222222222222,1.0,1.0,0.0,5.0,4.0,0.0,0.0,0.0,1.0,0.0,0.0,0.0,0.0,0.0,0.0,RETREAT,-0.1,0.0,18,opponent,153
19.0,0.5833333333333334,1.0,1.0,0.0,5.0,4.0,0.0,0.0,0.0,0.0,0.0,0.0,0.0,0.0,0.0,1.0,PASS_TURN,0.0,0.0,19,opponent,153
20.0,0.5,1.0,1.0,0.0,5.0,4.0,0.0,0.0,0.0,0.0,0.0,0.0,0.0,0.0,0.0,1.0,PASS_TURN,0.0,0.0,20,opponent,153
21.0,0.5,1.0,1.0,0.0,5.0,4.0,0.0,0.0,0.0,0.0,0.0,0.0,0.0,0.0,0.0,1.0,PASS_TURN,0.0,0.0,21,opponent,153
22.0,0.5,1.0,1.0,0.0,5.0,4.0,0.0,0.0,0.0,0.0,0.0,0.0,0.0,0.0,0.0,1.0,PASS_TURN,0.0,0.0,22,opponent,153
23.0,0.5,1.0,1.0,0.0,5.0,4.0,0.0,0.0,0.0,0.0,0.0,0.0,0.0,0.0,0.0,1.0,PASS_TURN,0.0,0.0,23,opponent,153
24.0,0.25,1.0,1.0,0.0,5.0,4.0,0.0,0.0,0.0,1.0,0.0,0.0,0.0,0.0,0.0,0.0,RETREAT,-0.1,0.0,24,opponent,153
25.0,0.25,1.0,0.0,0.0,5.0,3.0,0.0,0.0,0.0,0.0,0.0,0.0,0.0,0.0,0.0,1.0,PASS_TURN,0.0,0.0,25,opponent,153
1.0,1.0,1.0,3.0,0.0,6.0,6.0,0.0,2.0,0.0,0.0,0.0,1.0,0.0,0.0,0.0,0.0,PLAY_SUPPORTER,0.4,0.0,1,opponent,154
2.0,0.8333333333333334,1.0,3.0,0.0,6.0,6.0,0.0,1.0,0.0,0.0,0.0,1.0,0.0,0.0,0.0,0.0,PLAY_SUPPORTER,0.4,0.0,2,opponent,154
3.0,0.6666666666666666,1.0,3.0,0.0,6.0,6.0,0.0,0.0,0.0,0.0,0.0,0.0,0.0,0.0,0.0,1.0,PASS_TURN,0.0,0.0,3,opponent,154
4.0,0.5,1.0,3.0,0.0,6.0,6.0,0.0,0.0,0.0,0.0,0.0,0.0,0.0,0.0,0.0,1.0,PASS_TURN,0.0,0.0,4,opponent,154
5.0,0.3333333333333333,1.0,3.0,0.0,6.0,6.0,0.0,0.0,0.0,0.0,0.0,0.0,0.0,0.0,0.0,1.0,PASS_TURN,0.0,0.0,5,opponent,154
6.0,1.0,1.0,2.0,0.0,6.0,5.0,0.0,0.0,0.0,1.0,0.0,0.0,0.0,0.0,0.0,0.0,RETREAT,-0.1,0.0,6,opponent,154
7.0,0.625,1.0,2.0,0.0,6.0,5.0,0.0,0.0,0.0,0.0,0.0,0.0,0.0,0.0,0.0,1.0,PASS_TURN,0.0,0.0,7,opponent,154
8.0,0.375,1.0,2.0,0.0,6.0,5.0,0.0,0.0,0.0,0.0,0.0,0.0,0.0,0.0,0.0,1.0,PASS_TURN,0.0,0.0,8,opponent,154
9.0,1.0,1.0,1.0,0.0,6.0,4.0,0.0,0.0,0.0,0.0,0.0,0.0,0.0,0.0,0.0,1.0,PASS_TURN,0.0,0.0,9,opponent,154
10.0,0.8571428571428571,1.0,1.0,0.0,6.0,4.0,0.0,0.0,0.0,0.0,0.0,0.0,0.0,0.0,0.0,1.0,PASS_TURN,0.0,0.0,10,opponent,154
11.0,0.6428571428571429,1.0,1.0,0.0,6.0,4.0,0.0,0.0,0.0,0.0,0.0,0.0,0.0,0.0,0.0,1.0,PASS_TURN,0.0,0.0,11,opponent,154
12.0,0.42857142857142855,1.0,1.0,0.0,6.0,4.0,0.0,0.0,0.0,0.0,0.0,0.0,0.0,0.0,0.0,1.0,PASS_TURN,0.0,0.0,12,opponent,154
13.0,0.14285714285714285,1.0,1.0,0.0,6.0,4.0,0.0,0.0,0.0,1.0,0.0,0.0,0.0,0.0,0.0,0.0,RETREAT,-0.1,0.0,13,opponent,154
14.0,0.875,1.0,1.0,0.0,6.0,4.0,0.0,0.0,0.0,0.0,0.0,0.0,0.0,0.0,0.0,1.0,PASS_TURN,0.0,0.0,14,opponent,154
15.0,0.875,1.0,1.0,0.0,6.0,4.0,0.0,0.0,0.0,0.0,0.0,0.0,0.0,0.0,0.0,1.0,PASS_TURN,0.0,0.0,15,opponent,154
16.0,0.625,1.0,1.0,0.0,6.0,4.0,0.0,0.0,0.0,0.0,0.0,0.0,0.0,0.0,0.0,1.0,PASS_TURN,0.0,0.0,16,opponent,154
17.0,0.625,1.0,1.0,0.0,6.0,4.0,0.0,0.0,0.0,0.0,0.0,0.0,0.0,0.0,0.0,1.0,PASS_TURN,0.0,0.0,17,opponent,154
18.0,0.25,1.0,1.0,0.0,6.0,4.0,0.0,0.0,0.0,1.0,0.0,0.0,0.0,0.0,0.0,0.0,RETREAT,-0.1,0.0,18,opponent,154
19.0,0.25,1.0,0.0,0.0,6.0,3.0,0.0,0.0,0.0,0.0,0.0,0.0,0.0,0.0,0.0,1.0,PASS_TURN,0.0,0.0,19,opponent,154
1.0,1.0,1.0,0.0,2.0,6.0,6.0,1.0,6.0,0.0,0.0,1.0,0.0,0.0,0.0,0.0,0.0,ATTACH_ENERGY,0.3,0.6999999999999997,1,opponent,155
2.0,1.0,1.0,0.0,2.0,6.0,6.0,0.0,6.0,0.0,0.0,0.0,1.0,0.0,0.0,0.0,0.0,PLAY_SUPPORTER,0.4,0.0,2,opponent,155
3.0,0.8,1.0,0.0,2.0,6.0,6.0,0.0,5.0,1.0,0.0,0.0,0.0,0.0,0.0,0.0,0.0,ATTACK,0.5,0.09999999999999964,3,opponent,155
4.0,0.8,0.8888888888888888,0.0,2.0,6.0,6.0,0.0,5.0,1.0,0.0,0.0,0.0,0.0,0.0,0.0,0.0,ATTACK,0.5,0.10000000000000009,4,opponent,155
5.0,0.6,0.7777777777777778,0.0,2.0,6.0,6.0,0.0,5.0,1.0,0.0,0.0,0.0,0.0,0.0,0.0,0.0,ATTACK,0.5,0.09999999999999964,5,opponent,155
6.0,0.6,0.6666666666666666,0.0,2.0,6.0,6.0,0.0,5.0,1.0,0.0,0.0,0.0,0.0,0.0,0.0,0.0,ATTACK,0.5,0.10000000000000009,6,opponent,155
7.0,0.4,0.5555555555555556,0.0,2.0,6.0,6.0,0.0,5.0,0.0,0.0,0.0,0.0,1.0,0.0,0.0,0.0,PLAY_BASIC_TO_BENCH,0.2,1.4000000000000001,7,opponent,155
8.0,0.3,0.5555555555555556,1.0,2.0,6.0,6.0,0.0,4.0,0.0,0.0,0.0,1.0,0.0,0.0,0.0,0.0,PLAY_SUPPORTER,0.4,0.0,8,opponent,155
9.0,0.2,0.5555555555555556,1.0,2.0,6.0,6.0,0.0,3.0,0.0,0.0,0.0,0.0,1.0,0.0,0.0,0.0,PLAY_BASIC_TO_BENCH,0.2,1.1,9,opponent,155
10.0,0.2,0.5555555555555556,2.0,2.0,6.0,6.0,0.0,2.0,0.0,1.0,0.0,0.0,0.0,0.0,0.0,0.0,RETREAT,-0.1,0.0,10,opponent,155
11.0,1.0,0.5555555555555556,2.0,2.0,6.0,6.0,0.0,2.0,0.0,0.0,0.0,1.0,0.0,0.0,0.0,0.0,PLAY_SUPPORTER,0.4,0.0,11,opponent,155
12.0,0.8888888888888888,0.5555555555555556,2.0,2.0,6.0,6.0,0.0,1.0,0.0,0.0,0.0,1.0,0.0,0.0,0.0,0.0,PLAY_SUPPORTER,0.4,0.0,12,opponent,155
13.0,0.4444444444444444,0.5555555555555556,2.0,2.0,6.0,6.0,0.0,0.0,0.0,0.0,0.0,0.0,0.0,0.0,0.0,1.0,PASS_TURN,0.0,0.0,13,opponent,155
14.0,0.2,0.5555555555555556,1.0,2.0,6.0,5.0,0.0,0.0,0.0,1.0,0.0,0.0,0.0,0.0,0.0,0.0,RETREAT,-0.1,0.0,14,opponent,155
15.0,1.0,0.5555555555555556,1.0,2.0,6.0,5.0,0.0,0.0,0.0,1.0,0.0,0.0,0.0,0.0,0.0,0.0,RETREAT,-0.1,0.0,15,opponent,155
16.0,0.1,0.5555555555555556,1.0,2.0,6.0,5.0,0.0,0.0,0.0,1.0,0.0,0.0,0.0,0.0,0.0,0.0,RETREAT,-0.1,0.0,16,opponent,155
17.0,0.3333333333333333,0.5555555555555556,1.0,2.0,6.0,5.0,0.0,0.0,0.0,0.0,0.0,0.0,0.0,0.0,0.0,1.0,PASS_TURN,0.0,0.0,17,opponent,155
18.0,0.1,0.5555555555555556,0.0,2.0,6.0,4.0,0.0,0.0,0.0,0.0,0.0,0.0,0.0,0.0,0.0,1.0,PASS_TURN,0.0,0.0,18,opponent,155
1.0,1.0,1.0,0.0,2.0,6.0,6.0,2.0,3.0,0.0,0.0,1.0,0.0,0.0,0.0,0.0,0.0,ATTACH_ENERGY,0.3,0.6999999999999997,1,opponent,156
2.0,0.5555555555555556,1.0,0.0,2.0,6.0,6.0,1.0,3.0,1.0,0.0,0.0,0.0,0.0,0.0,0.0,0.0,ATTACK,1.5,0.2999999999999998,2,opponent,156
3.0,0.4444444444444444,0.6666666666666666,0.0,2.0,6.0,6.0,1.0,3.0,0.0,0.0,1.0,0.0,0.0,0.0,0.0,0.0,ATTACH_ENERGY,0.3,0.7000000000000004,3,opponent,156
4.0,0.4444444444444444,0.6666666666666666,0.0,2.0,6.0,6.0,0.0,3.0,1.0,0.0,0.0,0.0,0.0,0.0,0.0,0.0,ATTACK,1.5,0.2999999999999998,4,opponent,156
5.0,0.1111111111111111,0.3333333333333333,0.0,2.0,6.0,6.0,0.0,3.0,1.0,0.0,0.0,0.0,0.0,0.0,0.0,0.0,ATTACK,6.5,-2.2000000000000006,5,opponent,156
1.0,1.0,1.0,2.0,2.0,6.0,6.0,1.0,3.0,0.0,0.0,1.0,0.0,0.0,0.0,0.0,0.0,ATTACH_ENERGY,0.3,0.7,1,opponent,157
2.0,0.8333333333333334,1.0,2.0,2.0,6.0,6.0,0.0,3.0,1.0,0.0,0.0,0.0,0.0,0.0,0.0,0.0,ATTACK,1.5,0.2999999999999998,2,opponent,157
3.0,0.75,0.7,2.0,2.0,6.0,6.0,0.0,3.0,1.0,0.0,0.0,0.0,0.0,0.0,0.0,0.0,ATTACK,1.5,0.30000000000000004,3,opponent,157
4.0,0.5,0.4,2.0,2.0,6.0,6.0,0.0,3.0,0.0,0.0,0.0,0.0,0.0,0.0,0.0,1.0,PASS_TURN,0.0,0.0,4,opponent,157
5.0,0.16666666666666666,0.4,2.0,2.0,6.0,6.0,0.0,3.0,1.0,0.0,0.0,0.0,0.0,0.0,0.0,0.0,ATTACK,1.5,0.3,5,opponent,157
6.0,1.0,0.1,1.0,2.0,6.0,5.0,0.0,3.0,0.0,0.0,0.0,1.0,0.0,0.0,0.0,0.0,PLAY_SUPPORTER,0.4,0.0,6,opponent,157
7.0,1.0,0.1,1.0,2.0,6.0,5.0,0.0,2.0,0.0,0.0,0.0,1.0,0.0,0.0,0.0,0.0,PLAY_SUPPORTER,0.4,0.0,7,opponent,157
8.0,0.5,0.1,1.0,2.0,6.0,5.0,0.0,1.0,0.0,0.0,0.0,1.0,0.0,0.0,0.0,0.0,PLAY_SUPPORTER,0.4,0.0,8,opponent,157
9.0,0.125,0.1,1.0,2.0,6.0,5.0,0.0,0.0,0.0,1.0,0.0,0.0,0.0,0.0,0.0,0.0,RETREAT,-0.1,0.0,9,opponent,157
10.0,1.0,0.1,1.0,2.0,6.0,5.0,0.0,0.0,0.0,0.0,0.0,0.0,0.0,0.0,0.0,1.0,PASS_TURN,0.0,0.0,10,opponent,157
11.0,1.0,0.1,1.0,2.0,6.0,5.0,0.0,0.0,0.0,0.0,0.0,0.0,0.0,0.0,0.0,1.0,PASS_TURN,0.0,0.0,11,opponent,157
12.0,0.5,0.1,1.0,2.0,6.0,5.0,0.0,0.0,0.0,0.0,0.0,0.0,0.0,0.0,0.0,1.0,PASS_TURN,0.0,0.0,12,opponent,157
13.0,0.25,0.1,1.0,2.0,6.0,5.0,0.0,0.0,0.0,1.0,0.0,0.0,0.0,0.0,0.0,0.0,RETREAT,-0.1,0.0,13,opponent,157
14.0,0.25,0.1,0.0,2.0,6.0,4.0,0.0,0.0,0.0,0.0,0.0,0.0,0.0,0.0,0.0,1.0,PASS_TURN,0.0,0.0,14,opponent,157
1.0,1.0,1.0,0.0,0.0,6.0,6.0,0.0,7.0,0.0,0.0,0.0,1.0,0.0,0.0,0.0,0.0,PLAY_SUPPORTER,0.4,0.0,1,opponent,158
2.0,0.6,1.0,0.0,0.0,6.0,6.0,0.0,6.0,0.0,0.0,0.0,1.0,0.0,0.0,0.0,0.0,PLAY_SUPPORTER,0.4,0.0,2,opponent,158
3.0,0.5,1.0,0.0,0.0,6.0,6.0,0.0,5.0,0.0,0.0,0.0,1.0,0.0,0.0,0.0,0.0,PLAY_SUPPORTER,0.4,0.0,3,opponent,158
4.0,0.2,1.0,0.0,0.0,6.0,6.0,0.0,4.0,0.0,0.0,0.0,1.0,0.0,0.0,0.0,0.0,PLAY_SUPPORTER,0.4,0.0,4,opponent,158
5.0,0.1,1.0,0.0,0.0,6.0,6.0,0.0,3.0,0.0,0.0,0.0,1.0,0.0,0.0,0.0,0.0,PLAY_SUPPORTER,0.4,0.0,5,opponent,158
1.0,1.0,1.0,3.0,3.0,6.0,6.0,2.0,7.0,0.0,0.0,1.0,0.0,0.0,0.0,0.0,0.0,ATTACH_ENERGY,0.3,0.7000000000000002,1,opponent,159
2.0,0.7,1.0,3.0,3.0,6.0,6.0,1.0,7.0,1.0,0.0,0.0,0.0,0.0,0.0,0.0,0.0,ATTACK,1.5,0.2999999999999998,2,opponent,159
3.0,0.6,0.5,3.0,3.0,6.0,6.0,1.0,7.0,1.0,0.0,0.0,0.0,0.0,0.0,0.0,0.0,ATTACK,6.5,-2.2,3,opponent,159
4.0,0.3,1.0,3.0,2.0,5.0,6.0,1.0,7.0,1.0,0.0,0.0,0.0,0.0,0.0,0.0,0.0,ATTACK,1.5,0.2999999999999998,4,opponent,159
5.0,0.2,0.6666666666666666,3.0,2.0,5.0,6.0,1.0,7.0,1.0,0.0,0.0,0.0,0.0,0.0,0.0,0.0,ATTACK,1.5,0.30000000000000004,5,opponent,159
6.0,0.2,0.3333333333333333,3.0,2.0,5.0,6.0,1.0,7.0,1.0,0.0,0.0,0.0,0.0,0.0,0.0,0.0,ATTACK,6.5,-2.2,6,opponent,159
7.0,1.0,1.0,2.0,1.0,4.0,5.0,1.0,7.0,0.0,0.0,0.0,1.0,0.0,0.0,0.0,0.0,PLAY_SUPPORTER,0.4,0.0,7,opponent,159
8.0,0.9285714285714286,1.0,2.0,1.0,4.0,5.0,1.0,6.0,0.0,0.0,0.0,1.0,0.0,0.0,0.0,0.0,PLAY_SUPPORTER,0.4,0.0,8,opponent,159
9.0,0.7142857142857143,1.0,2.0,1.0,4.0,5.0,1.0,5.0,0.0,0.0,0.0,1.0,0.0,0.0,0.0,0.0,PLAY_SUPPORTER,0.4,0.0,9,opponent,159
10.0,0.5,1.0,2.0,1.0,4.0,5.0,1.0,4.0,0.0,0.0,0.0,1.0,0.0,0.0,0.0,0.0,PLAY_SUPPORTER,0.4,0.0,10,opponent,159
11.0,0.35714285714285715,1.0,2.0,1.0,4.0,5.0,1.0,3.0,0.0,0.0,0.0,1.0,0.0,0.0,0.0,0.0,PLAY_SUPPORTER,0.4,0.0,11,opponent,159
12.0,0.35714285714285715,1.0,2.0,1.0,4.0,5.0,1.0,2.0,0.0,0.0,0.0,1.0,0.0,0.0,0.0,0.0,PLAY_SUPPORTER,0.4,0.0,12,opponent,159
13.0,0.35714285714285715,1.0,2.0,1.0,4.0,5.0,1.0,1.0,0.0,0.0,0.0,1.0,0.0,0.0,0.0,0.0,PLAY_SUPPORTER,0.4,0.0,13,opponent,159
14.0,0.07142857142857142,1.0,2.0,1.0,4.0,5.0,1.0,0.0,0.0,1.0,0.0,0.0,0.0,0.0,0.0,0.0,RETREAT,-0.1,0.0,14,opponent,159
15.0,0.5,1.0,2.0,1.0,4.0,5.0,1.0,0.0,0.0,0.0,1.0,0.0,0.0,0.0,0.0,0.0,ATTACH_ENERGY,0.3,0.2999999999999998,15,opponent,159
16.0,0.16666666666666666,1.0,2.0,1.0,4.0,5.0,0.0,0.0,0.0,1.0,0.0,0.0,0.0,0.0,0.0,0.0,RETREAT,-0.1,0.0,16,opponent,159
17.0,0.16666666666666666,1.0,1.0,1.0,4.0,4.0,0.0,0.0,0.0,1.0,0.0,0.0,0.0,0.0,0.0,0.0,RETREAT,-0.1,0.0,17,opponent,159
18.0,1.0,1.0,1.0,1.0,4.0,4.0,0.0,0.0,1.0,0.0,0.0,0.0,0.0,0.0,0.0,0.0,ATTACK,1.0,0.19999999999999996,18,opponent,159
19.0,1.0,0.8,1.0,1.0,4.0,4.0,0.0,0.0,1.0,0.0,0.0,0.0,0.0,0.0,0.0,0.0,ATTACK,1.0,0.2,19,opponent,159
20.0,0.6666666666666666,0.6,1.0,1.0,4.0,4.0,0.0,0.0,1.0,0.0,0.0,0.0,0.0,0.0,0.0,0.0,ATTACK,1.0,0.2,20,opponent,159
21.0,0.3333333333333333,0.4,1.0,1.0,4.0,4.0,0.0,0.0,1.0,0.0,0.0,0.0,0.0,0.0,0.0,0.0,ATTACK,1.0,0.19999999999999996,21,opponent,159
22.0,0.16666666666666666,0.2,0.0,1.0,4.0,3.0,0.0,0.0,0.0,0.0,0.0,0.0,0.0,0.0,0.0,1.0,PASS_TURN,0.0,0.0,22,opponent,159
1.0,1.0,1.0,3.0,0.0,6.0,6.0,3.0,7.0,0.0,0.0,1.0,0.0,0.0,0.0,0.0,0.0,ATTACH_ENERGY,0.3,0.6999999999999993,1,me,160
2.0,0.625,1.0,3.0,0.0,6.0,6.0,2.0,7.0,1.0,0.0,0.0,0.0,0.0,0.0,0.0,0.0,ATTACK,1.5,0.29999999999999893,2,me,160
3.0,0.25,0.5714285714285714,3.0,0.0,6.0,6.0,2.0,7.0,1.0,0.0,0.0,0.0,0.0,0.0,0.0,0.0,ATTACK,1.5,0.29999999999999893,3,me,160
4.0,0.25,0.14285714285714285,3.0,0.0,6.0,6.0,2.0,7.0,1.0,0.0,0.0,0.0,0.0,0.0,0.0,0.0,ATTACK,6.5,-2.8999999999999995,4,me,160
1.0,1.0,1.0,3.0,2.0,6.0,6.0,2.0,2.0,0.0,0.0,1.0,0.0,0.0,0.0,0.0,0.0,ATTACH_ENERGY,0.3,0.6999999999999997,1,opponent,161
2.0,0.9285714285714286,1.0,3.0,2.0,6.0,6.0,1.0,2.0,1.0,0.0,0.0,0.0,0.0,0.0,0.0,0.0,ATTACK,1.0,0.20000000000000018,2,opponent,161
3.0,0.7857142857142857,0.6666666666666666,3.0,2.0,6.0,6.0,1.0,2.0,1.0,0.0,0.0,0.0,0.0,0.0,0.0,0.0,ATTACK,1.0,0.20000000000000018,3,opponent,161
4.0,0.6428571428571429,0.3333333333333333,3.0,2.0,6.0,6.0,1.0,2.0,0.0,0.0,0.0,1.0,0.0,0.0,0.0,0.0,PLAY_SUPPORTER,0.4,0.0,4,opponent,161
5.0,0.35714285714285715,0.3333333333333333,3.0,2.0,6.0,6.0,1.0,1.0,1.0,0.0,0.0,0.0,0.0,0.0,0.0,0.0,ATTACK,6.0,-2.3,5,opponent,161
6.0,0.21428571428571427,1.0,3.0,1.0,5.0,6.0,1.0,1.0,0.0,1.0,0.0,0.0,0.0,0.0,0.0,0.0,RETREAT,-0.1,0.0,6,opponent,161
7.0,1.0,1.0,3.0,1.0,5.0,6.0,1.0,1.0,0.0,0.0,0.0,1.0,0.0,0.0,0.0,0.0,PLAY_SUPPORTER,0.4,0.0,7,opponent,161
8.0,0.3333333333333333,1.0,3.0,1.0,5.0,6.0,1.0,0.0,0.0,0.0,1.0,0.0,0.0,0.0,0.0,0.0,ATTACH_ENERGY,0.3,0.30000000000000004,8,opponent,161
9.0,0.3333333333333333,1.0,3.0,1.0,5.0,6.0,0.0,0.0,1.0,0.0,0.0,0.0,0.0,0.0,0.0,0.0,ATTACK,1.5,0.30000000000000016,9,opponent,161
10.0,0.21428571428571427,0.7857142857142857,2.0,1.0,5.0,5.0,0.0,0.0,0.0,1.0,0.0,0.0,0.0,0.0,0.0,0.0,RETREAT,-0.1,0.0,10,opponent,161
11.0,0.6666666666666666,0.7857142857142857,2.0,1.0,5.0,5.0,0.0,0.0,0.0,0.0,0.0,0.0,0.0,0.0,0.0,1.0,PASS_TURN,0.0,0.0,11,opponent,161
12.0,0.6666666666666666,0.7857142857142857,2.0,1.0,5.0,5.0,0.0,0.0,0.0,0.0,0.0,0.0,0.0,0.0,0.0,1.0,PASS_TURN,0.0,0.0,12,opponent,161
13.0,0.5833333333333334,0.7857142857142857,2.0,1.0,5.0,5.0,0.0,0.0,0.0,0.0,0.0,0.0,0.0,0.0,0.0,1.0,PASS_TURN,0.0,0.0,13,opponent,161
14.0,0.4166666666666667,0.7857142857142857,2.0,1.0,5.0,5.0,0.0,0.0,0.0,0.0,0.0,0.0,0.0,0.0,0.0,1.0,PASS_TURN,0.0,0.0,14,opponent,161
15.0,0.4166666666666667,0.7857142857142857,2.0,1.0,5.0,5.0,0.0,0.0,0.0,0.0,0.0,0.0,0.0,0.0,0.0,1.0,PASS_TURN,0.0,0.0,15,opponent,161
16.0,0.16666666666666666,0.7857142857142857,2.0,1.0,5.0,5.0,0.0,0.0,0.0,0.0,0.0,0.0,0.0,0.0,0.0,1.0,PASS_TURN,0.0,0.0,16,opponent,161
17.0,0.16666666666666666,0.7857142857142857,2.0,1.0,5.0,5.0,0.0,0.0,0.0,1.0,0.0,0.0,0.0,0.0,0.0,0.0,RETREAT,-0.1,0.0,17,opponent,161
18.0,0.16666666666666666,0.7857142857142857,1.0,1.0,5.0,4.0,0.0,0.0,0.0,1.0,0.0,0.0,0.0,0.0,0.0,0.0,RETREAT,-0.1,0.0,18,opponent,161
19.0,0.9166666666666666,0.7857142857142857,1.0,1.0,5.0,4.0,0.0,0.0,0.0,0.0,0.0,0.0,0.0,0.0,0.0,1.0,PASS_TURN,0.0,0.0,19,opponent,161
20.0,0.6666666666666666,0.7857142857142857,1.0,1.0,5.0,4.0,0.0,0.0,0.0,1.0,0.0,0.0,0.0,0.0,0.0,0.0,RETREAT,-0.1,0.0,20,opponent,161
21.0,0.6666666666666666,0.7857142857142857,0.0,1.0,5.0,3.0,0.0,0.0,0.0,0.0,0.0,0.0,0.0,0.0,0.0,1.0,PASS_TURN,0.0,0.0,21,opponent,161
22.0,0.5833333333333334,0.7857142857142857,0.0,1.0,5.0,3.0,0.0,0.0,0.0,0.0,0.0,0.0,0.0,0.0,0.0,1.0,PASS_TURN,0.0,0.0,22,opponent,161
23.0,0.4166666666666667,0.7857142857142857,0.0,1.0,5.0,3.0,0.0,0.0,0.0,0.0,0.0,0.0,0.0,0.0,0.0,1.0,PASS_TURN,0.0,0.0,23,opponent,161
24.0,0.08333333333333333,0.7857142857142857,0.0,1.0,5.0,3.0,0.0,0.0,0.0,0.0,0.0,0.0,0.0,0.0,0.0,1.0,PASS_TURN,0.0,0.0,24,opponent,161
1.0,1.0,1.0,0.0,3.0,6.0,6.0,1.0,4.0,0.0,0.0,1.0,0.0,0.0,0.0,0.0,0.0,ATTACH_ENERGY,0.3,0.6999999999999997,1,opponent,162
2.0,0.8,1.0,0.0,3.0,6.0,6.0,0.0,4.0,1.0,0.0,0.0,0.0,0.0,0.0,0.0,0.0,ATTACK,1.5,0.30000000000000027,2,opponent,162
3.0,0.8,0.6666666666666666,0.0,3.0,6.0,6.0,0.0,4.0,1.0,0.0,0.0,0.0,0.0,0.0,0.0,0.0,ATTACK,1.5,0.2999999999999998,3,opponent,162
4.0,0.6,0.3333333333333333,0.0,3.0,6.0,6.0,0.0,4.0,1.0,0.0,0.0,0.0,0.0,0.0,0.0,0.0,ATTACK,6.5,-2.1999999999999997,4,opponent,162
5.0,0.5,1.0,0.0,2.0,5.0,6.0,0.0,4.0,1.0,0.0,0.0,0.0,0.0,0.0,0.0,0.0,ATTACK,1.5,0.2999999999999998,5,opponent,162
6.0,0.5,0.5714285714285714,0.0,2.0,5.0,6.0,0.0,4.0,1.0,0.0,0.0,0.0,0.0,0.0,0.0,0.0,ATTACK,1.5,0.2999999999999998,6,opponent,162
7.0,0.1,0.14285714285714285,0.0,2.0,5.0,6.0,0.0,4.0,1.0,0.0,0.0,0.0,0.0,0.0,0.0,0.0,ATTACK,6.5,-2.3999999999999995,7,opponent,162
1.0,1.0,1.0,3.0,0.0,6.0,6.0,1.0,3.0,0.0,0.0,1.0,0.0,0.0,0.0,0.0,0.0,ATTACH_ENERGY,0.3,0.6999999999999993,1,opponent,163
2.0,0.75,1.0,3.0,0.0,6.0,6.0,0.0,3.0,1.0,0.0,0.0,0.0,0.0,0.0,0.0,0.0,ATTACK,0.5,0.09999999999999964,2,opponent,163
3.0,0.4166666666666667,0.8888888888888888,3.0,0.0,6.0,6.0,0.0,3.0,1.0,0.0,0.0,0.0,0.0,0.0,0.0,0.0,ATTACK,0.5,0.09999999999999964,3,opponent,163
4.0,0.4166666666666667,0.7777777777777778,3.0,0.0,6.0,6.0,0.0,3.0,1.0,0.0,0.0,0.0,0.0,0.0,0.0,0.0,ATTACK,0.5,0.09999999999999964,4,opponent,163
5.0,0.25,0.6666666666666666,3.0,0.0,6.0,6.0,0.0,3.0,0.0,0.0,0.0,0.0,0.0,0.0,0.0,1.0,PASS_TURN,0.0,0.0,5,opponent,163
6.0,1.0,0.6666666666666666,2.0,0.0,6.0,5.0,0.0,3.0,0.0,0.0,0.0,1.0,0.0,0.0,0.0,0.0,PLAY_SUPPORTER,0.4,0.0,6,opponent,163
7.0,0.7857142857142857,0.6666666666666666,2.0,0.0,6.0,5.0,0.0,2.0,0.0,0.0,0.0,1.0,0.0,0.0,0.0,0.0,PLAY_SUPPORTER,0.4,0.0,7,opponent,163
8.0,0.5,0.6666666666666666,2.0,0.0,6.0,5.0,0.0,1.0,0.0,1.0,0.0,0.0,0.0,0.0,0.0,0.0,RETREAT,-0.1,0.0,8,opponent,163
9.0,1.0,0.6666666666666666,2.0,0.0,6.0,5.0,0.0,1.0,0.0,0.0,0.0,1.0,0.0,0.0,0.0,0.0,PLAY_SUPPORTER,0.4,0.0,9,opponent,163
10.0,0.5,0.6666666666666666,2.0,0.0,6.0,5.0,0.0,0.0,0.0,0.0,0.0,0.0,0.0,0.0,0.0,1.0,PASS_TURN,0.0,0.0,10,opponent,163
11.0,0.16666666666666666,0.6666666666666666,2.0,0.0,6.0,5.0,0.0,0.0,0.0,1.0,0.0,0.0,0.0,0.0,0.0,0.0,RETREAT,-0.1,0.0,11,opponent,163
12.0,0.35714285714285715,0.6666666666666666,2.0,0.0,6.0,5.0,0.0,0.0,0.0,0.0,0.0,0.0,0.0,0.0,0.0,1.0,PASS_TURN,0.0,0.0,12,opponent,163
13.0,0.07142857142857142,0.6666666666666666,2.0,0.0,6.0,5.0,0.0,0.0,0.0,1.0,0.0,0.0,0.0,0.0,0.0,0.0,RETREAT,-0.1,0.0,13,opponent,163
14.0,0.07142857142857142,0.6666666666666666,1.0,0.0,6.0,4.0,0.0,0.0,0.0,1.0,0.0,0.0,0.0,0.0,0.0,0.0,RETREAT,-0.1,0.0,14,opponent,163
15.0,1.0,0.6666666666666666,1.0,0.0,6.0,4.0,0.0,0.0,0.0,0.0,0.0,0.0,0.0,0.0,0.0,1.0,PASS_TURN,0.0,0.0,15,opponent,163
16.0,1.0,0.6666666666666666,1.0,0.0,6.0,4.0,0.0,0.0,0.0,0.0,0.0,0.0,0.0,0.0,0.0,1.0,PASS_TURN,0.0,0.0,16,opponent,163
17.0,0.9285714285714286,0.6666666666666666,1.0,0.0,6.0,4.0,0.0,0.0,0.0,0.0,0.0,0.0,0.0,0.0,0.0,1.0,PASS_TURN,0.0,0.0,17,opponent,163
18.0,0.7142857142857143,0.6666666666666666,1.0,0.0,6.0,4.0,0.0,0.0,0.0,1.0,0.0,0.0,0.0,0.0,0.0,0.0,RETREAT,-0.1,0.0,18,opponent,163
19.0,0.7142857142857143,0.6666666666666666,0.0,0.0,6.0,3.0,0.0,0.0,0.0,0.0,0.0,0.0,0.0,0.0,0.0,1.0,PASS_TURN,0.0,0.0,19,opponent,163
20.0,0.42857142857142855,0.6666666666666666,0.0,0.0,6.0,3.0,0.0,0.0,0.0,0.0,0.0,0.0,0.0,0.0,0.0,1.0,PASS_TURN,0.0,0.0,20,opponent,163
21.0,0.42857142857142855,0.6666666666666666,0.0,0.0,6.0,3.0,0.0,0.0,0.0,0.0,0.0,0.0,0.0,0.0,0.0,1.0,PASS_TURN,0.0,0.0,21,opponent,163
22.0,0.42857142857142855,0.6666666666666666,0.0,0.0,6.0,3.0,0.0,0.0,0.0,0.0,0.0,0.0,0.0,0.0,0.0,1.0,PASS_TURN,0.0,0.0,22,opponent,163
23.0,0.42857142857142855,0.6666666666666666,0.0,0.0,6.0,3.0,0.0,0.0,0.0,0.0,0.0,0.0,0.0,0.0,0.0,1.0,PASS_TURN,0.0,0.0,23,opponent,163
24.0,0.35714285714285715,0.6666666666666666,0.0,0.0,6.0,3.0,0.0,0.0,0.0,0.0,0.0,0.0,0.0,0.0,0.0,1.0,PASS_TURN,0.0,0.0,24,opponent,163
25.0,0.2857142857142857,0.6666666666666666,0.0,0.0,6.0,3.0,0.0,0.0,0.0,0.0,0.0,0.0,0.0,0.0,0.0,1.0,PASS_TURN,0.0,0.0,25,opponent,163
26.0,0.2857142857142857,0.6666666666666666,0.0,0.0,6.0,3.0,0.0,0.0,0.0,0.0,0.0,0.0,0.0,0.0,0.0,1.0,PASS_TURN,0.0,0.0,26,opponent,163
27.0,0.07142857142857142,0.6666666666666666,0.0,0.0,6.0,3.0,0.0,0.0,0.0,0.0,0.0,0.0,0.0,0.0,0.0,1.0,PASS_TURN,0.0,0.0,27,opponent,163
1.0,1.0,1.0,2.0,2.0,6.0,6.0,1.0,5.0,0.0,0.0,1.0,0.0,0.0,0.0,0.0,0.0,ATTACH_ENERGY,0.3,0.7000000000000001,1,opponent,164
2.0,0.5555555555555556,1.0,2.0,2.0,6.0,6.0,0.0,5.0,1.0,0.0,0.0,0.0,0.0,0.0,0.0,0.0,ATTACK,1.5,0.30000000000000004,2,opponent,164
3.0,0.2222222222222222,0.5,2.0,2.0,6.0,6.0,0.0,5.0,1.0,0.0,0.0,0.0,0.0,0.0,0.0,0.0,ATTACK,6.5,-2.2,3,opponent,164
4.0,0.2222222222222222,1.0,2.0,1.0,5.0,6.0,0.0,5.0,1.0,0.0,0.0,0.0,0.0,0.0,0.0,0.0,ATTACK,1.5,0.30000000000000027,4,opponent,164
5.0,1.0,0.7857142857142857,1.0,1.0,5.0,5.0,0.0,5.0,0.0,0.0,0.0,1.0,0.0,0.0,0.0,0.0,PLAY_SUPPORTER,0.4,0.0,5,opponent,164
6.0,1.0,0.7857142857142857,1.0,1.0,5.0,5.0,0.0,4.0,0.0,1.0,0.0,0.0,0.0,0.0,0.0,0.0,RETREAT,-0.1,0.0,6,opponent,164
7.0,0.8333333333333334,0.7857142857142857,1.0,1.0,5.0,5.0,0.0,4.0,0.0,0.0,0.0,1.0,0.0,0.0,0.0,0.0,PLAY_SUPPORTER,0.4,0.0,7,opponent,164
8.0,0.6666666666666666,0.7857142857142857,1.0,1.0,5.0,5.0,0.0,3.0,0.0,0.0,0.0,1.0,0.0,0.0,0.0,0.0,PLAY_SUPPORTER,0.4,0.0,8,opponent,164
9.0,0.6666666666666666,0.7857142857142857,1.0,1.0,5.0,5.0,0.0,2.0,0.0,1.0,0.0,0.0,0.0,0.0,0.0,0.0,RETREAT,-0.1,0.0,9,opponent,164
10.0,1.0,0.7857142857142857,1.0,1.0,5.0,5.0,0.0,2.0,0.0,0.0,0.0,1.0,0.0,0.0,0.0,0.0,PLAY_SUPPORTER,0.4,0.0,10,opponent,164
11.0,0.75,0.7857142857142857,1.0,1.0,5.0,5.0,0.0,1.0,0.0,0.0,0.0,1.0,0.0,0.0,0.0,0.0,PLAY_SUPPORTER,0.4,0.0,11,opponent,164
12.0,0.5,0.7857142857142857,1.0,1.0,5.0,5.0,0.0,0.0,0.0,0.0,0.0,0.0,0.0,0.0,0.0,1.0,PASS_TURN,0.0,0.0,12,opponent,164
13.0,0.5,0.7857142857142857,1.0,1.0,5.0,5.0,0.0,0.0,0.0,0.0,0.0,0.0,0.0,0.0,0.0,1.0,PASS_TURN,0.0,0.0,13,opponent,164
14.0,0.5,0.7857142857142857,1.0,1.0,5.0,5.0,0.0,0.0,0.0,0.0,0.0,0.0,0.0,0.0,0.0,1.0,PASS_TURN,0.0,0.0,14,opponent,164
15.0,0.25,0.7857142857142857,1.0,1.0,5.0,5.0,0.0,0.0,0.0,1.0,0.0,0.0,0.0,0.0,0.0,0.0,RETREAT,-0.1,0.0,15,opponent,164
16.0,0.5833333333333334,0.7857142857142857,1.0,1.0,5.0,5.0,0.0,0.0,0.0,0.0,0.0,0.0,0.0,0.0,0.0,1.0,PASS_TURN,0.0,0.0,16,opponent,164
17.0,0.25,0.7857142857142857,1.0,1.0,5.0,5.0,0.0,0.0,0.0,1.0,0.0,0.0,0.0,0.0,0.0,0.0,RETREAT,-0.1,0.0,17,opponent,164
18.0,0.25,0.7857142857142857,0.0,1.0,5.0,4.0,0.0,0.0,0.0,0.0,0.0,0.0,0.0,0.0,0.0,1.0,PASS_TURN,0.0,0.0,18,opponent,164
1.0,1.0,1.0,3.0,0.0,6.0,6.0,3.0,3.0,0.0,0.0,1.0,0.0,0.0,0.0,0.0,0.0,ATTACH_ENERGY,0.3,0.7000000000000002,1,me,165
2.0,0.6666666666666666,1.0,3.0,0.0,6.0,6.0,2.0,3.0,1.0,0.0,0.0,0.0,0.0,0.0,0.0,0.0,ATTACK,1.5,0.29999999999999893,2,me,165
3.0,0.5,0.5714285714285714,3.0,0.0,6.0,6.0,2.0,3.0,1.0,0.0,0.0,0.0,0.0,0.0,0.0,0.0,ATTACK,1.5,0.3000000000000007,3,me,165
4.0,0.5,0.14285714285714285,3.0,0.0,6.0,6.0,2.0,3.0,1.0,0.0,0.0,0.0,0.0,0.0,0.0,0.0,ATTACK,6.5,-2.9000000000000004,4,me,165
1.0,1.0,1.0,3.0,0.0,6.0,6.0,3.0,5.0,0.0,0.0,1.0,0.0,0.0,0.0,0.0,0.0,ATTACH_ENERGY,0.3,0.7000000000000002,1,opponent,166
2.0,0.6,1.0,3.0,0.0,6.0,6.0,2.0,5.0,0.0,0.0,1.0,0.0,0.0,0.0,0.0,0.0,ATTACH_ENERGY,0.3,0.7000000000000002,2,opponent,166
3.0,0.3,1.0,3.0,0.0,6.0,6.0,1.0,5.0,0.0,0.0,1.0,0.0,0.0,0.0,0.0,0.0,ATTACH_ENERGY,0.3,0.7000000000000011,3,opponent,166
4.0,0.1,1.0,3.0,0.0,6.0,6.0,0.0,5.0,0.0,1.0,0.0,0.0,0.0,0.0,0.0,0.0,RETREAT,-0.1,0.0,4,opponent,166
5.0,0.8571428571428571,1.0,3.0,0.0,6.0,6.0,0.0,5.0,0.0,0.0,0.0,1.0,0.0,0.0,0.0,0.0,PLAY_SUPPORTER,0.4,0.0,5,opponent,166
6.0,0.2857142857142857,1.0,3.0,0.0,6.0,6.0,0.0,4.0,0.0,1.0,0.0,0.0,0.0,0.0,0.0,0.0,RETREAT,-0.1,0.0,6,opponent,166
7.0,0.2857142857142857,1.0,2.0,0.0,6.0,5.0,0.0,4.0,0.0,1.0,0.0,0.0,0.0,0.0,0.0,0.0,RETREAT,-0.1,0.0,7,opponent,166
8.0,0.8571428571428571,1.0,2.0,0.0,6.0,5.0,0.0,4.0,0.0,0.0,0.0,1.0,0.0,0.0,0.0,0.0,PLAY_SUPPORTER,0.4,0.0,8,opponent,166
9.0,0.7142857142857143,1.0,2.0,0.0,6.0,5.0,0.0,3.0,0.0,1.0,0.0,0.0,0.0,0.0,0.0,0.0,RETREAT,-0.1,0.0,9,opponent,166
10.0,0.7142857142857143,1.0,1.0,0.0,6.0,4.0,0.0,3.0,0.0,0.0,0.0,1.0,0.0,0.0,0.0,0.0,PLAY_SUPPORTER,0.4,0.0,10,opponent,166
11.0,0.6428571428571429,1.0,1.0,0.0,6.0,4.0,0.0,2.0,0.0,0.0,0.0,1.0,0.0,0.0,0.0,0.0,PLAY_SUPPORTER,0.4,0.0,11,opponent,166
12.0,0.42857142857142855,1.0,1.0,0.0,6.0,4.0,0.0,1.0,0.0,0.0,0.0,1.0,0.0,0.0,0.0,0.0,PLAY_SUPPORTER,0.4,0.0,12,opponent,166
13.0,0.2857142857142857,1.0,1.0,0.0,6.0,4.0,0.0,0.0,0.0,1.0,0.0,0.0,0.0,0.0,0.0,0.0,RETREAT,-0.1,0.0,13,opponent,166
14.0,0.9166666666666666,1.0,1.0,0.0,6.0,4.0,0.0,0.0,0.0,0.0,0.0,0.0,0.0,0.0,0.0,1.0,PASS_TURN,0.0,0.0,14,opponent,166
15.0,0.75,1.0,1.0,0.0,6.0,4.0,0.0,0.0,0.0,0.0,0.0,0.0,0.0,0.0,0.0,1.0,PASS_TURN,0.0,0.0,15,opponent,166
16.0,0.5833333333333334,1.0,1.0,0.0,6.0,4.0,0.0,0.0,0.0,1.0,0.0,0.0,0.0,0.0,0.0,0.0,RETREAT,-0.1,0.0,16,opponent,166
17.0,0.21428571428571427,1.0,1.0,0.0,6.0,4.0,0.0,0.0,0.0,1.0,0.0,0.0,0.0,0.0,0.0,0.0,RETREAT,-0.1,0.0,17,opponent,166
18.0,0.4166666666666667,1.0,1.0,0.0,6.0,4.0,0.0,0.0,0.0,0.0,0.0,0.0,0.0,0.0,0.0,1.0,PASS_TURN,0.0,0.0,18,opponent,166
19.0,0.25,1.0,1.0,0.0,6.0,4.0,0.0,0.0,0.0,1.0,0.0,0.0,0.0,0.0,0.0,0.0,RETREAT,-0.1,0.0,19,opponent,166
20.0,0.21428571428571427,1.0,1.0,0.0,6.0,4.0,0.0,0.0,0.0,1.0,0.0,0.0,0.0,0.0,0.0,0.0,RETREAT,-0.1,0.0,20,opponent,166
21.0,0.08333333333333333,1.0,1.0,0.0,6.0,4.0,0.0,0.0,0.0,1.0,0.0,0.0,0.0,0.0,0.0,0.0,RETREAT,-0.1,0.0,21,opponent,166
22.0,0.14285714285714285,1.0,1.0,0.0,6.0,4.0,0.0,0.0,0.0,1.0,0.0,0.0,0.0,0.0,0.0,0.0,RETREAT,-0.1,0.0,22,opponent,166
23.0,0.14285714285714285,1.0,0.0,0.0,6.0,3.0,0.0,0.0,0.0,0.0,0.0,0.0,0.0,0.0,0.0,1.0,PASS_TURN,0.0,0.0,23,opponent,166
1.0,1.0,1.0,0.0,3.0,6.0,6.0,3.0,4.0,0.0,0.0,1.0,0.0,0.0,0.0,0.0,0.0,ATTACH_ENERGY,0.3,0.6999999999999997,1,opponent,167
2.0,0.875,1.0,0.0,3.0,6.0,6.0,2.0,4.0,0.0,0.0,1.0,0.0,0.0,0.0,0.0,0.0,ATTACH_ENERGY,0.3,0.7000000000000006,2,opponent,167
3.0,0.5,1.0,0.0,3.0,6.0,6.0,1.0,4.0,0.0,0.0,1.0,0.0,0.0,0.0,0.0,0.0,ATTACH_ENERGY,0.3,0.6999999999999997,3,opponent,167
4.0,0.375,1.0,0.0,3.0,6.0,6.0,0.0,4.0,1.0,0.0,0.0,0.0,0.0,0.0,0.0,0.0,ATTACK,0.5,0.09999999999999964,4,opponent,167
1.0,1.0,1.0,2.0,0.0,6.0,6.0,2.0,4.0,0.0,0.0,1.0,0.0,0.0,0.0,0.0,0.0,ATTACH_ENERGY,0.3,0.7000000000000002,1,opponent,168
2.0,0.8333333333333334,1.0,2.0,0.0,6.0,6.0,1.0,4.0,0.0,0.0,1.0,0.0,0.0,0.0,0.0,0.0,ATTACH_ENERGY,0.3,0.7000000000000006,2,opponent,168
3.0,0.8333333333333334,1.0,2.0,0.0,6.0,6.0,0.0,4.0,1.0,0.0,0.0,0.0,0.0,0.0,0.0,0.0,ATTACK,0.5,0.09999999999999964,3,opponent,168
4.0,0.8333333333333334,0.8888888888888888,2.0,0.0,6.0,6.0,0.0,4.0,1.0,0.0,0.0,0.0,0.0,0.0,0.0,0.0,ATTACK,0.5,0.09999999999999964,4,opponent,168
5.0,0.5,0.7777777777777778,2.0,0.0,6.0,6.0,0.0,4.0,1.0,0.0,0.0,0.0,0.0,0.0,0.0,0.0,ATTACK,0.5,0.10000000000000009,5,opponent,168
6.0,1.0,0.6666666666666666,1.0,0.0,6.0,5.0,0.0,4.0,0.0,0.0,0.0,1.0,0.0,0.0,0.0,0.0,PLAY_SUPPORTER,0.4,0.0,6,opponent,168
7.0,0.5,0.6666666666666666,1.0,0.0,6.0,5.0,0.0,3.0,0.0,0.0,0.0,1.0,0.0,0.0,0.0,0.0,PLAY_SUPPORTER,0.4,0.0,7,opponent,168
8.0,0.5,0.6666666666666666,1.0,0.0,6.0,5.0,0.0,2.0,0.0,0.0,0.0,1.0,0.0,0.0,0.0,0.0,PLAY_SUPPORTER,0.4,0.0,8,opponent,168
9.0,0.3333333333333333,0.6666666666666666,1.0,0.0,6.0,5.0,0.0,1.0,0.0,0.0,0.0,1.0,0.0,0.0,0.0,0.0,PLAY_SUPPORTER,0.4,0.0,9,opponent,168
10.0,1.0,0.6666666666666666,0.0,0.0,6.0,4.0,0.0,0.0,0.0,0.0,0.0,0.0,0.0,0.0,0.0,1.0,PASS_TURN,0.0,0.0,10,opponent,168
11.0,0.8888888888888888,0.6666666666666666,0.0,0.0,6.0,4.0,0.0,0.0,0.0,0.0,0.0,0.0,0.0,0.0,0.0,1.0,PASS_TURN,0.0,0.0,11,opponent,168
12.0,0.4444444444444444,0.6666666666666666,0.0,0.0,6.0,4.0,0.0,0.0,0.0,0.0,0.0,0.0,0.0,0.0,0.0,1.0,PASS_TURN,0.0,0.0,12,opponent,168
1.0,1.0,1.0,1.0,1.0,6.0,6.0,3.0,2.0,0.0,0.0,1.0,0.0,0.0,0.0,0.0,0.0,ATTACH_ENERGY,0.3,0.7000000000000001,1,me,169
2.0,0.8333333333333334,1.0,1.0,1.0,6.0,6.0,2.0,2.0,0.0,0.0,1.0,0.0,0.0,0.0,0.0,0.0,ATTACH_ENERGY,0.3,0.7000000000000002,2,me,169
3.0,0.5833333333333334,1.0,1.0,1.0,6.0,6.0,1.0,2.0,0.0,0.0,1.0,0.0,0.0,0.0,0.0,0.0,ATTACH_ENERGY,0.3,0.6999999999999997,3,me,169
4.0,0.5,1.0,1.0,1.0,6.0,6.0,0.0,2.0,1.0,0.0,0.0,0.0,0.0,0.0,0.0,0.0,ATTACK,0.5,0.10000000000000009,4,me,169
5.0,0.25,0.8333333333333334,1.0,1.0,6.0,6.0,0.0,2.0,1.0,0.0,0.0,0.0,0.0,0.0,0.0,0.0,ATTACK,8.5,-1.9999999999999998,5,me,169
6.0,0.16666666666666666,1.0,1.0,0.0,5.0,6.0,0.0,2.0,1.0,0.0,0.0,0.0,0.0,0.0,0.0,0.0,ATTACK,12.0,-2.3000000000000003,6,me,169
1.0,1.0,1.0,2.0,1.0,6.0,6.0,0.0,7.0,0.0,0.0,0.0,1.0,0.0,0.0,0.0,0.0,PLAY_SUPPORTER,0.4,0.0,1,opponent,170
2.0,0.6666666666666666,1.0,2.0,1.0,6.0,6.0,0.0,6.0,0.0,0.0,0.0,1.0,0.0,0.0,0.0,0.0,PLAY_SUPPORTER,0.4,0.0,2,opponent,170
3.0,0.6666666666666666,1.0,2.0,1.0,6.0,6.0,0.0,5.0,0.0,0.0,0.0,1.0,0.0,0.0,0.0,0.0,PLAY_SUPPORTER,0.4,0.0,3,opponent,170
4.0,0.3333333333333333,1.0,2.0,1.0,6.0,6.0,0.0,4.0,0.0,0.0,0.0,1.0,0.0,0.0,0.0,0.0,PLAY_SUPPORTER,0.4,0.0,4,opponent,170
5.0,1.0,1.0,1.0,1.0,6.0,5.0,0.0,3.0,0.0,0.0,0.0,0.0,0.0,0.0,0.0,1.0,PASS_TURN,0.0,0.0,5,opponent,170
6.0,1.0,1.0,1.0,1.0,6.0,5.0,0.0,3.0,0.0,0.0,0.0,1.0,0.0,0.0,0.0,0.0,PLAY_SUPPORTER,0.4,0.0,6,opponent,170
7.0,0.8,1.0,1.0,1.0,6.0,5.0,0.0,2.0,0.0,0.0,0.0,1.0,0.0,0.0,0.0,0.0,PLAY_SUPPORTER,0.4,0.0,7,opponent,170
8.0,0.7,1.0,1.0,1.0,6.0,5.0,0.0,1.0,0.0,0.0,0.0,1.0,0.0,0.0,0.0,0.0,PLAY_SUPPORTER,0.4,0.0,8,opponent,170
9.0,0.3,1.0,1.0,1.0,6.0,5.0,0.0,0.0,0.0,0.0,0.0,0.0,0.0,0.0,0.0,1.0,PASS_TURN,0.0,0.0,9,opponent,170
10.0,0.2,1.0,1.0,1.0,6.0,5.0,0.0,0.0,0.0,1.0,0.0,0.0,0.0,0.0,0.0,0.0,RETREAT,-0.1,0.0,10,opponent,170
11.0,0.5,1.0,1.0,1.0,6.0,5.0,0.0,0.0,0.0,0.0,0.0,0.0,0.0,0.0,0.0,1.0,PASS_TURN,0.0,0.0,11,opponent,170
12.0,0.25,1.0,1.0,1.0,6.0,5.0,0.0,0.0,0.0,1.0,0.0,0.0,0.0,0.0,0.0,0.0,RETREAT,-0.1,0.0,12,opponent,170
13.0,0.25,1.0,0.0,1.0,6.0,4.0,0.0,0.0,0.0,0.0,0.0,0.0,0.0,0.0,0.0,1.0,PASS_TURN,0.0,0.0,13,opponent,170
1.0,1.0,1.0,0.0,2.0,6.0,6.0,2.0,4.0,0.0,0.0,1.0,0.0,0.0,0.0,0.0,0.0,ATTACH_ENERGY,0.3,0.6999999999999997,1,opponent,171
2.0,0.8571428571428571,1.0,0.0,2.0,6.0,6.0,1.0,4.0,0.0,0.0,1.0,0.0,0.0,0.0,0.0,0.0,ATTACH_ENERGY,0.3,0.7000000000000004,2,opponent,171
3.0,0.8571428571428571,1.0,0.0,2.0,6.0,6.0,0.0,4.0,1.0,0.0,0.0,0.0,0.0,0.0,0.0,0.0,ATTACK,0.5,0.10000000000000009,3,opponent,171
4.0,0.7857142857142857,0.9166666666666666,0.0,2.0,6.0,6.0,0.0,4.0,1.0,0.0,0.0,0.0,0.0,0.0,0.0,0.0,ATTACK,0.5,0.10000000000000009,4,opponent,171
5.0,0.5,0.8333333333333334,0.0,2.0,6.0,6.0,0.0,4.0,1.0,0.0,0.0,0.0,0.0,0.0,0.0,0.0,ATTACK,0.5,0.10000000000000009,5,opponent,171
6.0,0.35714285714285715,0.75,0.0,2.0,6.0,6.0,0.0,4.0,0.0,0.0,0.0,1.0,0.0,0.0,0.0,0.0,PLAY_SUPPORTER,0.4,0.0,6,opponent,171
7.0,0.35714285714285715,0.75,0.0,2.0,6.0,6.0,0.0,3.0,1.0,0.0,0.0,0.0,0.0,0.0,0.0,0.0,ATTACK,0.5,0.10000000000000009,7,opponent,171
8.0,0.07142857142857142,0.6666666666666666,0.0,2.0,6.0,6.0,0.0,3.0,0.0,0.0,0.0,1.0,0.0,0.0,0.0,0.0,PLAY_SUPPORTER,0.4,0.0,8,opponent,171
1.0,1.0,1.0,1.0,1.0,6.0,6.0,3.0,4.0,0.0,0.0,1.0,0.0,0.0,0.0,0.0,0.0,ATTACH_ENERGY,0.3,0.7,1,opponent,172
2.0,0.3333333333333333,1.0,1.0,1.0,6.0,6.0,2.0,4.0,0.0,0.0,1.0,0.0,0.0,0.0,0.0,0.0,ATTACH_ENERGY,0.3,0.7000000000000002,2,opponent,172
3.0,1.0,1.0,0.0,1.0,6.0,5.0,1.0,4.0,0.0,0.0,1.0,0.0,0.0,0.0,0.0,0.0,ATTACH_ENERGY,0.3,0.6999999999999997,3,opponent,172
4.0,0.7857142857142857,1.0,0.0,1.0,6.0,5.0,0.0,4.0,1.0,0.0,0.0,0.0,0.0,0.0,0.0,0.0,ATTACK,1.0,0.20000000000000018,4,opponent,172
5.0,0.5,0.7777777777777778,0.0,1.0,6.0,5.0,0.0,4.0,1.0,0.0,0.0,0.0,0.0,0.0,0.0,0.0,ATTACK,1.0,0.19999999999999973,5,opponent,172
6.0,0.42857142857142855,0.5555555555555556,0.0,1.0,6.0,5.0,0.0,4.0,1.0,0.0,0.0,0.0,0.0,0.0,0.0,0.0,ATTACK,1.0,0.20000000000000018,6,opponent,172
7.0,0.35714285714285715,0.3333333333333333,0.0,1.0,6.0,5.0,0.0,4.0,1.0,0.0,0.0,0.0,0.0,0.0,0.0,0.0,ATTACK,1.0,0.20000000000000018,7,opponent,172
8.0,0.07142857142857142,0.1111111111111111,0.0,1.0,6.0,5.0,0.0,4.0,1.0,0.0,0.0,0.0,0.0,0.0,0.0,0.0,ATTACK,6.0,-2.4,8,opponent,172
1.0,1.0,1.0,3.0,2.0,6.0,6.0,1.0,6.0,0.0,0.0,1.0,0.0,0.0,0.0,0.0,0.0,ATTACH_ENERGY,0.3,0.6999999999999997,1,opponent,173
2.0,0.8,1.0,3.0,2.0,6.0,6.0,0.0,6.0,1.0,0.0,0.0,0.0,0.0,0.0,0.0,0.0,ATTACK,1.0,0.19999999999999973,2,opponent,173
3.0,0.5,0.75,3.0,2.0,6.0,6.0,0.0,6.0,1.0,0.0,0.0,0.0,0.0,0.0,0.0,0.0,ATTACK,1.0,0.20000000000000018,3,opponent,173
4.0,0.4,0.5,3.0,2.0,6.0,6.0,0.0,6.0,1.0,0.0,0.0,0.0,0.0,0.0,0.0,0.0,ATTACK,1.0,0.19999999999999973,4,opponent,173
5.0,1.0,0.25,2.0,2.0,6.0,5.0,0.0,6.0,0.0,0.0,0.0,1.0,0.0,0.0,0.0,0.0,PLAY_SUPPORTER,0.4,0.0,5,opponent,173
6.0,0.5555555555555556,0.25,2.0,2.0,6.0,5.0,0.0,5.0,0.0,0.0,0.0,1.0,0.0,0.0,0.0,0.0,PLAY_SUPPORTER,0.4,0.0,6,opponent,173
7.0,0.5555555555555556,0.25,2.0,2.0,6.0,5.0,0.0,4.0,0.0,0.0,0.0,1.0,0.0,0.0,0.0,0.0,PLAY_SUPPORTER,0.4,0.0,7,opponent,173
8.0,0.3333333333333333,0.25,2.0,2.0,6.0,5.0,0.0,3.0,0.0,0.0,0.0,1.0,0.0,0.0,0.0,0.0,PLAY_SUPPORTER,0.4,0.0,8,opponent,173
9.0,1.0,0.25,1.0,2.0,6.0,4.0,0.0,2.0,0.0,0.0,0.0,1.0,0.0,0.0,0.0,0.0,PLAY_SUPPORTER,0.4,0.0,9,opponent,173
10.0,0.42857142857142855,0.25,1.0,2.0,6.0,4.0,0.0,1.0,0.0,0.0,0.0,1.0,0.0,0.0,0.0,0.0,PLAY_SUPPORTER,0.4,0.0,10,opponent,173
11.0,0.14285714285714285,0.25,1.0,2.0,6.0,4.0,0.0,0.0,0.0,1.0,0.0,0.0,0.0,0.0,0.0,0.0,RETREAT,-0.1,0.0,11,opponent,173
12.0,1.0,0.25,1.0,2.0,6.0,4.0,0.0,0.0,0.0,0.0,0.0,0.0,0.0,0.0,0.0,1.0,PASS_TURN,0.0,0.0,12,opponent,173
13.0,1.0,0.25,1.0,2.0,6.0,4.0,0.0,0.0,0.0,0.0,0.0,0.0,0.0,0.0,0.0,1.0,PASS_TURN,0.0,0.0,13,opponent,173
14.0,0.6,0.25,1.0,2.0,6.0,4.0,0.0,0.0,0.0,0.0,0.0,0.0,0.0,0.0,0.0,1.0,PASS_TURN,0.0,0.0,14,opponent,173
15.0,0.6,0.25,1.0,2.0,6.0,4.0,0.0,0.0,0.0,0.0,0.0,0.0,0.0,0.0,0.0,1.0,PASS_TURN,0.0,0.0,15,opponent,173
16.0,0.2,0.25,1.0,2.0,6.0,4.0,0.0,0.0,0.0,1.0,0.0,0.0,0.0,0.0,0.0,0.0,RETREAT,-0.1,0.0,16,opponent,173
17.0,0.2,0.25,0.0,2.0,6.0,3.0,0.0,0.0,0.0,0.0,0.0,0.0,0.0,0.0,0.0,1.0,PASS_TURN,0.0,0.0,17,opponent,173
18.0,0.1,0.25,0.0,2.0,6.0,3.0,0.0,0.0,0.0,0.0,0.0,0.0,0.0,0.0,0.0,1.0,PASS_TURN,0.0,0.0,18,opponent,173
1.0,1.0,1.0,1.0,2.0,6.0,6.0,1.0,3.0,0.0,0.0,1.0,0.0,0.0,0.0,0.0,0.0,ATTACH_ENERGY,0.3,0.7000000000000002,1,opponent,174
2.0,0.5714285714285714,1.0,1.0,2.0,6.0,6.0,0.0,3.0,1.0,0.0,0.0,0.0,0.0,0.0,0.0,0.0,ATTACK,1.5,0.30000000000000027,2,opponent,174
3.0,0.5714285714285714,0.625,1.0,2.0,6.0,6.0,0.0,3.0,1.0,0.0,0.0,0.0,0.0,0.0,0.0,0.0,ATTACK,1.5,0.2999999999999998,3,opponent,174
4.0,0.5714285714285714,0.25,1.0,2.0,6.0,6.0,0.0,3.0,1.0,0.0,0.0,0.0,0.0,0.0,0.0,0.0,ATTACK,6.5,-2.3,4,opponent,174
5.0,0.2857142857142857,1.0,1.0,1.0,5.0,6.0,0.0,3.0,1.0,0.0,0.0,0.0,0.0,0.0,0.0,0.0,ATTACK,1.5,0.2999999999999998,5,opponent,174
6.0,0.14285714285714285,0.7,1.0,1.0,5.0,6.0,0.0,3.0,1.0,0.0,0.0,0.0,0.0,0.0,0.0,0.0,ATTACK,1.5,0.2999999999999998,6,opponent,174
7.0,1.0,0.4,0.0,1.0,5.0,5.0,0.0,3.0,0.0,0.0,0.0,1.0,0.0,0.0,0.0,0.0,PLAY_SUPPORTER,0.4,0.0,7,opponent,174
8.0,0.7777777777777778,0.4,0.0,1.0,5.0,5.0,0.0,2.0,0.0,0.0,0.0,1.0,0.0,0.0,0.0,0.0,PLAY_SUPPORTER,0.4,0.0,8,opponent,174
9.0,0.5555555555555556,0.4,0.0,1.0,5.0,5.0,0.0,1.0,0.0,0.0,0.0,1.0,0.0,0.0,0.0,0.0,PLAY_SUPPORTER,0.4,0.0,9,opponent,174
10.0,0.2222222222222222,0.4,0.0,1.0,5.0,5.0,0.0,0.0,0.0,0.0,0.0,0.0,0.0,0.0,0.0,1.0,PASS_TURN,0.0,0.0,10,opponent,174
11.0,0.1111111111111111,0.4,0.0,1.0,5.0,5.0,0.0,0.0,0.0,0.0,0.0,0.0,0.0,0.0,0.0,1.0,PASS_TURN,0.0,0.0,11,opponent,174
12.0,0.1111111111111111,0.4,0.0,1.0,5.0,5.0,0.0,0.0,0.0,0.0,0.0,0.0,0.0,0.0,0.0,1.0,PASS_TURN,0.0,0.0,12,opponent,174
1.0,1.0,1.0,0.0,1.0,6.0,6.0,1.0,6.0,0.0,0.0,1.0,0.0,0.0,0.0,0.0,0.0,ATTACH_ENERGY,0.3,0.7000000000000001,1,opponent,175
2.0,0.8571428571428571,1.0,0.0,1.0,6.0,6.0,0.0,6.0,1.0,0.0,0.0,0.0,0.0,0.0,0.0,0.0,ATTACK,0.5,0.10000000000000009,2,opponent,175
3.0,0.7857142857142857,0.9285714285714286,0.0,1.0,6.0,6.0,0.0,6.0,1.0,0.0,0.0,0.0,0.0,0.0,0.0,0.0,ATTACK,0.5,0.10000000000000009,3,opponent,175
4.0,0.7142857142857143,0.8571428571428571,0.0,1.0,6.0,6.0,0.0,6.0,0.0,0.0,0.0,1.0,0.0,0.0,0.0,0.0,PLAY_SUPPORTER,0.4,0.0,4,opponent,175
5.0,0.42857142857142855,0.8571428571428571,0.0,1.0,6.0,6.0,0.0,5.0,1.0,0.0,0.0,0.0,0.0,0.0,0.0,0.0,ATTACK,0.5,0.10000000000000009,5,opponent,175
6.0,0.35714285714285715,0.7857142857142857,0.0,1.0,6.0,6.0,0.0,5.0,1.0,0.0,0.0,0.0,0.0,0.0,0.0,0.0,ATTACK,0.5,0.10000000000000009,6,opponent,175
7.0,0.21428571428571427,0.7142857142857143,0.0,1.0,6.0,6.0,0.0,5.0,0.0,0.0,0.0,1.0,0.0,0.0,0.0,0.0,PLAY_SUPPORTER,0.4,0.0,7,opponent,175
8.0,0.14285714285714285,0.7142857142857143,0.0,1.0,6.0,6.0,0.0,4.0,0.0,0.0,0.0,1.0,0.0,0.0,0.0,0.0,PLAY_SUPPORTER,0.4,0.0,8,opponent,175
1.0,1.0,1.0,2.0,3.0,6.0,6.0,1.0,5.0,0.0,0.0,1.0,0.0,0.0,0.0,0.0,0.0,ATTACH_ENERGY,0.3,0.7000000000000002,1,opponent,176
2.0,0.5555555555555556,1.0,2.0,3.0,6.0,6.0,0.0,5.0,1.0,0.0,0.0,0.0,0.0,0.0,0.0,0.0,ATTACK,0.5,0.10000000000000009,2,opponent,176
3.0,0.2222222222222222,0.8888888888888888,2.0,3.0,6.0,6.0,0.0,5.0,0.0,1.0,0.0,0.0,0.0,0.0,0.0,0.0,RETREAT,-0.1,0.0,3,opponent,176
4.0,0.5,0.8888888888888888,2.0,3.0,6.0,6.0,0.0,5.0,0.0,0.0,0.0,1.0,0.0,0.0,0.0,0.0,PLAY_SUPPORTER,0.4,0.0,4,opponent,176
5.0,0.2222222222222222,0.8888888888888888,1.0,3.0,6.0,5.0,0.0,4.0,0.0,1.0,0.0,0.0,0.0,0.0,0.0,0.0,RETREAT,-0.1,0.0,5,opponent,176
6.0,1.0,0.8888888888888888,1.0,3.0,6.0,5.0,0.0,4.0,0.0,0.0,0.0,1.0,0.0,0.0,0.0,0.0,PLAY_SUPPORTER,0.4,0.0,6,opponent,176
7.0,1.0,0.8888888888888888,1.0,3.0,6.0,5.0,0.0,3.0,0.0,0.0,0.0,1.0,0.0,0.0,0.0,0.0,PLAY_SUPPORTER,0.4,0.0,7,opponent,176
8.0,0.8333333333333334,0.8888888888888888,1.0,3.0,6.0,5.0,0.0,2.0,0.0,0.0,0.0,1.0,0.0,0.0,0.0,0.0,PLAY_SUPPORTER,0.4,0.0,8,opponent,176
9.0,0.8333333333333334,0.8888888888888888,1.0,3.0,6.0,5.0,0.0,1.0,0.0,0.0,0.0,1.0,0.0,0.0,0.0,0.0,PLAY_SUPPORTER,0.4,0.0,9,opponent,176
10.0,0.3333333333333333,0.8888888888888888,1.0,3.0,6.0,5.0,0.0,0.0,0.0,0.0,0.0,0.0,0.0,0.0,0.0,1.0,PASS_TURN,0.0,0.0,10,opponent,176
11.0,0.3333333333333333,0.8888888888888888,1.0,3.0,6.0,5.0,0.0,0.0,0.0,0.0,0.0,0.0,0.0,0.0,0.0,1.0,PASS_TURN,0.0,0.0,11,opponent,176
12.0,0.2222222222222222,0.8888888888888888,0.0,3.0,6.0,4.0,0.0,0.0,0.0,0.0,0.0,0.0,0.0,0.0,0.0,1.0,PASS_TURN,0.0,0.0,12,opponent,176
1.0,1.0,1.0,0.0,0.0,6.0,6.0,3.0,5.0,0.0,0.0,1.0,0.0,0.0,0.0,0.0,0.0,ATTACH_ENERGY,0.3,0.7,1,opponent,177
2.0,0.8888888888888888,1.0,0.0,0.0,6.0,6.0,2.0,5.0,1.0,0.0,0.0,0.0,0.0,0.0,0.0,0.0,ATTACK,1.0,0.2,2,opponent,177
3.0,0.7777777777777778,0.8333333333333334,0.0,0.0,6.0,6.0,2.0,5.0,1.0,0.0,0.0,0.0,0.0,0.0,0.0,0.0,ATTACK,1.0,0.19999999999999996,3,opponent,177
4.0,0.7777777777777778,0.6666666666666666,0.0,0.0,6.0,6.0,2.0,5.0,0.0,0.0,0.0,1.0,0.0,0.0,0.0,0.0,PLAY_SUPPORTER,0.4,0.0,4,opponent,177
5.0,0.6666666666666666,0.6666666666666666,0.0,0.0,6.0,6.0,2.0,4.0,1.0,0.0,0.0,0.0,0.0,0.0,0.0,0.0,ATTACK,1.0,0.2,5,opponent,177
6.0,0.5555555555555556,0.5,0.0,0.0,6.0,6.0,2.0,4.0,1.0,0.0,0.0,0.0,0.0,0.0,0.0,0.0,ATTACK,1.0,0.20000000000000004,6,opponent,177
7.0,0.1111111111111111,0.3333333333333333,0.0,0.0,6.0,6.0,2.0,4.0,0.0,0.0,0.0,1.0,0.0,0.0,0.0,0.0,PLAY_SUPPORTER,0.4,0.0,7,opponent,177
1.0,1.0,1.0,0.0,1.0,6.0,6.0,1.0,4.0,0.0,0.0,0.0,0.0,1.0,0.0,0.0,0.0,PLAY_BASIC_TO_BENCH,0.2,1.6,1,opponent,178
2.0,0.8333333333333334,1.0,1.0,1.0,6.0,6.0,1.0,3.0,0.0,1.0,0.0,0.0,0.0,0.0,0.0,0.0,RETREAT,-0.1,0.0,2,opponent,178
3.0,0.7142857142857143,1.0,1.0,1.0,6.0,6.0,1.0,3.0,0.0,0.0,1.0,0.0,0.0,0.0,0.0,0.0,ATTACH_ENERGY,0.3,0.7,3,opponent,178
4.0,0.5714285714285714,1.0,1.0,1.0,6.0,6.0,0.0,3.0,0.0,0.0,0.0,1.0,0.0,0.0,0.0,0.0,PLAY_SUPPORTER,0.4,0.0,4,opponent,178
5.0,0.5714285714285714,1.0,1.0,1.0,6.0,6.0,0.0,2.0,1.0,0.0,0.0,0.0,0.0,0.0,0.0,0.0,ATTACK,1.5,0.3,5,opponent,178
6.0,0.14285714285714285,0.5714285714285714,1.0,1.0,6.0,6.0,0.0,2.0,1.0,0.0,0.0,0.0,0.0,0.0,0.0,0.0,ATTACK,1.5,0.3,6,opponent,178
7.0,0.8333333333333334,0.14285714285714285,0.0,1.0,6.0,5.0,0.0,2.0,0.0,0.0,0.0,0.0,1.0,0.0,0.0,0.0,PLAY_BASIC_TO_BENCH,0.2,1.4,7,opponent,178
8.0,0.6666666666666666,0.14285714285714285,1.0,1.0,6.0,5.0,0.0,1.0,0.0,0.0,0.0,1.0,0.0,0.0,0.0,0.0,PLAY_SUPPORTER,0.4,0.0,8,opponent,178
9.0,1.0,0.14285714285714285,0.0,1.0,6.0,4.0,0.0,0.0,0.0,0.0,0.0,0.0,0.0,0.0,0.0,1.0,PASS_TURN,0.0,0.0,9,opponent,178
10.0,0.6666666666666666,0.14285714285714285,0.0,1.0,6.0,4.0,0.0,0.0,0.0,0.0,0.0,0.0,0.0,0.0,0.0,1.0,PASS_TURN,0.0,0.0,10,opponent,178
11.0,0.2222222222222222,0.14285714285714285,0.0,1.0,6.0,4.0,0.0,0.0,0.0,0.0,0.0,0.0,0.0,0.0,0.0,1.0,PASS_TURN,0.0,0.0,11,opponent,178
1.0,1.0,1.0,2.0,1.0,6.0,6.0,0.0,7.0,0.0,0.0,0.0,1.0,0.0,0.0,0.0,0.0,PLAY_SUPPORTER,0.4,0.0,1,opponent,179
2.0,1.0,1.0,2.0,1.0,6.0,6.0,0.0,6.0,0.0,0.0,0.0,1.0,0.0,0.0,0.0,0.0,PLAY_SUPPORTER,0.4,0.0,2,opponent,179
3.0,0.7142857142857143,1.0,2.0,1.0,6.0,6.0,0.0,5.0,0.0,0.0,0.0,1.0,0.0,0.0,0.0,0.0,PLAY_SUPPORTER,0.4,0.0,3,opponent,179
4.0,0.42857142857142855,1.0,2.0,1.0,6.0,6.0,0.0,4.0,0.0,0.0,0.0,1.0,0.0,0.0,0.0,0.0,PLAY_SUPPORTER,0.4,0.0,4,opponent,179
5.0,1.0,1.0,1.0,1.0,6.0,5.0,0.0,3.0,0.0,0.0,0.0,1.0,0.0,0.0,0.0,0.0,PLAY_SUPPORTER,0.4,0.0,5,opponent,179
6.0,0.8571428571428571,1.0,1.0,1.0,6.0,5.0,0.0,2.0,0.0,0.0,0.0,1.0,0.0,0.0,0.0,0.0,PLAY_SUPPORTER,0.4,0.0,6,opponent,179
7.0,0.2857142857142857,1.0,1.0,1.0,6.0,5.0,0.0,1.0,0.0,1.0,0.0,0.0,0.0,0.0,0.0,0.0,RETREAT,-0.1,0.0,7,opponent,179
8.0,0.75,1.0,1.0,1.0,6.0,5.0,0.0,1.0,0.0,0.0,0.0,1.0,0.0,0.0,0.0,0.0,PLAY_SUPPORTER,0.4,0.0,8,opponent,179
9.0,0.5,1.0,1.0,1.0,6.0,5.0,0.0,0.0,0.0,0.0,0.0,0.0,0.0,0.0,0.0,1.0,PASS_TURN,0.0,0.0,9,opponent,179
10.0,0.25,1.0,1.0,1.0,6.0,5.0,0.0,0.0,0.0,1.0,0.0,0.0,0.0,0.0,0.0,0.0,RETREAT,-0.1,0.0,10,opponent,179
11.0,0.25,1.0,0.0,1.0,6.0,4.0,0.0,0.0,0.0,0.0,0.0,0.0,0.0,0.0,0.0,1.0,PASS_TURN,0.0,0.0,11,opponent,179
1.0,1.0,1.0,0.0,0.0,6.0,6.0,0.0,5.0,0.0,0.0,0.0,0.0,1.0,0.0,0.0,0.0,PLAY_BASIC_TO_BENCH,0.2,2.3,1,opponent,180
2.0,1.0,1.0,1.0,0.0,6.0,6.0,0.0,4.0,0.0,0.0,0.0,1.0,0.0,0.0,0.0,0.0,PLAY_SUPPORTER,0.4,0.0,2,opponent,180
3.0,0.5,1.0,1.0,0.0,6.0,6.0,0.0,3.0,0.0,0.0,0.0,1.0,0.0,0.0,0.0,0.0,PLAY_SUPPORTER,0.4,0.0,3,opponent,180
4.0,0.25,1.0,1.0,0.0,6.0,6.0,0.0,2.0,0.0,0.0,0.0,1.0,0.0,0.0,0.0,0.0,PLAY_SUPPORTER,0.4,0.0,4,opponent,180
5.0,1.0,1.0,0.0,0.0,6.0,5.0,0.0,1.0,0.0,0.0,0.0,1.0,0.0,0.0,0.0,0.0,PLAY_SUPPORTER,0.4,0.0,5,opponent,180
6.0,1.0,1.0,0.0,0.0,6.0,5.0,0.0,0.0,0.0,0.0,0.0,0.0,0.0,0.0,0.0,1.0,PASS_TURN,0.0,0.0,6,opponent,180
7.0,0.7857142857142857,1.0,0.0,0.0,6.0,5.0,0.0,0.0,0.0,0.0,0.0,0.0,0.0,0.0,0.0,1.0,PASS_TURN,0.0,0.0,7,opponent,180
8.0,0.7142857142857143,1.0,0.0,0.0,6.0,5.0,0.0,0.0,0.0,0.0,0.0,0.0,0.0,0.0,0.0,1.0,PASS_TURN,0.0,0.0,8,opponent,180
9.0,0.5714285714285714,1.0,0.0,0.0,6.0,5.0,0.0,0.0,0.0,0.0,0.0,0.0,0.0,0.0,0.0,1.0,PASS_TURN,0.0,0.0,9,opponent,180
10.0,0.42857142857142855,1.0,0.0,0.0,6.0,5.0,0.0,0.0,0.0,0.0,0.0,0.0,0.0,0.0,0.0,1.0,PASS_TURN,0.0,0.0,10,opponent,180
11.0,0.2857142857142857,1.0,0.0,0.0,6.0,5.0,0.0,0.0,0.0,0.0,0.0,0.0,0.0,0.0,0.0,1.0,PASS_TURN,0.0,0.0,11,opponent,180
12.0,0.07142857142857142,1.0,0.0,0.0,6.0,5.0,0.0,0.0,0.0,0.0,0.0,0.0,0.0,0.0,0.0,1.0,PASS_TURN,0.0,0.0,12,opponent,180
1.0,1.0,1.0,1.0,2.0,6.0,6.0,1.0,5.0,0.0,1.0,0.0,0.0,0.0,0.0,0.0,0.0,RETREAT,-0.1,0.0,1,opponent,181
2.0,0.8333333333333334,1.0,1.0,2.0,6.0,6.0,1.0,5.0,0.0,0.0,1.0,0.0,0.0,0.0,0.0,0.0,ATTACH_ENERGY,0.3,0.7000000000000001,2,opponent,181
3.0,0.5833333333333334,1.0,1.0,2.0,6.0,6.0,0.0,5.0,1.0,0.0,0.0,0.0,0.0,0.0,0.0,0.0,ATTACK,1.0,0.19999999999999996,3,opponent,181
4.0,0.4166666666666667,0.6666666666666666,1.0,2.0,6.0,6.0,0.0,5.0,0.0,0.0,0.0,0.0,1.0,0.0,0.0,0.0,PLAY_BASIC_TO_BENCH,0.2,1.5,4,opponent,181
5.0,0.25,0.6666666666666666,2.0,2.0,6.0,6.0,0.0,4.0,0.0,0.0,0.0,0.0,1.0,0.0,0.0,0.0,PLAY_BASIC_TO_BENCH,0.2,1.4000000000000001,5,opponent,181
6.0,0.25,0.6666666666666666,3.0,2.0,6.0,6.0,0.0,3.0,0.0,1.0,0.0,0.0,0.0,0.0,0.0,0.0,RETREAT,-0.1,0.0,6,opponent,181
7.0,1.0,0.6666666666666666,3.0,2.0,6.0,6.0,0.0,3.0,0.0,0.0,0.0,1.0,0.0,0.0,0.0,0.0,PLAY_SUPPORTER,0.4,0.0,7,opponent,181
8.0,1.0,0.6666666666666666,3.0,2.0,6.0,6.0,0.0,2.0,0.0,0.0,0.0,1.0,0.0,0.0,0.0,0.0,PLAY_SUPPORTER,0.4,0.0,8,opponent,181
9.0,0.5555555555555556,0.6666666666666666,3.0,2.0,6.0,6.0,0.0,1.0,0.0,0.0,0.0,1.0,0.0,0.0,0.0,0.0,PLAY_SUPPORTER,0.4,0.0,9,opponent,181
10.0,0.2222222222222222,0.6666666666666666,3.0,2.0,6.0,6.0,0.0,0.0,0.0,1.0,0.0,0.0,0.0,0.0,0.0,0.0,RETREAT,-0.1,0.0,10,opponent,181
11.0,0.2222222222222222,0.6666666666666666,2.0,2.0,6.0,5.0,0.0,0.0,0.0,1.0,0.0,0.0,0.0,0.0,0.0,0.0,RETREAT,-0.1,0.0,11,opponent,181
12.0,0.8333333333333334,0.6666666666666666,2.0,2.0,6.0,5.0,0.0,0.0,0.0,0.0,0.0,0.0,0.0,0.0,0.0,1.0,PASS_TURN,0.0,0.0,12,opponent,181
13.0,0.16666666666666666,0.6666666666666666,2.0,2.0,6.0,5.0,0.0,0.0,0.0,1.0,0.0,0.0,0.0,0.0,0.0,0.0,RETREAT,-0.1,0.0,13,opponent,181
14.0,0.16666666666666666,0.6666666666666666,1.0,2.0,6.0,4.0,0.0,0.0,0.0,1.0,0.0,0.0,0.0,0.0,0.0,0.0,RETREAT,-0.1,0.0,14,opponent,181
15.0,0.5555555555555556,0.6666666666666666,1.0,2.0,6.0,4.0,0.0,0.0,0.0,0.0,0.0,0.0,0.0,0.0,0.0,1.0,PASS_TURN,0.0,0.0,15,opponent,181
16.0,0.1111111111111111,0.6666666666666666,1.0,2.0,6.0,4.0,0.0,0.0,0.0,1.0,0.0,0.0,0.0,0.0,0.0,0.0,RETREAT,-0.1,0.0,16,opponent,181
17.0,0.16666666666666666,0.6666666666666666,1.0,2.0,6.0,4.0,0.0,0.0,0.0,1.0,0.0,0.0,0.0,0.0,0.0,0.0,RETREAT,-0.1,0.0,17,opponent,181
18.0,0.16666666666666666,0.6666666666666666,0.0,2.0,6.0,3.0,0.0,0.0,0.0,0.0,0.0,0.0,0.0,0.0,0.0,1.0,PASS_TURN,0.0,0.0,18,opponent,181
1.0,1.0,1.0,3.0,1.0,6.0,6.0,0.0,5.0,0.0,0.0,0.0,1.0,0.0,0.0,0.0,0.0,PLAY_SUPPORTER,0.4,0.0,1,opponent,182
2.0,1.0,1.0,3.0,1.0,6.0,6.0,0.0,4.0,0.0,1.0,0.0,0.0,0.0,0.0,0.0,0.0,RETREAT,-0.1,0.0,2,opponent,182
3.0,0.625,1.0,3.0,1.0,6.0,6.0,0.0,4.0,0.0,0.0,0.0,1.0,0.0,0.0,0.0,0.0,PLAY_SUPPORTER,0.4,0.0,3,opponent,182
4.0,0.375,1.0,3.0,1.0,6.0,6.0,0.0,3.0,0.0,0.0,0.0,1.0,0.0,0.0,0.0,0.0,PLAY_SUPPORTER,0.4,0.0,4,opponent,182
5.0,1.0,1.0,2.0,1.0,6.0,5.0,0.0,2.0,0.0,0.0,0.0,1.0,0.0,0.0,0.0,0.0,PLAY_SUPPORTER,0.4,0.0,5,opponent,182
6.0,0.75,1.0,2.0,1.0,6.0,5.0,0.0,1.0,0.0,0.0,0.0,1.0,0.0,0.0,0.0,0.0,PLAY_SUPPORTER,0.4,0.0,6,opponent,182
7.0,0.75,1.0,2.0,1.0,6.0,5.0,0.0,0.0,0.0,0.0,0.0,0.0,0.0,0.0,0.0,1.0,PASS_TURN,0.0,0.0,7,opponent,182
8.0,0.25,1.0,2.0,1.0,6.0,5.0,0.0,0.0,0.0,1.0,0.0,0.0,0.0,0.0,0.0,0.0,RETREAT,-0.1,0.0,8,opponent,182
9.0,0.8333333333333334,1.0,2.0,1.0,6.0,5.0,0.0,0.0,0.0,1.0,0.0,0.0,0.0,0.0,0.0,0.0,RETREAT,-0.1,0.0,9,opponent,182
10.0,0.75,1.0,2.0,1.0,6.0,5.0,0.0,0.0,0.0,0.0,0.0,0.0,0.0,0.0,0.0,1.0,PASS_TURN,0.0,0.0,10,opponent,182
11.0,0.75,1.0,2.0,1.0,6.0,5.0,0.0,0.0,0.0,0.0,0.0,0.0,0.0,0.0,0.0,1.0,PASS_TURN,0.0,0.0,11,opponent,182
12.0,0.375,1.0,2.0,1.0,6.0,5.0,0.0,0.0,0.0,0.0,0.0,0.0,0.0,0.0,0.0,1.0,PASS_TURN,0.0,0.0,12,opponent,182
13.0,0.125,1.0,2.0,1.0,6.0,5.0,0.0,0.0,0.0,1.0,0.0,0.0,0.0,0.0,0.0,0.0,RETREAT,-0.1,0.0,13,opponent,182
14.0,0.125,1.0,1.0,1.0,6.0,4.0,0.0,0.0,0.0,1.0,0.0,0.0,0.0,0.0,0.0,0.0,RETREAT,-0.1,0.0,14,opponent,182
15.0,0.75,1.0,1.0,1.0,6.0,4.0,0.0,0.0,0.0,0.0,0.0,0.0,0.0,0.0,0.0,1.0,PASS_TURN,0.0,0.0,15,opponent,182
16.0,0.6666666666666666,1.0,1.0,1.0,6.0,4.0,0.0,0.0,0.0,0.0,0.0,0.0,0.0,0.0,0.0,1.0,PASS_TURN,0.0,0.0,16,opponent,182
17.0,0.3333333333333333,1.0,1.0,1.0,6.0,4.0,0.0,0.0,0.0,0.0,0.0,0.0,0.0,0.0,0.0,1.0,PASS_TURN,0.0,0.0,17,opponent,182
18.0,0.16666666666666666,1.0,1.0,1.0,6.0,4.0,0.0,0.0,0.0,1.0,0.0,0.0,0.0,0.0,0.0,0.0,RETREAT,-0.1,0.0,18,opponent,182
19.0,0.16666666666666666,1.0,0.0,1.0,6.0,3.0,0.0,0.0,0.0,0.0,0.0,0.0,0.0,0.0,0.0,1.0,PASS_TURN,0.0,0.0,19,opponent,182
20.0,0.08333333333333333,1.0,0.0,1.0,6.0,3.0,0.0,0.0,0.0,0.0,0.0,0.0,0.0,0.0,0.0,1.0,PASS_TURN,0.0,0.0,20,opponent,182
1.0,1.0,1.0,0.0,2.0,6.0,6.0,0.0,5.0,0.0,0.0,0.0,1.0,0.0,0.0,0.0,0.0,PLAY_SUPPORTER,0.4,0.0,1,opponent,183
2.0,0.6666666666666666,1.0,0.0,2.0,6.0,6.0,0.0,4.0,0.0,0.0,0.0,0.0,0.0,0.0,0.0,1.0,PASS_TURN,0.0,0.0,2,opponent,183
3.0,0.2222222222222222,1.0,0.0,2.0,6.0,6.0,0.0,4.0,0.0,0.0,0.0,1.0,0.0,0.0,0.0,0.0,PLAY_SUPPORTER,0.4,0.0,3,opponent,183
4.0,0.1111111111111111,1.0,0.0,2.0,6.0,6.0,0.0,3.0,0.0,0.0,0.0,1.0,0.0,0.0,0.0,0.0,PLAY_SUPPORTER,0.4,0.0,4,opponent,183
1.0,1.0,1.0,2.0,3.0,6.0,6.0,2.0,5.0,0.0,0.0,0.0,1.0,0.0,0.0,0.0,0.0,PLAY_SUPPORTER,0.4,0.0,1,opponent,184
2.0,0.5714285714285714,1.0,2.0,3.0,6.0,6.0,2.0,4.0,0.0,0.0,1.0,0.0,0.0,0.0,0.0,0.0,ATTACH_ENERGY,0.3,0.7000000000000002,2,opponent,184
3.0,0.14285714285714285,1.0,2.0,3.0,6.0,6.0,1.0,4.0,1.0,0.0,0.0,0.0,0.0,0.0,0.0,0.0,ATTACK,1.5,0.30000000000000004,3,opponent,184
4.0,1.0,0.625,1.0,3.0,6.0,5.0,1.0,4.0,0.0,0.0,0.0,1.0,0.0,0.0,0.0,0.0,PLAY_SUPPORTER,0.4,0.0,4,opponent,184
5.0,1.0,0.625,1.0,3.0,6.0,5.0,1.0,3.0,0.0,0.0,0.0,1.0,0.0,0.0,0.0,0.0,PLAY_SUPPORTER,0.4,0.0,5,opponent,184
6.0,0.9285714285714286,0.625,1.0,3.0,6.0,5.0,1.0,2.0,0.0,0.0,0.0,1.0,0.0,0.0,0.0,0.0,PLAY_SUPPORTER,0.4,0.0,6,opponent,184
7.0,0.9285714285714286,0.625,1.0,3.0,6.0,5.0,1.0,1.0,0.0,0.0,0.0,0.0,0.0,0.0,0.0,1.0,PASS_TURN,0.0,0.0,7,opponent,184
8.0,0.6428571428571429,0.625,1.0,3.0,6.0,5.0,1.0,1.0,0.0,1.0,0.0,0.0,0.0,0.0,0.0,0.0,RETREAT,-0.1,0.0,8,opponent,184
9.0,0.75,0.625,1.0,3.0,6.0,5.0,1.0,1.0,0.0,0.0,0.0,0.0,0.0,0.0,0.0,1.0,PASS_TURN,0.0,0.0,9,opponent,184
10.0,0.25,0.625,1.0,3.0,6.0,5.0,1.0,1.0,0.0,1.0,0.0,0.0,0.0,0.0,0.0,0.0,RETREAT,-0.1,0.0,10,opponent,184
11.0,0.6428571428571429,0.625,1.0,3.0,6.0,5.0,1.0,1.0,0.0,0.0,0.0,1.0,0.0,0.0,0.0,0.0,PLAY_SUPPORTER,0.4,0.0,11,opponent,184
12.0,0.5714285714285714,0.625,1.0,3.0,6.0,5.0,1.0,0.0,0.0,0.0,1.0,0.0,0.0,0.0,0.0,0.0,ATTACH_ENERGY,0.3,0.3,12,opponent,184
13.0,0.35714285714285715,0.625,1.0,3.0,6.0,5.0,0.0,0.0,1.0,0.0,0.0,0.0,0.0,0.0,0.0,0.0,ATTACK,1.0,0.19999999999999973,13,opponent,184
14.0,0.21428571428571427,0.375,1.0,3.0,6.0,5.0,0.0,0.0,0.0,1.0,0.0,0.0,0.0,0.0,0.0,0.0,RETREAT,-0.1,0.0,14,opponent,184
15.0,0.21428571428571427,0.375,0.0,3.0,6.0,4.0,0.0,0.0,1.0,0.0,0.0,0.0,0.0,0.0,0.0,0.0,ATTACK,1.0,0.20000000000000018,15,opponent,184
16.0,0.07142857142857142,0.125,0.0,3.0,6.0,4.0,0.0,0.0,1.0,0.0,0.0,0.0,0.0,0.0,0.0,0.0,ATTACK,6.0,-2.4,16,opponent,184
1.0,1.0,1.0,1.0,2.0,6.0,6.0,1.0,3.0,0.0,0.0,1.0,0.0,0.0,0.0,0.0,0.0,ATTACH_ENERGY,0.3,0.7000000000000001,1,opponent,185
2.0,0.75,1.0,1.0,2.0,6.0,6.0,0.0,3.0,1.0,0.0,0.0,0.0,0.0,0.0,0.0,0.0,ATTACK,1.5,0.2999999999999998,2,opponent,185
3.0,0.25,0.6666666666666666,1.0,2.0,6.0,6.0,0.0,3.0,1.0,0.0,0.0,0.0,0.0,0.0,0.0,0.0,ATTACK,1.5,0.30000000000000004,3,opponent,185
4.0,1.0,0.3333333333333333,0.0,2.0,6.0,5.0,0.0,3.0,0.0,0.0,0.0,0.0,0.0,0.0,0.0,1.0,PASS_TURN,0.0,0.0,4,opponent,185
5.0,0.8333333333333334,0.3333333333333333,0.0,2.0,6.0,5.0,0.0,3.0,0.0,0.0,0.0,1.0,0.0,0.0,0.0,0.0,PLAY_SUPPORTER,0.4,0.0,5,opponent,185
6.0,0.75,0.3333333333333333,0.0,2.0,6.0,5.0,0.0,2.0,0.0,0.0,0.0,1.0,0.0,0.0,0.0,0.0,PLAY_SUPPORTER,0.4,0.0,6,opponent,185
7.0,0.6666666666666666,0.3333333333333333,0.0,2.0,6.0,5.0,0.0,1.0,0.0,0.0,0.0,1.0,0.0,0.0,0.0,0.0,PLAY_SUPPORTER,0.4,0.0,7,opponent,185
8.0,0.3333333333333333,0.3333333333333333,0.0,2.0,6.0,5.0,0.0,0.0,0.0,0.0,0.0,0.0,0.0,0.0,0.0,1.0,PASS_TURN,0.0,0.0,8,opponent,185
9.0,0.3333333333333333,0.3333333333333333,0.0,2.0,6.0,5.0,0.0,0.0,0.0,0.0,0.0,0.0,0.0,0.0,0.0,1.0,PASS_TURN,0.0,0.0,9,opponent,185
10.0,0.3333333333333333,0.3333333333333333,0.0,2.0,6.0,5.0,0.0,0.0,0.0,0.0,0.0,0.0,0.0,0.0,0.0,1.0,PASS_TURN,0.0,0.0,10,opponent,185
11.0,0.08333333333333333,0.3333333333333333,0.0,2.0,6.0,5.0,0.0,0.0,0.0,0.0,0.0,0.0,0.0,0.0,0.0,1.0,PASS_TURN,0.0,0.0,11,opponent,185
1.0,1.0,1.0,2.0,3.0,6.0,6.0,0.0,6.0,0.0,0.0,0.0,1.0,0.0,0.0,0.0,0.0,PLAY_SUPPORTER,0.4,0.0,1,opponent,186
2.0,0.8333333333333334,1.0,2.0,3.0,6.0,6.0,0.0,5.0,0.0,0.0,0.0,1.0,0.0,0.0,0.0,0.0,PLAY_SUPPORTER,0.4,0.0,2,opponent,186
3.0,0.75,1.0,2.0,3.0,6.0,6.0,0.0,4.0,0.0,0.0,0.0,1.0,0.0,0.0,0.0,0.0,PLAY_SUPPORTER,0.4,0.0,3,opponent,186
4.0,0.5833333333333334,1.0,2.0,3.0,6.0,6.0,0.0,3.0,0.0,0.0,0.0,1.0,0.0,0.0,0.0,0.0,PLAY_SUPPORTER,0.4,0.0,4,opponent,186
5.0,0.5,1.0,2.0,3.0,6.0,6.0,0.0,2.0,0.0,0.0,0.0,0.0,0.0,0.0,0.0,1.0,PASS_TURN,0.0,0.0,5,opponent,186
6.0,0.5,1.0,2.0,3.0,6.0,6.0,0.0,2.0,0.0,0.0,0.0,1.0,0.0,0.0,0.0,0.0,PLAY_SUPPORTER,0.4,0.0,6,opponent,186
7.0,0.3333333333333333,1.0,2.0,3.0,6.0,6.0,0.0,1.0,0.0,0.0,0.0,0.0,1.0,0.0,0.0,0.0,PLAY_BASIC_TO_BENCH,0.2,1.9000000000000001,7,opponent,186
8.0,0.16666666666666666,1.0,3.0,3.0,6.0,6.0,0.0,0.0,0.0,1.0,0.0,0.0,0.0,0.0,0.0,0.0,RETREAT,-0.1,0.0,8,opponent,186
9.0,0.6666666666666666,1.0,3.0,3.0,6.0,6.0,0.0,0.0,0.0,0.0,0.0,0.0,0.0,0.0,0.0,1.0,PASS_TURN,0.0,0.0,9,opponent,186
10.0,0.4444444444444444,1.0,3.0,3.0,6.0,6.0,0.0,0.0,0.0,0.0,0.0,0.0,0.0,0.0,0.0,1.0,PASS_TURN,0.0,0.0,10,opponent,186
11.0,0.3333333333333333,1.0,3.0,3.0,6.0,6.0,0.0,0.0,0.0,0.0,0.0,0.0,0.0,0.0,0.0,1.0,PASS_TURN,0.0,0.0,11,opponent,186
12.0,0.16666666666666666,1.0,2.0,3.0,6.0,5.0,0.0,0.0,0.0,1.0,0.0,0.0,0.0,0.0,0.0,0.0,RETREAT,-0.1,0.0,12,opponent,186
13.0,0.9285714285714286,1.0,2.0,3.0,6.0,5.0,0.0,0.0,0.0,0.0,0.0,0.0,0.0,0.0,0.0,1.0,PASS_TURN,0.0,0.0,13,opponent,186
14.0,0.7142857142857143,1.0,2.0,3.0,6.0,5.0,0.0,0.0,0.0,0.0,0.0,0.0,0.0,0.0,0.0,1.0,PASS_TURN,0.0,0.0,14,opponent,186
15.0,0.6428571428571429,1.0,2.0,3.0,6.0,5.0,0.0,0.0,0.0,0.0,0.0,0.0,0.0,0.0,0.0,1.0,PASS_TURN,0.0,0.0,15,opponent,186
16.0,0.42857142857142855,1.0,2.0,3.0,6.0,5.0,0.0,0.0,0.0,0.0,0.0,0.0,0.0,0.0,0.0,1.0,PASS_TURN,0.0,0.0,16,opponent,186
17.0,0.42857142857142855,1.0,2.0,3.0,6.0,5.0,0.0,0.0,0.0,0.0,0.0,0.0,0.0,0.0,0.0,1.0,PASS_TURN,0.0,0.0,17,opponent,186
18.0,0.2857142857142857,1.0,2.0,3.0,6.0,5.0,0.0,0.0,0.0,1.0,0.0,0.0,0.0,0.0,0.0,0.0,RETREAT,-0.1,0.0,18,opponent,186
19.0,0.7142857142857143,1.0,2.0,3.0,6.0,5.0,0.0,0.0,0.0,0.0,0.0,0.0,0.0,0.0,0.0,1.0,PASS_TURN,0.0,0.0,19,opponent,186
20.0,0.2857142857142857,1.0,2.0,3.0,6.0,5.0,0.0,0.0,0.0,1.0,0.0,0.0,0.0,0.0,0.0,0.0,RETREAT,-0.1,0.0,20,opponent,186
21.0,0.07142857142857142,1.0,2.0,3.0,6.0,5.0,0.0,0.0,0.0,1.0,0.0,0.0,0.0,0.0,0.0,0.0,RETREAT,-0.1,0.0,21,opponent,186
22.0,0.2857142857142857,1.0,2.0,3.0,6.0,5.0,0.0,0.0,0.0,0.0,0.0,0.0,0.0,0.0,0.0,1.0,PASS_TURN,0.0,0.0,22,opponent,186
23.0,0.07142857142857142,1.0,1.0,3.0,6.0,4.0,0.0,0.0,0.0,1.0,0.0,0.0,0.0,0.0,0.0,0.0,RETREAT,-0.1,0.0,23,opponent,186
24.0,0.07142857142857142,1.0,0.0,3.0,6.0,3.0,0.0,0.0,0.0,0.0,0.0,0.0,0.0,0.0,0.0,1.0,PASS_TURN,0.0,0.0,24,opponent,186
1.0,1.0,1.0,3.0,3.0,6.0,6.0,2.0,7.0,0.0,0.0,1.0,0.0,0.0,0.0,0.0,0.0,ATTACH_ENERGY,0.3,0.7,1,opponent,187
2.0,0.6,1.0,3.0,3.0,6.0,6.0,1.0,7.0,0.0,0.0,1.0,0.0,0.0,0.0,0.0,0.0,ATTACH_ENERGY,0.3,0.7000000000000002,2,opponent,187
3.0,0.3,1.0,3.0,3.0,6.0,6.0,0.0,7.0,0.0,0.0,0.0,1.0,0.0,0.0,0.0,0.0,PLAY_SUPPORTER,0.4,0.0,3,opponent,187
4.0,0.3,1.0,3.0,3.0,6.0,6.0,0.0,6.0,0.0,0.0,0.0,1.0,0.0,0.0,0.0,0.0,PLAY_SUPPORTER,0.4,0.0,4,opponent,187
5.0,0.2,1.0,3.0,3.0,6.0,6.0,0.0,5.0,0.0,1.0,0.0,0.0,0.0,0.0,0.0,0.0,RETREAT,-0.1,0.0,5,opponent,187
6.0,0.3333333333333333,1.0,3.0,3.0,6.0,6.0,0.0,5.0,0.0,0.0,0.0,1.0,0.0,0.0,0.0,0.0,PLAY_SUPPORTER,0.4,0.0,6,opponent,187
7.0,0.16666666666666666,1.0,3.0,3.0,6.0,6.0,0.0,4.0,0.0,0.0,0.0,1.0,0.0,0.0,0.0,0.0,PLAY_SUPPORTER,0.4,0.0,7,opponent,187
8.0,0.2,1.0,2.0,3.0,6.0,5.0,0.0,3.0,0.0,1.0,0.0,0.0,0.0,0.0,0.0,0.0,RETREAT,-0.1,0.0,8,opponent,187
9.0,0.6,1.0,2.0,3.0,6.0,5.0,0.0,3.0,0.0,0.0,0.0,1.0,0.0,0.0,0.0,0.0,PLAY_SUPPORTER,0.4,0.0,9,opponent,187
10.0,0.5,1.0,2.0,3.0,6.0,5.0,0.0,2.0,0.0,0.0,0.0,1.0,0.0,0.0,0.0,0.0,PLAY_SUPPORTER,0.4,0.0,10,opponent,187
11.0,0.1,1.0,2.0,3.0,6.0,5.0,0.0,1.0,0.0,1.0,0.0,0.0,0.0,0.0,0.0,0.0,RETREAT,-0.1,0.0,11,opponent,187
12.0,0.1,1.0,2.0,3.0,6.0,5.0,0.0,1.0,0.0,1.0,0.0,0.0,0.0,0.0,0.0,0.0,RETREAT,-0.1,0.0,12,opponent,187
13.0,0.1,1.0,1.0,3.0,6.0,4.0,0.0,1.0,0.0,0.0,0.0,0.0,1.0,0.0,0.0,0.0,PLAY_BASIC_TO_BENCH,0.2,1.4999999999999996,13,opponent,187
14.0,0.1,1.0,2.0,3.0,6.0,4.0,0.0,0.0,0.0,0.0,0.0,0.0,0.0,0.0,0.0,1.0,PASS_TURN,0.0,0.0,14,opponent,187
15.0,1.0,1.0,1.0,3.0,6.0,3.0,0.0,0.0,0.0,0.0,0.0,0.0,0.0,0.0,0.0,1.0,PASS_TURN,0.0,0.0,15,opponent,187
16.0,0.7142857142857143,1.0,1.0,3.0,6.0,3.0,0.0,0.0,0.0,0.0,0.0,0.0,0.0,0.0,0.0,1.0,PASS_TURN,0.0,0.0,16,opponent,187
17.0,0.6428571428571429,1.0,1.0,3.0,6.0,3.0,0.0,0.0,0.0,0.0,0.0,0.0,0.0,0.0,0.0,1.0,PASS_TURN,0.0,0.0,17,opponent,187
18.0,0.42857142857142855,1.0,1.0,3.0,6.0,3.0,0.0,0.0,0.0,0.0,0.0,0.0,0.0,0.0,0.0,1.0,PASS_TURN,0.0,0.0,18,opponent,187
19.0,0.35714285714285715,1.0,1.0,3.0,6.0,3.0,0.0,0.0,0.0,0.0,0.0,0.0,0.0,0.0,0.0,1.0,PASS_TURN,0.0,0.0,19,opponent,187
20.0,0.2857142857142857,1.0,1.0,3.0,6.0,3.0,0.0,0.0,0.0,1.0,0.0,0.0,0.0,0.0,0.0,0.0,RETREAT,-0.1,0.0,20,opponent,187
21.0,0.6,1.0,1.0,3.0,6.0,3.0,0.0,0.0,0.0,0.0,0.0,0.0,0.0,0.0,0.0,1.0,PASS_TURN,0.0,0.0,21,opponent,187
22.0,0.4,1.0,1.0,3.0,6.0,3.0,0.0,0.0,0.0,0.0,0.0,0.0,0.0,0.0,0.0,1.0,PASS_TURN,0.0,0.0,22,opponent,187
23.0,0.2857142857142857,1.0,0.0,3.0,6.0,2.0,0.0,0.0,0.0,0.0,0.0,0.0,0.0,0.0,0.0,1.0,PASS_TURN,0.0,0.0,23,opponent,187
24.0,0.14285714285714285,1.0,0.0,3.0,6.0,2.0,0.0,0.0,0.0,0.0,0.0,0.0,0.0,0.0,0.0,1.0,PASS_TURN,0.0,0.0,24,opponent,187
1.0,1.0,1.0,3.0,1.0,6.0,6.0,0.0,2.0,0.0,0.0,0.0,1.0,0.0,0.0,0.0,0.0,PLAY_SUPPORTER,0.4,0.0,1,opponent,188
2.0,0.8333333333333334,1.0,3.0,1.0,6.0,6.0,0.0,1.0,0.0,0.0,0.0,1.0,0.0,0.0,0.0,0.0,PLAY_SUPPORTER,0.4,0.0,2,opponent,188
3.0,0.5,1.0,3.0,1.0,6.0,6.0,0.0,0.0,0.0,0.0,0.0,0.0,0.0,0.0,0.0,1.0,PASS_TURN,0.0,0.0,3,opponent,188
4.0,0.5,1.0,3.0,1.0,6.0,6.0,0.0,0.0,0.0,0.0,0.0,0.0,0.0,0.0,0.0,1.0,PASS_TURN,0.0,0.0,4,opponent,188
5.0,1.0,1.0,2.0,1.0,6.0,5.0,0.0,0.0,0.0,1.0,0.0,0.0,0.0,0.0,0.0,0.0,RETREAT,-0.1,0.0,5,opponent,188
6.0,0.5,1.0,2.0,1.0,6.0,5.0,0.0,0.0,0.0,1.0,0.0,0.0,0.0,0.0,0.0,0.0,RETREAT,-0.1,0.0,6,opponent,188
7.0,1.0,1.0,2.0,1.0,6.0,5.0,0.0,0.0,0.0,0.0,0.0,0.0,0.0,0.0,0.0,1.0,PASS_TURN,0.0,0.0,7,opponent,188
8.0,0.8333333333333334,1.0,2.0,1.0,6.0,5.0,0.0,0.0,0.0,0.0,0.0,0.0,0.0,0.0,0.0,1.0,PASS_TURN,0.0,0.0,8,opponent,188
9.0,0.6666666666666666,1.0,2.0,1.0,6.0,5.0,0.0,0.0,0.0,0.0,0.0,0.0,0.0,0.0,0.0,1.0,PASS_TURN,0.0,0.0,9,opponent,188
10.0,0.4166666666666667,1.0,2.0,1.0,6.0,5.0,0.0,0.0,0.0,0.0,0.0,0.0,0.0,0.0,0.0,1.0,PASS_TURN,0.0,0.0,10,opponent,188
11.0,0.4166666666666667,1.0,2.0,1.0,6.0,5.0,0.0,0.0,0.0,0.0,0.0,0.0,0.0,0.0,0.0,1.0,PASS_TURN,0.0,0.0,11,opponent,188
12.0,0.16666666666666666,1.0,2.0,1.0,6.0,5.0,0.0,0.0,0.0,1.0,0.0,0.0,0.0,0.0,0.0,0.0,RETREAT,-0.1,0.0,12,opponent,188
13.0,1.0,1.0,2.0,1.0,6.0,5.0,0.0,0.0,0.0,0.0,0.0,0.0,0.0,0.0,0.0,1.0,PASS_TURN,0.0,0.0,13,opponent,188
14.0,0.42857142857142855,1.0,2.0,1.0,6.0,5.0,0.0,0.0,0.0,0.0,0.0,0.0,0.0,0.0,0.0,1.0,PASS_TURN,0.0,0.0,14,opponent,188
15.0,0.16666666666666666,1.0,1.0,1.0,6.0,4.0,0.0,0.0,0.0,1.0,0.0,0.0,0.0,0.0,0.0,0.0,RETREAT,-0.1,0.0,15,opponent,188
16.0,0.125,1.0,1.0,1.0,6.0,4.0,0.0,0.0,0.0,1.0,0.0,0.0,0.0,0.0,0.0,0.0,RETREAT,-0.1,0.0,16,opponent,188
17.0,0.125,1.0,0.0,1.0,6.0,3.0,0.0,0.0,0.0,0.0,0.0,0.0,0.0,0.0,0.0,1.0,PASS_TURN,0.0,0.0,17,opponent,188
1.0,1.0,1.0,0.0,2.0,6.0,6.0,3.0,2.0,0.0,0.0,1.0,0.0,0.0,0.0,0.0,0.0,ATTACH_ENERGY,0.3,0.6999999999999997,1,opponent,189
2.0,1.0,1.0,0.0,2.0,6.0,6.0,2.0,2.0,1.0,0.0,0.0,0.0,0.0,0.0,0.0,0.0,ATTACK,1.5,0.30000000000000027,2,opponent,189
3.0,1.0,0.6666666666666666,0.0,2.0,6.0,6.0,2.0,2.0,1.0,0.0,0.0,0.0,0.0,0.0,0.0,0.0,ATTACK,1.5,0.30000000000000027,3,opponent,189
4.0,0.625,0.3333333333333333,0.0,2.0,6.0,6.0,2.0,2.0,1.0,0.0,0.0,0.0,0.0,0.0,0.0,0.0,ATTACK,6.5,-2.1999999999999997,4,opponent,189
5.0,0.25,1.0,0.0,1.0,5.0,6.0,2.0,2.0,1.0,0.0,0.0,0.0,0.0,0.0,0.0,0.0,ATTACK,1.5,0.3000000000000007,5,opponent,189
1.0,1.0,1.0,0.0,0.0,6.0,6.0,0.0,7.0,0.0,0.0,0.0,1.0,0.0,0.0,0.0,0.0,PLAY_SUPPORTER,0.4,0.0,1,opponent,190
2.0,0.9,1.0,0.0,0.0,6.0,6.0,0.0,6.0,0.0,0.0,0.0,1.0,0.0,0.0,0.0,0.0,PLAY_SUPPORTER,0.4,0.0,2,opponent,190
3.0,0.9,1.0,0.0,0.0,6.0,6.0,0.0,5.0,0.0,0.0,0.0,1.0,0.0,0.0,0.0,0.0,PLAY_SUPPORTER,0.4,0.0,3,opponent,190
4.0,0.8,1.0,0.0,0.0,6.0,6.0,0.0,4.0,0.0,0.0,0.0,1.0,0.0,0.0,0.0,0.0,PLAY_SUPPORTER,0.4,0.0,4,opponent,190
5.0,0.5,1.0,0.0,0.0,6.0,6.0,0.0,3.0,0.0,0.0,0.0,1.0,0.0,0.0,0.0,0.0,PLAY_SUPPORTER,0.4,0.0,5,opponent,190
6.0,0.4,1.0,0.0,0.0,6.0,6.0,0.0,2.0,0.0,0.0,0.0,1.0,0.0,0.0,0.0,0.0,PLAY_SUPPORTER,0.4,0.0,6,opponent,190
1.0,1.0,1.0,1.0,3.0,6.0,6.0,3.0,2.0,0.0,0.0,1.0,0.0,0.0,0.0,0.0,0.0,ATTACH_ENERGY,0.3,0.7,1,opponent,191
2.0,0.5555555555555556,1.0,1.0,3.0,6.0,6.0,2.0,2.0,1.0,0.0,0.0,0.0,0.0,0.0,0.0,0.0,ATTACK,1.5,0.30000000000000004,2,opponent,191
3.0,0.3333333333333333,0.7,1.0,3.0,6.0,6.0,2.0,2.0,0.0,0.0,1.0,0.0,0.0,0.0,0.0,0.0,ATTACH_ENERGY,0.3,0.7000000000000006,3,opponent,191
4.0,1.0,0.7,0.0,3.0,6.0,5.0,1.0,2.0,1.0,0.0,0.0,0.0,0.0,0.0,0.0,0.0,ATTACK,1.5,0.29999999999999977,4,opponent,191
5.0,1.0,0.4,0.0,3.0,6.0,5.0,1.0,2.0,1.0,0.0,0.0,0.0,0.0,0.0,0.0,0.0,ATTACK,1.5,0.30000000000000027,5,opponent,191
6.0,0.8571428571428571,0.1,0.0,3.0,6.0,5.0,1.0,2.0,1.0,0.0,0.0,0.0,0.0,0.0,0.0,0.0,ATTACK,6.5,-2.4,6,opponent,191
7.0,0.7142857142857143,1.0,0.0,2.0,5.0,5.0,1.0,2.0,1.0,0.0,0.0,0.0,0.0,0.0,0.0,0.0,ATTACK,1.5,0.2999999999999998,7,opponent,191
8.0,0.7142857142857143,0.75,0.0,2.0,5.0,5.0,1.0,2.0,0.0,0.0,0.0,1.0,0.0,0.0,0.0,0.0,PLAY_SUPPORTER,0.4,0.0,8,opponent,191
9.0,0.2857142857142857,0.75,0.0,2.0,5.0,5.0,1.0,1.0,1.0,0.0,0.0,0.0,0.0,0.0,0.0,0.0,ATTACK,1.5,0.2999999999999998,9,opponent,191
1.0,1.0,1.0,2.0,3.0,6.0,6.0,2.0,4.0,0.0,0.0,1.0,0.0,0.0,0.0,0.0,0.0,ATTACH_ENERGY,0.3,0.7000000000000002,1,opponent,192
2.0,0.8888888888888888,1.0,2.0,3.0,6.0,6.0,1.0,4.0,0.0,0.0,0.0,0.0,1.0,0.0,0.0,0.0,PLAY_BASIC_TO_BENCH,0.2,1.4999999999999998,2,opponent,192
3.0,0.4444444444444444,1.0,3.0,3.0,6.0,6.0,1.0,3.0,1.0,0.0,0.0,0.0,0.0,0.0,0.0,0.0,ATTACK,1.0,0.19999999999999996,3,opponent,192
4.0,0.1111111111111111,0.75,3.0,3.0,6.0,6.0,1.0,3.0,0.0,1.0,0.0,0.0,0.0,0.0,0.0,0.0,RETREAT,-0.1,0.0,4,opponent,192
5.0,0.6666666666666666,0.75,3.0,3.0,6.0,6.0,1.0,3.0,0.0,0.0,0.0,1.0,0.0,0.0,0.0,0.0,PLAY_SUPPORTER,0.4,0.0,5,opponent,192
6.0,0.5833333333333334,0.75,3.0,3.0,6.0,6.0,1.0,2.0,0.0,0.0,0.0,1.0,0.0,0.0,0.0,0.0,PLAY_SUPPORTER,0.4,0.0,6,opponent,192
7.0,0.4166666666666667,0.75,3.0,3.0,6.0,6.0,1.0,1.0,0.0,0.0,1.0,0.0,0.0,0.0,0.0,0.0,ATTACH_ENERGY,0.3,0.29999999999999993,7,opponent,192
8.0,0.25,0.75,3.0,3.0,6.0,6.0,0.0,1.0,1.0,0.0,0.0,0.0,0.0,0.0,0.0,0.0,ATTACK,1.5,0.30000000000000004,8,opponent,192
9.0,0.25,0.375,3.0,3.0,6.0,6.0,0.0,1.0,1.0,0.0,0.0,0.0,0.0,0.0,0.0,0.0,ATTACK,6.5,-2.1999999999999997,9,opponent,192
10.0,0.1111111111111111,1.0,2.0,2.0,5.0,5.0,0.0,1.0,0.0,1.0,0.0,0.0,0.0,0.0,0.0,0.0,RETREAT,-0.1,0.0,10,opponent,192
11.0,0.5,1.0,2.0,2.0,5.0,5.0,0.0,1.0,0.0,0.0,0.0,1.0,0.0,0.0,0.0,0.0,PLAY_SUPPORTER,0.4,0.0,11,opponent,192
12.0,0.16666666666666666,1.0,2.0,2.0,5.0,5.0,0.0,0.0,0.0,1.0,0.0,0.0,0.0,0.0,0.0,0.0,RETREAT,-0.1,0.0,12,opponent,192
13.0,0.16666666666666666,1.0,1.0,2.0,5.0,4.0,0.0,0.0,0.0,1.0,0.0,0.0,0.0,0.0,0.0,0.0,RETREAT,-0.1,0.0,13,opponent,192
14.0,0.8333333333333334,1.0,1.0,2.0,5.0,4.0,0.0,0.0,0.0,0.0,0.0,0.0,0.0,0.0,0.0,1.0,PASS_TURN,0.0,0.0,14,opponent,192
15.0,0.16666666666666666,1.0,1.0,2.0,5.0,4.0,0.0,0.0,0.0,1.0,0.0,0.0,0.0,0.0,0.0,0.0,RETREAT,-0.1,0.0,15,opponent,192
16.0,0.16666666666666666,1.0,0.0,2.0,5.0,3.0,0.0,0.0,0.0,0.0,0.0,0.0,0.0,0.0,0.0,1.0,PASS_TURN,0.0,0.0,16,opponent,192
17.0,0.16666666666666666,1.0,0.0,2.0,5.0,3.0,0.0,0.0,0.0,0.0,0.0,0.0,0.0,0.0,0.0,1.0,PASS_TURN,0.0,0.0,17,opponent,192
1.0,1.0,1.0,3.0,3.0,6.0,6.0,0.0,2.0,0.0,0.0,0.0,1.0,0.0,0.0,0.0,0.0,PLAY_SUPPORTER,0.4,0.0,1,opponent,193
2.0,0.9285714285714286,1.0,3.0,3.0,6.0,6.0,0.0,1.0,0.0,0.0,0.0,0.0,1.0,0.0,0.0,0.0,PLAY_BASIC_TO_BENCH,0.2,1.6,2,opponent,193
3.0,0.7142857142857143,1.0,4.0,3.0,6.0,6.0,0.0,0.0,0.0,0.0,0.0,0.0,0.0,0.0,0.0,1.0,PASS_TURN,0.0,0.0,3,opponent,193
4.0,0.7142857142857143,1.0,4.0,3.0,6.0,6.0,0.0,0.0,0.0,0.0,0.0,0.0,0.0,0.0,0.0,1.0,PASS_TURN,0.0,0.0,4,opponent,193
5.0,0.6428571428571429,1.0,4.0,3.0,6.0,6.0,0.0,0.0,0.0,0.0,0.0,0.0,0.0,0.0,0.0,1.0,PASS_TURN,0.0,0.0,5,opponent,193
6.0,0.5,1.0,4.0,3.0,6.0,6.0,0.0,0.0,0.0,0.0,0.0,0.0,0.0,0.0,0.0,1.0,PASS_TURN,0.0,0.0,6,opponent,193
7.0,0.35714285714285715,1.0,4.0,3.0,6.0,6.0,0.0,0.0,0.0,0.0,0.0,0.0,0.0,0.0,0.0,1.0,PASS_TURN,0.0,0.0,7,opponent,193
8.0,0.14285714285714285,1.0,4.0,3.0,6.0,6.0,0.0,0.0,0.0,1.0,0.0,0.0,0.0,0.0,0.0,0.0,RETREAT,-0.1,0.0,8,opponent,193
9.0,0.8333333333333334,1.0,4.0,3.0,6.0,6.0,0.0,0.0,0.0,0.0,0.0,0.0,0.0,0.0,0.0,1.0,PASS_TURN,0.0,0.0,9,opponent,193
10.0,0.6666666666666666,1.0,4.0,3.0,6.0,6.0,0.0,0.0,0.0,0.0,0.0,0.0,0.0,0.0,0.0,1.0,PASS_TURN,0.0,0.0,10,opponent,193
11.0,0.5,1.0,4.0,3.0,6.0,6.0,0.0,0.0,0.0,0.0,0.0,0.0,0.0,0.0,0.0,1.0,PASS_TURN,0.0,0.0,11,opponent,193
12.0,0.16666666666666666,1.0,4.0,3.0,6.0,6.0,0.0,0.0,0.0,1.0,0.0,0.0,0.0,0.0,0.0,0.0,RETREAT,-0.1,0.0,12,opponent,193
13.0,0.16666666666666666,1.0,3.0,3.0,6.0,5.0,0.0,0.0,0.0,0.0,0.0,0.0,0.0,0.0,0.0,1.0,PASS_TURN,0.0,0.0,13,opponent,193
14.0,1.0,1.0,2.0,3.0,6.0,4.0,0.0,0.0,0.0,0.0,0.0,0.0,0.0,0.0,0.0,1.0,PASS_TURN,0.0,0.0,14,opponent,193
15.0,0.6666666666666666,1.0,2.0,3.0,6.0,4.0,0.0,0.0,0.0,0.0,0.0,0.0,0.0,0.0,0.0,1.0,PASS_TURN,0.0,0.0,15,opponent,193
16.0,0.4444444444444444,1.0,2.0,3.0,6.0,4.0,0.0,0.0,0.0,0.0,0.0,0.0,0.0,0.0,0.0,1.0,PASS_TURN,0.0,0.0,16,opponent,193
17.0,0.1111111111111111,1.0,2.0,3.0,6.0,4.0,0.0,0.0,0.0,1.0,0.0,0.0,0.0,0.0,0.0,0.0,RETREAT,-0.1,0.0,17,opponent,193
18.0,0.42857142857142855,1.0,2.0,3.0,6.0,4.0,0.0,0.0,0.0,0.0,0.0,0.0,0.0,0.0,0.0,1.0,PASS_TURN,0.0,0.0,18,opponent,193
19.0,0.1111111111111111,1.0,1.0,3.0,6.0,3.0,0.0,0.0,0.0,1.0,0.0,0.0,0.0,0.0,0.0,0.0,RETREAT,-0.1,0.0,19,opponent,193
20.0,0.7142857142857143,1.0,1.0,3.0,6.0,3.0,0.0,0.0,0.0,0.0,0.0,0.0,0.0,0.0,0.0,1.0,PASS_TURN,0.0,0.0,20,opponent,193
21.0,0.42857142857142855,1.0,1.0,3.0,6.0,3.0,0.0,0.0,0.0,0.0,0.0,0.0,0.0,0.0,0.0,1.0,PASS_TURN,0.0,0.0,21,opponent,193
22.0,0.1111111111111111,1.0,0.0,3.0,6.0,2.0,0.0,0.0,0.0,0.0,0.0,0.0,0.0,0.0,0.0,1.0,PASS_TURN,0.0,0.0,22,opponent,193
23.0,0.1111111111111111,1.0,0.0,3.0,6.0,2.0,0.0,0.0,0.0,0.0,0.0,0.0,0.0,0.0,0.0,1.0,PASS_TURN,0.0,0.0,23,opponent,193
1.0,1.0,1.0,1.0,3.0,6.0,6.0,1.0,2.0,0.0,0.0,1.0,0.0,0.0,0.0,0.0,0.0,ATTACH_ENERGY,0.3,0.7000000000000002,1,opponent,194
2.0,0.9166666666666666,1.0,1.0,3.0,6.0,6.0,0.0,2.0,1.0,0.0,0.0,0.0,0.0,0.0,0.0,0.0,ATTACK,0.5,0.09999999999999964,2,opponent,194
3.0,0.9166666666666666,0.8333333333333334,1.0,3.0,6.0,6.0,0.0,2.0,1.0,0.0,0.0,0.0,0.0,0.0,0.0,0.0,ATTACK,0.5,0.10000000000000009,3,opponent,194
4.0,0.75,0.6666666666666666,1.0,3.0,6.0,6.0,0.0,2.0,1.0,0.0,0.0,0.0,0.0,0.0,0.0,0.0,ATTACK,0.5,0.09999999999999964,4,opponent,194
5.0,0.5,0.5,1.0,3.0,6.0,6.0,0.0,2.0,1.0,0.0,0.0,0.0,0.0,0.0,0.0,0.0,ATTACK,0.5,0.10000000000000009,5,opponent,194
6.0,0.4166666666666667,0.3333333333333333,1.0,3.0,6.0,6.0,0.0,2.0,1.0,0.0,0.0,0.0,0.0,0.0,0.0,0.0,ATTACK,0.5,0.10000000000000009,6,opponent,194
7.0,0.08333333333333333,0.16666666666666666,1.0,3.0,6.0,6.0,0.0,2.0,1.0,0.0,0.0,0.0,0.0,0.0,0.0,0.0,ATTACK,5.5,-2.4000000000000004,7,opponent,194
8.0,1.0,1.0,0.0,2.0,5.0,5.0,0.0,2.0,0.0,0.0,0.0,1.0,0.0,0.0,0.0,0.0,PLAY_SUPPORTER,0.4,0.0,8,opponent,194
9.0,0.875,1.0,0.0,2.0,5.0,5.0,0.0,1.0,0.0,0.0,0.0,1.0,0.0,0.0,0.0,0.0,PLAY_SUPPORTER,0.4,0.0,9,opponent,194
10.0,0.375,1.0,0.0,2.0,5.0,5.0,0.0,0.0,0.0,0.0,0.0,0.0,0.0,0.0,0.0,1.0,PASS_TURN,0.0,0.0,10,opponent,194
11.0,0.25,1.0,0.0,2.0,5.0,5.0,0.0,0.0,0.0,0.0,0.0,0.0,0.0,0.0,0.0,1.0,PASS_TURN,0.0,0.0,11,opponent,194
1.0,1.0,1.0,2.0,0.0,6.0,6.0,3.0,4.0,0.0,0.0,1.0,0.0,0.0,0.0,0.0,0.0,ATTACH_ENERGY,0.3,0.7000000000000002,1,me,195
2.0,1.0,1.0,2.0,0.0,6.0,6.0,2.0,4.0,0.0,0.0,1.0,0.0,0.0,0.0,0.0,0.0,ATTACH_ENERGY,0.3,0.7000000000000002,2,me,195
3.0,0.8333333333333334,1.0,2.0,0.0,6.0,6.0,1.0,4.0,1.0,0.0,0.0,0.0,0.0,0.0,0.0,0.0,ATTACK,1.0,0.1999999999999993,3,me,195
4.0,0.8333333333333334,0.8,2.0,0.0,6.0,6.0,1.0,4.0,1.0,0.0,0.0,0.0,0.0,0.0,0.0,0.0,ATTACK,1.0,0.20000000000000107,4,me,195
5.0,0.6666666666666666,0.6,2.0,0.0,6.0,6.0,1.0,4.0,1.0,0.0,0.0,0.0,0.0,0.0,0.0,0.0,ATTACK,1.0,0.20000000000000018,5,me,195
6.0,0.16666666666666666,0.4,2.0,0.0,6.0,6.0,1.0,4.0,1.0,0.0,0.0,0.0,0.0,0.0,0.0,0.0,ATTACK,1.0,0.20000000000000018,6,me,195
7.0,1.0,0.2,1.0,0.0,6.0,5.0,1.0,4.0,0.0,0.0,0.0,1.0,0.0,0.0,0.0,0.0,PLAY_SUPPORTER,0.4,0.0,7,me,195
8.0,0.75,0.2,1.0,0.0,6.0,5.0,1.0,3.0,0.0,0.0,0.0,0.0,0.0,0.0,0.0,1.0,PASS_TURN,0.0,0.0,8,me,195
9.0,0.75,0.2,1.0,0.0,6.0,5.0,1.0,3.0,0.0,1.0,0.0,0.0,0.0,0.0,0.0,0.0,RETREAT,-0.1,0.0,9,me,195
10.0,0.8,0.2,1.0,0.0,6.0,5.0,1.0,3.0,0.0,0.0,0.0,0.0,1.0,0.0,0.0,0.0,PLAY_BASIC_TO_BENCH,0.2,1.5,10,me,195
11.0,0.8,0.2,2.0,0.0,6.0,5.0,1.0,2.0,1.0,0.0,0.0,0.0,0.0,0.0,0.0,0.0,ATTACK,6.0,-2.8,11,me,195
1.0,1.0,1.0,1.0,3.0,6.0,6.0,3.0,6.0,0.0,0.0,1.0,0.0,0.0,0.0,0.0,0.0,ATTACH_ENERGY,0.3,0.7000000000000002,1,opponent,196
2.0,0.8571428571428571,1.0,1.0,3.0,6.0,6.0,2.0,6.0,0.0,0.0,1.0,0.0,0.0,0.0,0.0,0.0,ATTACH_ENERGY,0.3,0.7000000000000002,2,opponent,196
3.0,0.5714285714285714,1.0,1.0,3.0,6.0,6.0,1.0,6.0,0.0,0.0,1.0,0.0,0.0,0.0,0.0,0.0,ATTACH_ENERGY,0.3,0.6999999999999997,3,opponent,196
4.0,0.5,1.0,1.0,3.0,6.0,6.0,0.0,6.0,1.0,0.0,0.0,0.0,0.0,0.0,0.0,0.0,ATTACK,0.5,0.09999999999999964,4,opponent,196
5.0,0.2857142857142857,0.8571428571428571,1.0,3.0,6.0,6.0,0.0,6.0,0.0,1.0,0.0,0.0,0.0,0.0,0.0,0.0,RETREAT,-0.1,0.0,5,opponent,196
6.0,0.8571428571428571,0.8571428571428571,1.0,3.0,6.0,6.0,0.0,6.0,0.0,0.0,0.0,0.0,0.0,0.0,0.0,1.0,PASS_TURN,0.0,0.0,6,opponent,196
7.0,0.7142857142857143,0.8571428571428571,1.0,3.0,6.0,6.0,0.0,6.0,1.0,0.0,0.0,0.0,0.0,0.0,0.0,0.0,ATTACK,1.0,0.19999999999999973,7,opponent,196
8.0,0.5,0.5714285714285714,1.0,3.0,6.0,6.0,0.0,6.0,1.0,0.0,0.0,0.0,0.0,0.0,0.0,0.0,ATTACK,1.0,0.20000000000000018,8,opponent,196
9.0,0.2857142857142857,0.2857142857142857,1.0,3.0,6.0,6.0,0.0,6.0,1.0,0.0,0.0,0.0,0.0,0.0,0.0,0.0,ATTACK,6.0,-2.3,9,opponent,196
10.0,0.21428571428571427,1.0,1.0,2.0,5.0,6.0,0.0,6.0,0.0,1.0,0.0,0.0,0.0,0.0,0.0,0.0,RETREAT,-0.1,0.0,10,opponent,196
11.0,0.21428571428571427,1.0,1.0,2.0,5.0,6.0,0.0,6.0,0.0,0.0,0.0,1.0,0.0,0.0,0.0,0.0,PLAY_SUPPORTER,0.4,0.0,11,opponent,196
12.0,0.21428571428571427,1.0,0.0,2.0,5.0,5.0,0.0,5.0,0.0,0.0,0.0,0.0,1.0,0.0,0.0,0.0,PLAY_BASIC_TO_BENCH,0.2,1.1999999999999997,12,opponent,196
13.0,0.14285714285714285,1.0,1.0,2.0,5.0,5.0,0.0,4.0,0.0,1.0,0.0,0.0,0.0,0.0,0.0,0.0,RETREAT,-0.1,0.0,13,opponent,196
14.0,1.0,1.0,1.0,2.0,5.0,5.0,0.0,4.0,0.0,0.0,0.0,1.0,0.0,0.0,0.0,0.0,PLAY_SUPPORTER,0.4,0.0,14,opponent,196
15.0,0.5714285714285714,1.0,1.0,2.0,5.0,5.0,0.0,3.0,0.0,0.0,0.0,0.0,1.0,0.0,0.0,0.0,PLAY_BASIC_TO_BENCH,0.2,1.9000000000000004,15,opponent,196
16.0,0.2857142857142857,1.0,2.0,2.0,5.0,5.0,0.0,2.0,0.0,1.0,0.0,0.0,0.0,0.0,0.0,0.0,RETREAT,-0.1,0.0,16,opponent,196
17.0,0.2857142857142857,1.0,1.0,2.0,5.0,4.0,0.0,2.0,0.0,1.0,0.0,0.0,0.0,0.0,0.0,0.0,RETREAT,-0.1,0.0,17,opponent,196
18.0,0.7142857142857143,1.0,1.0,2.0,5.0,4.0,0.0,2.0,0.0,0.0,0.0,1.0,0.0,0.0,0.0,0.0,PLAY_SUPPORTER,0.4,0.0,18,opponent,196
19.0,0.42857142857142855,1.0,1.0,2.0,5.0,4.0,0.0,1.0,0.0,0.0,0.0,1.0,0.0,0.0,0.0,0.0,PLAY_SUPPORTER,0.4,0.0,19,opponent,196
20.0,0.35714285714285715,1.0,1.0,2.0,5.0,4.0,0.0,0.0,0.0,0.0,0.0,0.0,0.0,0.0,0.0,1.0,PASS_TURN,0.0,0.0,20,opponent,196
21.0,0.2857142857142857,1.0,1.0,2.0,5.0,4.0,0.0,0.0,0.0,0.0,0.0,0.0,0.0,0.0,0.0,1.0,PASS_TURN,0.0,0.0,21,opponent,196
22.0,0.2857142857142857,1.0,1.0,2.0,5.0,4.0,0.0,0.0,0.0,1.0,0.0,0.0,0.0,0.0,0.0,0.0,RETREAT,-0.1,0.0,22,opponent,196
23.0,0.2857142857142857,1.0,0.0,2.0,5.0,3.0,0.0,0.0,0.0,0.0,0.0,0.0,0.0,0.0,0.0,1.0,PASS_TURN,0.0,0.0,23,opponent,196
24.0,0.07142857142857142,1.0,0.0,2.0,5.0,3.0,0.0,0.0,0.0,0.0,0.0,0.0,0.0,0.0,0.0,1.0,PASS_TURN,0.0,0.0,24,opponent,196
1.0,1.0,1.0,1.0,3.0,6.0,6.0,1.0,3.0,0.0,0.0,1.0,0.0,0.0,0.0,0.0,0.0,ATTACH_ENERGY,0.3,0.7000000000000002,1,opponent,197
2.0,1.0,1.0,1.0,3.0,6.0,6.0,0.0,3.0,0.0,0.0,0.0,1.0,0.0,0.0,0.0,0.0,PLAY_SUPPORTER,0.4,0.0,2,opponent,197
3.0,0.75,1.0,1.0,3.0,6.0,6.0,0.0,2.0,1.0,0.0,0.0,0.0,0.0,0.0,0.0,0.0,ATTACK,1.5,0.2999999999999998,3,opponent,197
4.0,0.5833333333333334,0.7857142857142857,1.0,3.0,6.0,6.0,0.0,2.0,1.0,0.0,0.0,0.0,0.0,0.0,0.0,0.0,ATTACK,1.5,0.2999999999999998,4,opponent,197
5.0,0.5,0.5714285714285714,1.0,3.0,6.0,6.0,0.0,2.0,1.0,0.0,0.0,0.0,0.0,0.0,0.0,0.0,ATTACK,1.5,0.30000000000000027,5,opponent,197
6.0,0.25,0.35714285714285715,1.0,3.0,6.0,6.0,0.0,2.0,1.0,0.0,0.0,0.0,0.0,0.0,0.0,0.0,ATTACK,1.5,0.30000000000000027,6,opponent,197
7.0,0.25,0.14285714285714285,1.0,3.0,6.0,6.0,0.0,2.0,1.0,0.0,0.0,0.0,0.0,0.0,0.0,0.0,ATTACK,6.5,-2.3,7,opponent,197
8.0,1.0,1.0,0.0,2.0,5.0,5.0,0.0,2.0,0.0,0.0,0.0,1.0,0.0,0.0,0.0,0.0,PLAY_SUPPORTER,0.4,0.0,8,opponent,197
9.0,0.5714285714285714,1.0,0.0,2.0,5.0,5.0,0.0,1.0,0.0,0.0,0.0,1.0,0.0,0.0,0.0,0.0,PLAY_SUPPORTER,0.4,0.0,9,opponent,197
10.0,0.5714285714285714,1.0,0.0,2.0,5.0,5.0,0.0,0.0,0.0,0.0,0.0,0.0,0.0,0.0,0.0,1.0,PASS_TURN,0.0,0.0,10,opponent,197
11.0,0.5714285714285714,1.0,0.0,2.0,5.0,5.0,0.0,0.0,0.0,0.0,0.0,0.0,0.0,0.0,0.0,1.0,PASS_TURN,0.0,0.0,11,opponent,197
12.0,0.2857142857142857,1.0,0.0,2.0,5.0,5.0,0.0,0.0,0.0,0.0,0.0,0.0,0.0,0.0,0.0,1.0,PASS_TURN,0.0,0.0,12,opponent,197
13.0,0.14285714285714285,1.0,0.0,2.0,5.0,5.0,0.0,0.0,0.0,0.0,0.0,0.0,0.0,0.0,0.0,1.0,PASS_TURN,0.0,0.0,13,opponent,197
1.0,1.0,1.0,2.0,0.0,6.0,6.0,2.0,5.0,0.0,0.0,1.0,0.0,0.0,0.0,0.0,0.0,ATTACH_ENERGY,0.3,0.7000000000000002,1,me,198
2.0,0.8333333333333334,1.0,2.0,0.0,6.0,6.0,1.0,5.0,1.0,0.0,0.0,0.0,0.0,0.0,0.0,0.0,ATTACK,1.5,0.2999999999999998,2,me,198
3.0,0.6666666666666666,0.5,2.0,0.0,6.0,6.0,1.0,5.0,1.0,0.0,0.0,0.0,0.0,0.0,0.0,0.0,ATTACK,6.5,-2.7,3,me,198
1.0,1.0,1.0,2.0,3.0,6.0,6.0,1.0,6.0,0.0,0.0,1.0,0.0,0.0,0.0,0.0,0.0,ATTACH_ENERGY,0.3,0.7000000000000002,1,opponent,199
2.0,1.0,1.0,2.0,3.0,6.0,6.0,0.0,6.0,1.0,0.0,0.0,0.0,0.0,0.0,0.0,0.0,ATTACK,0.5,0.10000000000000009,2,opponent,199
3.0,0.7142857142857143,0.875,2.0,3.0,6.0,6.0,0.0,6.0,1.0,0.0,0.0,0.0,0.0,0.0,0.0,0.0,ATTACK,0.5,0.10000000000000009,3,opponent,199
4.0,0.2857142857142857,0.75,2.0,3.0,6.0,6.0,0.0,6.0,0.0,1.0,0.0,0.0,0.0,0.0,0.0,0.0,RETREAT,-0.1,0.0,4,opponent,199
5.0,0.9,0.75,2.0,3.0,6.0,6.0,0.0,6.0,0.0,0.0,0.0,1.0,0.0,0.0,0.0,0.0,PLAY_SUPPORTER,0.4,0.0,5,opponent,199
6.0,0.9,0.75,2.0,3.0,6.0,6.0,0.0,5.0,0.0,0.0,0.0,1.0,0.0,0.0,0.0,0.0,PLAY_SUPPORTER,0.4,0.0,6,opponent,199
7.0,0.7,0.75,2.0,3.0,6.0,6.0,0.0,4.0,0.0,0.0,0.0,1.0,0.0,0.0,0.0,0.0,PLAY_SUPPORTER,0.4,0.0,7,opponent,199
8.0,0.6,0.75,2.0,3.0,6.0,6.0,0.0,3.0,0.0,0.0,0.0,1.0,0.0,0.0,0.0,0.0,PLAY_SUPPORTER,0.4,0.0,8,opponent,199
9.0,0.6,0.75,2.0,3.0,6.0,6.0,0.0,2.0,0.0,0.0,0.0,1.0,0.0,0.0,0.0,0.0,PLAY_SUPPORTER,0.4,0.0,9,opponent,199
10.0,0.3,0.75,2.0,3.0,6.0,6.0,0.0,1.0,0.0,0.0,0.0,1.0,0.0,0.0,0.0,0.0,PLAY_SUPPORTER,0.4,0.0,10,opponent,199
11.0,0.2857142857142857,0.75,1.0,3.0,6.0,5.0,0.0,0.0,0.0,1.0,0.0,0.0,0.0,0.0,0.0,0.0,RETREAT,-0.1,0.0,11,opponent,199
12.0,0.8571428571428571,0.75,1.0,3.0,6.0,5.0,0.0,0.0,0.0,0.0,0.0,0.0,0.0,0.0,0.0,1.0,PASS_TURN,0.0,0.0,12,opponent,199
13.0,0.7142857142857143,0.75,1.0,3.0,6.0,5.0,0.0,0.0,0.0,0.0,0.0,0.0,0.0,0.0,0.0,1.0,PASS_TURN,0.0,0.0,13,opponent,199
14.0,0.14285714285714285,0.75,1.0,3.0,6.0,5.0,0.0,0.0,0.0,1.0,0.0,0.0,0.0,0.0,0.0,0.0,RETREAT,-0.1,0.0,14,opponent,199
15.0,0.14285714285714285,0.75,0.0,3.0,6.0,4.0,0.0,0.0,0.0,0.0,0.0,0.0,0.0,0.0,0.0,1.0,PASS_TURN,0.0,0.0,15,opponent,199
16.0,0.14285714285714285,0.75,0.0,3.0,6.0,4.0,0.0,0.0,0.0,0.0,0.0,0.0,0.0,0.0,0.0,1.0,PASS_TURN,0.0,0.0,16,opponent,199
17.0,0.14285714285714285,0.75,0.0,3.0,6.0,4.0,0.0,0.0,0.0,0.0,0.0,0.0,0.0,0.0,0.0,1.0,PASS_TURN,0.0,0.0,17,opponent,199
1.0,1.0,1.0,2.0,0.0,6.0,6.0,3.0,2.0,0.0,0.0,1.0,0.0,0.0,0.0,0.0,0.0,ATTACH_ENERGY,0.3,0.7000000000000002,1,opponent,200
2.0,0.8888888888888888,1.0,2.0,0.0,6.0,6.0,2.0,2.0,0.0,0.0,1.0,0.0,0.0,0.0,0.0,0.0,ATTACH_ENERGY,0.3,0.7000000000000006,2,opponent,200
3.0,0.7777777777777778,1.0,2.0,0.0,6.0,6.0,1.0,2.0,0.0,0.0,1.0,0.0,0.0,0.0,0.0,0.0,ATTACH_ENERGY,0.3,0.7000000000000002,3,opponent,200
4.0,0.7777777777777778,1.0,2.0,0.0,6.0,6.0,0.0,2.0,1.0,0.0,0.0,0.0,0.0,0.0,0.0,0.0,ATTACK,0.5,0.09999999999999964,4,opponent,200
5.0,0.7777777777777778,0.9166666666666666,2.0,0.0,6.0,6.0,0.0,2.0,1.0,0.0,0.0,0.0,0.0,0.0,0.0,0.0,ATTACK,0.5,0.10000000000000009,5,opponent,200
6.0,0.7777777777777778,0.8333333333333334,2.0,0.0,6.0,6.0,0.0,2.0,1.0,0.0,0.0,0.0,0.0,0.0,0.0,0.0,ATTACK,0.5,0.09999999999999964,6,opponent,200
7.0,0.5555555555555556,0.75,2.0,0.0,6.0,6.0,0.0,2.0,1.0,0.0,0.0,0.0,0.0,0.0,0.0,0.0,ATTACK,0.5,0.10000000000000009,7,opponent,200
8.0,0.5555555555555556,0.6666666666666666,2.0,0.0,6.0,6.0,0.0,2.0,1.0,0.0,0.0,0.0,0.0,0.0,0.0,0.0,ATTACK,0.5,0.09999999999999964,8,opponent,200
9.0,0.4444444444444444,0.5833333333333334,2.0,0.0,6.0,6.0,0.0,2.0,1.0,0.0,0.0,0.0,0.0,0.0,0.0,0.0,ATTACK,0.5,0.09999999999999964,9,opponent,200
10.0,0.4444444444444444,0.5,2.0,0.0,6.0,6.0,0.0,2.0,1.0,0.0,0.0,0.0,0.0,0.0,0.0,0.0,ATTACK,0.5,0.10000000000000009,10,opponent,200
11.0,1.0,0.4166666666666667,1.0,0.0,6.0,5.0,0.0,2.0,0.0,0.0,0.0,1.0,0.0,0.0,0.0,0.0,PLAY_SUPPORTER,0.4,0.0,11,opponent,200
12.0,0.5,0.4166666666666667,1.0,0.0,6.0,5.0,0.0,1.0,0.0,0.0,0.0,1.0,0.0,0.0,0.0,0.0,PLAY_SUPPORTER,0.4,0.0,12,opponent,200
13.0,0.5,0.4166666666666667,1.0,0.0,6.0,5.0,0.0,0.0,0.0,0.0,0.0,0.0,0.0,0.0,0.0,1.0,PASS_TURN,0.0,0.0,13,opponent,200
14.0,0.16666666666666666,0.4166666666666667,1.0,0.0,6.0,5.0,0.0,0.0,0.0,1.0,0.0,0.0,0.0,0.0,0.0,0.0,RETREAT,-0.1,0.0,14,opponent,200
15.0,0.6666666666666666,0.4166666666666667,1.0,0.0,6.0,5.0,0.0,0.0,0.0,0.0,0.0,0.0,0.0,0.0,0.0,1.0,PASS_TURN,0.0,0.0,15,opponent,200
16.0,0.6666666666666666,0.4166666666666667,1.0,0.0,6.0,5.0,0.0,0.0,0.0,0.0,0.0,0.0,0.0,0.0,0.0,1.0,PASS_TURN,0.0,0.0,16,opponent,200
17.0,0.6666666666666666,0.4166666666666667,1.0,0.0,6.0,5.0,0.0,0.0,0.0,0.0,0.0,0.0,0.0,0.0,0.0,1.0,PASS_TURN,0.0,0.0,17,opponent,200
18.0,0.5555555555555556,0.4166666666666667,1.0,0.0,6.0,5.0,0.0,0.0,0.0,0.0,0.0,0.0,0.0,0.0,0.0,1.0,PASS_TURN,0.0,0.0,18,opponent,200
19.0,0.5555555555555556,0.4166666666666667,1.0,0.0,6.0,5.0,0.0,0.0,0.0,0.0,0.0,0.0,0.0,0.0,0.0,1.0,PASS_TURN,0.0,0.0,19,opponent,200
20.0,0.3333333333333333,0.4166666666666667,1.0,0.0,6.0,5.0,0.0,0.0,0.0,0.0,0.0,0.0,0.0,0.0,0.0,1.0,PASS_TURN,0.0,0.0,20,opponent,200
21.0,0.3333333333333333,0.4166666666666667,1.0,0.0,6.0,5.0,0.0,0.0,0.0,0.0,0.0,0.0,0.0,0.0,0.0,1.0,PASS_TURN,0.0,0.0,21,opponent,200
22.0,0.3333333333333333,0.4166666666666667,1.0,0.0,6.0,5.0,0.0,0.0,0.0,0.0,0.0,0.0,0.0,0.0,0.0,1.0,PASS_TURN,0.0,0.0,22,opponent,200
23.0,0.3333333333333333,0.4166666666666667,1.0,0.0,6.0,5.0,0.0,0.0,0.0,0.0,0.0,0.0,0.0,0.0,0.0,1.0,PASS_TURN,0.0,0.0,23,opponent,200
24.0,0.16666666666666666,0.4166666666666667,0.0,0.0,6.0,4.0,0.0,0.0,0.0,0.0,0.0,0.0,0.0,0.0,0.0,1.0,PASS_TURN,0.0,0.0,24,opponent,200
1.0,1.0,1.0,3.0,2.0,6.0,6.0,3.0,7.0,0.0,0.0,0.0,0.0,1.0,0.0,0.0,0.0,PLAY_BASIC_TO_BENCH,0.2,1.6,1,opponent,201
2.0,0.3333333333333333,1.0,4.0,2.0,6.0,6.0,3.0,6.0,0.0,0.0,1.0,0.0,0.0,0.0,0.0,0.0,ATTACH_ENERGY,0.3,0.6999999999999993,2,opponent,201
3.0,0.3333333333333333,1.0,4.0,2.0,6.0,6.0,2.0,6.0,0.0,0.0,0.0,1.0,0.0,0.0,0.0,0.0,PLAY_SUPPORTER,0.4,0.0,3,opponent,201
4.0,1.0,1.0,3.0,2.0,6.0,5.0,2.0,5.0,0.0,0.0,0.0,1.0,0.0,0.0,0.0,0.0,PLAY_SUPPORTER,0.4,0.0,4,opponent,201
5.0,0.8333333333333334,1.0,3.0,2.0,6.0,5.0,2.0,4.0,0.0,0.0,0.0,1.0,0.0,0.0,0.0,0.0,PLAY_SUPPORTER,0.4,0.0,5,opponent,201
6.0,0.8333333333333334,1.0,3.0,2.0,6.0,5.0,2.0,3.0,0.0,0.0,0.0,1.0,0.0,0.0,0.0,0.0,PLAY_SUPPORTER,0.4,0.0,6,opponent,201
7.0,0.8333333333333334,1.0,3.0,2.0,6.0,5.0,2.0,2.0,0.0,1.0,0.0,0.0,0.0,0.0,0.0,0.0,RETREAT,-0.1,0.0,7,opponent,201
8.0,0.75,1.0,3.0,2.0,6.0,5.0,2.0,2.0,0.0,0.0,0.0,1.0,0.0,0.0,0.0,0.0,PLAY_SUPPORTER,0.4,0.0,8,opponent,201
9.0,0.75,1.0,3.0,2.0,6.0,5.0,2.0,1.0,0.0,0.0,0.0,1.0,0.0,0.0,0.0,0.0,PLAY_SUPPORTER,0.4,0.0,9,opponent,201
10.0,0.5833333333333334,1.0,3.0,2.0,6.0,5.0,2.0,0.0,0.0,0.0,1.0,0.0,0.0,0.0,0.0,0.0,ATTACH_ENERGY,0.3,0.2999999999999998,10,opponent,201
11.0,0.4166666666666667,1.0,3.0,2.0,6.0,5.0,1.0,0.0,1.0,0.0,0.0,0.0,0.0,0.0,0.0,0.0,ATTACK,0.5,0.10000000000000053,11,opponent,201
12.0,0.16666666666666666,0.9,3.0,2.0,6.0,5.0,1.0,0.0,0.0,1.0,0.0,0.0,0.0,0.0,0.0,0.0,RETREAT,-0.1,0.0,12,opponent,201
13.0,1.0,0.9,3.0,2.0,6.0,5.0,1.0,0.0,0.0,0.0,1.0,0.0,0.0,0.0,0.0,0.0,ATTACH_ENERGY,0.3,0.2999999999999998,13,opponent,201
14.0,1.0,0.9,3.0,2.0,6.0,5.0,0.0,0.0,1.0,0.0,0.0,0.0,0.0,0.0,0.0,0.0,ATTACK,1.0,0.20000000000000018,14,opponent,201
15.0,0.7857142857142857,0.7,3.0,2.0,6.0,5.0,0.0,0.0,1.0,0.0,0.0,0.0,0.0,0.0,0.0,0.0,ATTACK,1.0,0.20000000000000018,15,opponent,201
16.0,0.6428571428571429,0.5,3.0,2.0,6.0,5.0,0.0,0.0,1.0,0.0,0.0,0.0,0.0,0.0,0.0,0.0,ATTACK,1.0,0.20000000000000018,16,opponent,201
17.0,0.42857142857142855,0.3,3.0,2.0,6.0,5.0,0.0,0.0,0.0,1.0,0.0,0.0,0.0,0.0,0.0,0.0,RETREAT,-0.1,0.0,17,opponent,201
18.0,0.16666666666666666,0.3,3.0,2.0,6.0,5.0,0.0,0.0,0.0,1.0,0.0,0.0,0.0,0.0,0.0,0.0,RETREAT,-0.1,0.0,18,opponent,201
19.0,0.42857142857142855,0.3,3.0,2.0,6.0,5.0,0.0,0.0,1.0,0.0,0.0,0.0,0.0,0.0,0.0,0.0,ATTACK,1.0,0.1999999999999993,19,opponent,201
20.0,0.42857142857142855,0.1,3.0,2.0,6.0,5.0,0.0,0.0,1.0,0.0,0.0,0.0,0.0,0.0,0.0,0.0,ATTACK,6.0,-2.3999999999999995,20,opponent,201
21.0,0.21428571428571427,1.0,3.0,1.0,5.0,5.0,0.0,0.0,0.0,1.0,0.0,0.0,0.0,0.0,0.0,0.0,RETREAT,-0.1,0.0,21,opponent,201
22.0,0.08333333333333333,1.0,3.0,1.0,5.0,5.0,0.0,0.0,0.0,1.0,0.0,0.0,0.0,0.0,0.0,0.0,RETREAT,-0.1,0.0,22,opponent,201
23.0,0.07142857142857142,1.0,3.0,1.0,5.0,5.0,0.0,0.0,0.0,1.0,0.0,0.0,0.0,0.0,0.0,0.0,RETREAT,-0.1,0.0,23,opponent,201
24.0,0.07142857142857142,1.0,2.0,1.0,5.0,4.0,0.0,0.0,0.0,1.0,0.0,0.0,0.0,0.0,0.0,0.0,RETREAT,-0.1,0.0,24,opponent,201
25.0,0.5833333333333334,1.0,2.0,1.0,5.0,4.0,0.0,0.0,0.0,0.0,0.0,0.0,0.0,0.0,0.0,1.0,PASS_TURN,0.0,0.0,25,opponent,201
26.0,0.4166666666666667,1.0,2.0,1.0,5.0,4.0,0.0,0.0,0.0,0.0,0.0,0.0,0.0,0.0,0.0,1.0,PASS_TURN,0.0,0.0,26,opponent,201
27.0,0.25,1.0,2.0,1.0,5.0,4.0,0.0,0.0,0.0,1.0,0.0,0.0,0.0,0.0,0.0,0.0,RETREAT,-0.1,0.0,27,opponent,201
28.0,0.07142857142857142,1.0,2.0,1.0,5.0,4.0,0.0,0.0,0.0,1.0,0.0,0.0,0.0,0.0,0.0,0.0,RETREAT,-0.1,0.0,28,opponent,201
29.0,0.07142857142857142,1.0,1.0,1.0,5.0,3.0,0.0,0.0,0.0,1.0,0.0,0.0,0.0,0.0,0.0,0.0,RETREAT,-0.1,0.0,29,opponent,201
30.0,0.8571428571428571,1.0,1.0,1.0,5.0,3.0,0.0,0.0,0.0,0.0,0.0,0.0,0.0,0.0,0.0,1.0,PASS_TURN,0.0,0.0,30,opponent,201
31.0,0.2857142857142857,1.0,1.0,1.0,5.0,3.0,0.0,0.0,0.0,1.0,0.0,0.0,0.0,0.0,0.0,0.0,RETREAT,-0.1,0.0,31,opponent,201
32.0,0.2857142857142857,1.0,0.0,1.0,5.0,2.0,0.0,0.0,0.0,0.0,0.0,0.0,0.0,0.0,0.0,1.0,PASS_TURN,0.0,0.0,32,opponent,201
1.0,1.0,1.0,1.0,0.0,6.0,6.0,3.0,2.0,0.0,0.0,1.0,0.0,0.0,0.0,0.0,0.0,ATTACH_ENERGY,0.3,0.7000000000000002,1,me,202
2.0,0.8888888888888888,1.0,1.0,0.0,6.0,6.0,2.0,2.0,1.0,0.0,0.0,0.0,0.0,0.0,0.0,0.0,ATTACK,1.0,0.1999999999999993,2,me,202
3.0,0.8888888888888888,0.7777777777777778,1.0,0.0,6.0,6.0,2.0,2.0,1.0,0.0,0.0,0.0,0.0,0.0,0.0,0.0,ATTACK,1.0,0.20000000000000018,3,me,202
4.0,0.5555555555555556,0.5555555555555556,1.0,0.0,6.0,6.0,2.0,2.0,0.0,0.0,0.0,1.0,0.0,0.0,0.0,0.0,PLAY_SUPPORTER,0.4,0.0,4,me,202
5.0,0.3333333333333333,0.5555555555555556,1.0,0.0,6.0,6.0,2.0,1.0,0.0,0.0,0.0,1.0,0.0,0.0,0.0,0.0,PLAY_SUPPORTER,0.4,0.0,5,me,202
6.0,1.0,0.5555555555555556,0.0,0.0,6.0,5.0,2.0,0.0,0.0,0.0,1.0,0.0,0.0,0.0,0.0,0.0,ATTACH_ENERGY,0.3,0.30000000000000027,6,me,202
7.0,1.0,0.5555555555555556,0.0,0.0,6.0,5.0,1.0,0.0,1.0,0.0,0.0,0.0,0.0,0.0,0.0,0.0,ATTACK,1.5,0.2999999999999998,7,me,202
8.0,0.7857142857142857,0.2222222222222222,0.0,0.0,6.0,5.0,1.0,0.0,1.0,0.0,0.0,0.0,0.0,0.0,0.0,0.0,ATTACK,6.5,-2.8,8,me,202
1.0,1.0,1.0,1.0,2.0,6.0,6.0,3.0,5.0,0.0,0.0,0.0,1.0,0.0,0.0,0.0,0.0,PLAY_SUPPORTER,0.4,0.0,1,opponent,203
2.0,1.0,1.0,1.0,2.0,6.0,6.0,3.0,4.0,0.0,0.0,1.0,0.0,0.0,0.0,0.0,0.0,ATTACH_ENERGY,0.3,0.7000000000000001,2,opponent,203
3.0,1.0,1.0,1.0,2.0,6.0,6.0,2.0,4.0,0.0,0.0,1.0,0.0,0.0,0.0,0.0,0.0,ATTACH_ENERGY,0.3,0.7000000000000001,3,opponent,203
4.0,1.0,1.0,1.0,2.0,6.0,6.0,1.0,4.0,1.0,0.0,0.0,0.0,0.0,0.0,0.0,0.0,ATTACK,0.5,0.09999999999999987,4,opponent,203
5.0,0.5555555555555556,0.9166666666666666,1.0,2.0,6.0,6.0,1.0,4.0,1.0,0.0,0.0,0.0,0.0,0.0,0.0,0.0,ATTACK,0.5,0.10000000000000009,5,opponent,203
6.0,0.1111111111111111,0.8333333333333334,1.0,2.0,6.0,6.0,1.0,4.0,0.0,0.0,1.0,0.0,0.0,0.0,0.0,0.0,ATTACH_ENERGY,0.3,0.2999999999999998,6,opponent,203
7.0,1.0,0.8333333333333334,0.0,2.0,6.0,5.0,0.0,4.0,0.0,0.0,0.0,0.0,1.0,0.0,0.0,0.0,PLAY_BASIC_TO_BENCH,0.2,1.1,7,opponent,203
8.0,0.9166666666666666,0.8333333333333334,1.0,2.0,6.0,5.0,0.0,3.0,0.0,0.0,0.0,1.0,0.0,0.0,0.0,0.0,PLAY_SUPPORTER,0.4,0.0,8,opponent,203
9.0,0.6666666666666666,0.8333333333333334,1.0,2.0,6.0,5.0,0.0,2.0,0.0,0.0,0.0,1.0,0.0,0.0,0.0,0.0,PLAY_SUPPORTER,0.4,0.0,9,opponent,203
10.0,0.4166666666666667,0.8333333333333334,1.0,2.0,6.0,5.0,0.0,1.0,0.0,0.0,0.0,1.0,0.0,0.0,0.0,0.0,PLAY_SUPPORTER,0.4,0.0,10,opponent,203
11.0,0.08333333333333333,0.8333333333333334,1.0,2.0,6.0,5.0,0.0,0.0,0.0,1.0,0.0,0.0,0.0,0.0,0.0,0.0,RETREAT,-0.1,0.0,11,opponent,203
12.0,1.0,0.8333333333333334,1.0,2.0,6.0,5.0,0.0,0.0,0.0,1.0,0.0,0.0,0.0,0.0,0.0,0.0,RETREAT,-0.1,0.0,12,opponent,203
13.0,1.0,0.8333333333333334,0.0,2.0,6.0,4.0,0.0,0.0,0.0,0.0,0.0,0.0,0.0,0.0,0.0,1.0,PASS_TURN,0.0,0.0,13,opponent,203
14.0,0.8333333333333334,0.8333333333333334,0.0,2.0,6.0,4.0,0.0,0.0,0.0,0.0,0.0,0.0,0.0,0.0,0.0,1.0,PASS_TURN,0.0,0.0,14,opponent,203
15.0,0.6666666666666666,0.8333333333333334,0.0,2.0,6.0,4.0,0.0,0.0,0.0,0.0,0.0,0.0,0.0,0.0,0.0,1.0,PASS_TURN,0.0,0.0,15,opponent,203
16.0,0.6666666666666666,0.8333333333333334,0.0,2.0,6.0,4.0,0.0,0.0,0.0,0.0,0.0,0.0,0.0,0.0,0.0,1.0,PASS_TURN,0.0,0.0,16,opponent,203
17.0,0.5,0.8333333333333334,0.0,2.0,6.0,4.0,0.0,0.0,0.0,0.0,0.0,0.0,0.0,0.0,0.0,1.0,PASS_TURN,0.0,0.0,17,opponent,203
1.0,1.0,1.0,1.0,1.0,6.0,6.0,3.0,5.0,0.0,0.0,1.0,0.0,0.0,0.0,0.0,0.0,ATTACH_ENERGY,0.3,0.7000000000000001,1,opponent,204
2.0,1.0,1.0,1.0,1.0,6.0,6.0,2.0,5.0,0.0,0.0,1.0,0.0,0.0,0.0,0.0,0.0,ATTACH_ENERGY,0.3,0.7000000000000002,2,opponent,204
3.0,1.0,1.0,1.0,1.0,6.0,6.0,1.0,5.0,1.0,0.0,0.0,0.0,0.0,0.0,0.0,0.0,ATTACK,1.5,0.2999999999999998,3,opponent,204
4.0,0.42857142857142855,0.5,1.0,1.0,6.0,6.0,1.0,5.0,1.0,0.0,0.0,0.0,0.0,0.0,0.0,0.0,ATTACK,6.5,-2.1999999999999997,4,opponent,204
5.0,0.14285714285714285,1.0,1.0,0.0,5.0,6.0,1.0,5.0,1.0,0.0,0.0,0.0,0.0,0.0,0.0,0.0,ATTACK,1.5,0.2999999999999998,5,opponent,204
6.0,1.0,0.5,0.0,0.0,5.0,5.0,1.0,5.0,0.0,0.0,0.0,1.0,0.0,0.0,0.0,0.0,PLAY_SUPPORTER,0.4,0.0,6,opponent,204
7.0,0.9,0.5,0.0,0.0,5.0,5.0,1.0,4.0,0.0,0.0,0.0,1.0,0.0,0.0,0.0,0.0,PLAY_SUPPORTER,0.4,0.0,7,opponent,204
8.0,0.8,0.5,0.0,0.0,5.0,5.0,1.0,3.0,0.0,0.0,0.0,1.0,0.0,0.0,0.0,0.0,PLAY_SUPPORTER,0.4,0.0,8,opponent,204
9.0,0.7,0.5,0.0,0.0,5.0,5.0,1.0,2.0,0.0,0.0,0.0,0.0,1.0,0.0,0.0,0.0,PLAY_BASIC_TO_BENCH,0.2,1.1,9,opponent,204
10.0,0.6,0.5,1.0,0.0,5.0,5.0,1.0,1.0,0.0,0.0,0.0,1.0,0.0,0.0,0.0,0.0,PLAY_SUPPORTER,0.4,0.0,10,opponent,204
11.0,0.6,0.5,1.0,0.0,5.0,5.0,1.0,0.0,0.0,0.0,1.0,0.0,0.0,0.0,0.0,0.0,ATTACH_ENERGY,0.3,0.30000000000000004,11,opponent,204
12.0,0.4,0.5,1.0,0.0,5.0,5.0,0.0,0.0,1.0,0.0,0.0,0.0,0.0,0.0,0.0,0.0,ATTACK,0.5,0.10000000000000009,12,opponent,204
13.0,0.1,0.3333333333333333,1.0,0.0,5.0,5.0,0.0,0.0,0.0,1.0,0.0,0.0,0.0,0.0,0.0,0.0,RETREAT,-0.1,0.0,13,opponent,204
14.0,0.3333333333333333,0.3333333333333333,1.0,0.0,5.0,5.0,0.0,0.0,0.0,0.0,0.0,0.0,0.0,0.0,0.0,1.0,PASS_TURN,0.0,0.0,14,opponent,204
15.0,0.3333333333333333,0.3333333333333333,1.0,0.0,5.0,5.0,0.0,0.0,0.0,0.0,0.0,0.0,0.0,0.0,0.0,1.0,PASS_TURN,0.0,0.0,15,opponent,204
16.0,0.1,0.3333333333333333,0.0,0.0,5.0,4.0,0.0,0.0,0.0,0.0,0.0,0.0,0.0,0.0,0.0,1.0,PASS_TURN,0.0,0.0,16,opponent,204
1.0,1.0,1.0,3.0,1.0,6.0,6.0,1.0,6.0,0.0,0.0,1.0,0.0,0.0,0.0,0.0,0.0,ATTACH_ENERGY,0.3,0.6999999999999993,1,opponent,205
2.0,0.75,1.0,3.0,1.0,6.0,6.0,0.0,6.0,1.0,0.0,0.0,0.0,0.0,0.0,0.0,0.0,ATTACK,1.0,0.1999999999999993,2,opponent,205
3.0,0.75,0.6666666666666666,3.0,1.0,6.0,6.0,0.0,6.0,1.0,0.0,0.0,0.0,0.0,0.0,0.0,0.0,ATTACK,1.0,0.20000000000000107,3,opponent,205
4.0,0.5,0.3333333333333333,3.0,1.0,6.0,6.0,0.0,6.0,1.0,0.0,0.0,0.0,0.0,0.0,0.0,0.0,ATTACK,6.0,-2.299999999999999,4,opponent,205
5.0,0.375,1.0,3.0,0.0,5.0,6.0,0.0,6.0,1.0,0.0,0.0,0.0,0.0,0.0,0.0,0.0,ATTACK,1.0,0.20000000000000018,5,opponent,205
6.0,1.0,0.75,2.0,0.0,5.0,5.0,0.0,6.0,0.0,0.0,0.0,0.0,0.0,0.0,0.0,1.0,PASS_TURN,0.0,0.0,6,opponent,205
7.0,0.625,0.75,2.0,0.0,5.0,5.0,0.0,6.0,0.0,0.0,0.0,1.0,0.0,0.0,0.0,0.0,PLAY_SUPPORTER,0.4,0.0,7,opponent,205
8.0,0.375,0.75,2.0,0.0,5.0,5.0,0.0,5.0,0.0,0.0,0.0,1.0,0.0,0.0,0.0,0.0,PLAY_SUPPORTER,0.4,0.0,8,opponent,205
9.0,1.0,0.75,1.0,0.0,5.0,4.0,0.0,4.0,0.0,0.0,0.0,1.0,0.0,0.0,0.0,0.0,PLAY_SUPPORTER,0.4,0.0,9,opponent,205
10.0,0.5555555555555556,0.75,1.0,0.0,5.0,4.0,0.0,3.0,0.0,0.0,0.0,1.0,0.0,0.0,0.0,0.0,PLAY_SUPPORTER,0.4,0.0,10,opponent,205
11.0,0.5555555555555556,0.75,1.0,0.0,5.0,4.0,0.0,2.0,0.0,0.0,0.0,1.0,0.0,0.0,0.0,0.0,PLAY_SUPPORTER,0.4,0.0,11,opponent,205
12.0,0.4444444444444444,0.75,1.0,0.0,5.0,4.0,0.0,1.0,0.0,0.0,0.0,1.0,0.0,0.0,0.0,0.0,PLAY_SUPPORTER,0.4,0.0,12,opponent,205
13.0,1.0,0.75,0.0,0.0,5.0,3.0,0.0,0.0,0.0,0.0,0.0,0.0,0.0,0.0,0.0,1.0,PASS_TURN,0.0,0.0,13,opponent,205
14.0,0.42857142857142855,0.75,0.0,0.0,5.0,3.0,0.0,0.0,0.0,0.0,0.0,0.0,0.0,0.0,0.0,1.0,PASS_TURN,0.0,0.0,14,opponent,205
1.0,1.0,1.0,2.0,2.0,6.0,6.0,3.0,2.0,0.0,0.0,1.0,0.0,0.0,0.0,0.0,0.0,ATTACH_ENERGY,0.3,0.7000000000000002,1,opponent,206
2.0,1.0,1.0,2.0,2.0,6.0,6.0,2.0,2.0,0.0,0.0,1.0,0.0,0.0,0.0,0.0,0.0,ATTACH_ENERGY,0.3,0.7,2,opponent,206
3.0,0.7,1.0,2.0,2.0,6.0,6.0,1.0,2.0,0.0,0.0,1.0,0.0,0.0,0.0,0.0,0.0,ATTACH_ENERGY,0.3,0.6999999999999995,3,opponent,206
4.0,0.7,1.0,2.0,2.0,6.0,6.0,0.0,2.0,1.0,0.0,0.0,0.0,0.0,0.0,0.0,0.0,ATTACK,0.5,0.10000000000000053,4,opponent,206
5.0,0.3,0.875,2.0,2.0,6.0,6.0,0.0,2.0,0.0,0.0,0.0,1.0,0.0,0.0,0.0,0.0,PLAY_SUPPORTER,0.4,0.0,5,opponent,206
6.0,0.3,0.875,2.0,2.0,6.0,6.0,0.0,1.0,0.0,0.0,0.0,1.0,0.0,0.0,0.0,0.0,PLAY_SUPPORTER,0.4,0.0,6,opponent,206
7.0,1.0,0.875,1.0,2.0,6.0,5.0,0.0,0.0,0.0,0.0,0.0,0.0,0.0,0.0,0.0,1.0,PASS_TURN,0.0,0.0,7,opponent,206
8.0,0.8,0.875,1.0,2.0,6.0,5.0,0.0,0.0,0.0,0.0,0.0,0.0,0.0,0.0,0.0,1.0,PASS_TURN,0.0,0.0,8,opponent,206
9.0,0.7,0.875,1.0,2.0,6.0,5.0,0.0,0.0,0.0,0.0,0.0,0.0,0.0,0.0,0.0,1.0,PASS_TURN,0.0,0.0,9,opponent,206
10.0,0.6,0.875,1.0,2.0,6.0,5.0,0.0,0.0,0.0,1.0,0.0,0.0,0.0,0.0,0.0,0.0,RETREAT,-0.1,0.0,10,opponent,206
11.0,0.3333333333333333,0.875,1.0,2.0,6.0,5.0,0.0,0.0,1.0,0.0,0.0,0.0,0.0,0.0,0.0,0.0,ATTACK,1.0,0.19999999999999996,11,opponent,206
12.0,0.6,0.625,0.0,2.0,6.0,4.0,0.0,0.0,0.0,0.0,0.0,0.0,0.0,0.0,0.0,1.0,PASS_TURN,0.0,0.0,12,opponent,206
13.0,0.6,0.625,0.0,2.0,6.0,4.0,0.0,0.0,0.0,0.0,0.0,0.0,0.0,0.0,0.0,1.0,PASS_TURN,0.0,0.0,13,opponent,206
14.0,0.3,0.625,0.0,2.0,6.0,4.0,0.0,0.0,0.0,0.0,0.0,0.0,0.0,0.0,0.0,1.0,PASS_TURN,0.0,0.0,14,opponent,206
15.0,0.2,0.625,0.0,2.0,6.0,4.0,0.0,0.0,0.0,0.0,0.0,0.0,0.0,0.0,0.0,1.0,PASS_TURN,0.0,0.0,15,opponent,206
1.0,1.0,1.0,3.0,1.0,6.0,6.0,0.0,5.0,0.0,0.0,0.0,1.0,0.0,0.0,0.0,0.0,PLAY_SUPPORTER,0.4,0.0,1,opponent,207
2.0,0.8571428571428571,1.0,3.0,1.0,6.0,6.0,0.0,4.0,0.0,0.0,0.0,1.0,0.0,0.0,0.0,0.0,PLAY_SUPPORTER,0.4,0.0,2,opponent,207
3.0,0.7142857142857143,1.0,3.0,1.0,6.0,6.0,0.0,3.0,0.0,1.0,0.0,0.0,0.0,0.0,0.0,0.0,RETREAT,-0.1,0.0,3,opponent,207
4.0,0.9,1.0,3.0,1.0,6.0,6.0,0.0,3.0,0.0,0.0,0.0,1.0,0.0,0.0,0.0,0.0,PLAY_SUPPORTER,0.4,0.0,4,opponent,207
5.0,0.5,1.0,3.0,1.0,6.0,6.0,0.0,2.0,0.0,0.0,0.0,1.0,0.0,0.0,0.0,0.0,PLAY_SUPPORTER,0.4,0.0,5,opponent,207
6.0,0.2,1.0,3.0,1.0,6.0,6.0,0.0,1.0,0.0,1.0,0.0,0.0,0.0,0.0,0.0,0.0,RETREAT,-0.1,0.0,6,opponent,207
7.0,0.5714285714285714,1.0,3.0,1.0,6.0,6.0,0.0,1.0,0.0,1.0,0.0,0.0,0.0,0.0,0.0,0.0,RETREAT,-0.1,0.0,7,opponent,207
8.0,0.6666666666666666,1.0,3.0,1.0,6.0,6.0,0.0,1.0,0.0,0.0,0.0,1.0,0.0,0.0,0.0,0.0,PLAY_SUPPORTER,0.4,0.0,8,opponent,207
9.0,0.2222222222222222,1.0,3.0,1.0,6.0,6.0,0.0,0.0,0.0,1.0,0.0,0.0,0.0,0.0,0.0,0.0,RETREAT,-0.1,0.0,9,opponent,207
10.0,0.1,1.0,3.0,1.0,6.0,6.0,0.0,0.0,0.0,1.0,0.0,0.0,0.0,0.0,0.0,0.0,RETREAT,-0.1,0.0,10,opponent,207
11.0,0.1,1.0,2.0,1.0,6.0,5.0,0.0,0.0,0.0,1.0,0.0,0.0,0.0,0.0,0.0,0.0,RETREAT,-0.1,0.0,11,opponent,207
12.0,0.9285714285714286,1.0,2.0,1.0,6.0,5.0,0.0,0.0,0.0,0.0,0.0,0.0,0.0,0.0,0.0,1.0,PASS_TURN,0.0,0.0,12,opponent,207
13.0,0.8571428571428571,1.0,2.0,1.0,6.0,5.0,0.0,0.0,0.0,0.0,0.0,0.0,0.0,0.0,0.0,1.0,PASS_TURN,0.0,0.0,13,opponent,207
14.0,0.8571428571428571,1.0,2.0,1.0,6.0,5.0,0.0,0.0,0.0,0.0,0.0,0.0,0.0,0.0,0.0,1.0,PASS_TURN,0.0,0.0,14,opponent,207
15.0,0.7857142857142857,1.0,2.0,1.0,6.0,5.0,0.0,0.0,0.0,0.0,0.0,0.0,0.0,0.0,0.0,1.0,PASS_TURN,0.0,0.0,15,opponent,207
16.0,0.5714285714285714,1.0,2.0,1.0,6.0,5.0,0.0,0.0,0.0,1.0,0.0,0.0,0.0,0.0,0.0,0.0,RETREAT,-0.1,0.0,16,opponent,207
17.0,0.5714285714285714,1.0,1.0,1.0,6.0,4.0,0.0,0.0,0.0,0.0,0.0,0.0,0.0,0.0,0.0,1.0,PASS_TURN,0.0,0.0,17,opponent,207
18.0,0.2857142857142857,1.0,1.0,1.0,6.0,4.0,0.0,0.0,0.0,1.0,0.0,0.0,0.0,0.0,0.0,0.0,RETREAT,-0.1,0.0,18,opponent,207
19.0,0.2857142857142857,1.0,1.0,1.0,6.0,4.0,0.0,0.0,0.0,1.0,0.0,0.0,0.0,0.0,0.0,0.0,RETREAT,-0.1,0.0,19,opponent,207
20.0,0.21428571428571427,1.0,1.0,1.0,6.0,4.0,0.0,0.0,0.0,0.0,0.0,0.0,0.0,0.0,0.0,1.0,PASS_TURN,0.0,0.0,20,opponent,207
21.0,0.2857142857142857,1.0,0.0,1.0,6.0,3.0,0.0,0.0,0.0,0.0,0.0,0.0,0.0,0.0,0.0,1.0,PASS_TURN,0.0,0.0,21,opponent,207
22.0,0.14285714285714285,1.0,0.0,1.0,6.0,3.0,0.0,0.0,0.0,0.0,0.0,0.0,0.0,0.0,0.0,1.0,PASS_TURN,0.0,0.0,22,opponent,207
1.0,1.0,1.0,0.0,0.0,6.0,6.0,0.0,7.0,0.0,0.0,0.0,1.0,0.0,0.0,0.0,0.0,PLAY_SUPPORTER,0.4,0.0,1,opponent,208
2.0,0.5714285714285714,1.0,0.0,0.0,6.0,6.0,0.0,6.0,0.0,0.0,0.0,1.0,0.0,0.0,0.0,0.0,PLAY_SUPPORTER,0.4,0.0,2,opponent,208
3.0,0.2857142857142857,1.0,0.0,0.0,6.0,6.0,0.0,5.0,0.0,0.0,0.0,1.0,0.0,0.0,0.0,0.0,PLAY_SUPPORTER,0.4,0.0,3,opponent,208
1.0,1.0,1.0,3.0,1.0,6.0,6.0,3.0,2.0,0.0,0.0,1.0,0.0,0.0,0.0,0.0,0.0,ATTACH_ENERGY,0.3,0.6999999999999993,1,me,209
2.0,0.3333333333333333,1.0,3.0,1.0,6.0,6.0,2.0,2.0,0.0,0.0,1.0,0.0,0.0,0.0,0.0,0.0,ATTACH_ENERGY,0.3,0.7000000000000011,2,me,209
3.0,1.0,1.0,2.0,1.0,6.0,5.0,1.0,2.0,0.0,0.0,1.0,0.0,0.0,0.0,0.0,0.0,ATTACH_ENERGY,0.3,0.6999999999999993,3,me,209
4.0,0.8571428571428571,1.0,2.0,1.0,6.0,5.0,0.0,2.0,1.0,0.0,0.0,0.0,0.0,0.0,0.0,0.0,ATTACK,1.5,0.29999999999999893,4,me,209
5.0,0.8571428571428571,0.6666666666666666,2.0,1.0,6.0,5.0,0.0,2.0,1.0,0.0,0.0,0.0,0.0,0.0,0.0,0.0,ATTACK,1.5,0.3000000000000007,5,me,209
6.0,0.5714285714285714,0.3333333333333333,2.0,1.0,6.0,5.0,0.0,2.0,1.0,0.0,0.0,0.0,0.0,0.0,0.0,0.0,ATTACK,6.5,-2.1999999999999997,6,me,209
7.0,0.5714285714285714,1.0,2.0,0.0,5.0,5.0,0.0,2.0,1.0,0.0,0.0,0.0,0.0,0.0,0.0,0.0,ATTACK,1.5,0.30000000000000027,7,me,209
8.0,0.42857142857142855,0.5714285714285714,2.0,0.0,5.0,5.0,0.0,2.0,1.0,0.0,0.0,0.0,0.0,0.0,0.0,0.0,ATTACK,1.5,0.2999999999999998,8,me,209
9.0,0.42857142857142855,0.14285714285714285,2.0,0.0,5.0,5.0,0.0,2.0,0.0,0.0,0.0,0.0,1.0,0.0,0.0,0.0,PLAY_BASIC_TO_BENCH,0.2,1.5,9,me,209
10.0,0.2857142857142857,0.14285714285714285,3.0,0.0,5.0,5.0,0.0,1.0,0.0,1.0,0.0,0.0,0.0,0.0,0.0,0.0,RETREAT,-0.1,0.0,10,me,209
11.0,0.8,0.14285714285714285,3.0,0.0,5.0,5.0,0.0,1.0,0.0,0.0,0.0,1.0,0.0,0.0,0.0,0.0,PLAY_SUPPORTER,0.4,0.0,11,me,209
12.0,0.6,0.14285714285714285,3.0,0.0,5.0,5.0,0.0,0.0,0.0,0.0,0.0,0.0,0.0,0.0,0.0,1.0,PASS_TURN,0.0,0.0,12,me,209
13.0,0.4,0.14285714285714285,3.0,0.0,5.0,5.0,0.0,0.0,0.0,0.0,0.0,0.0,0.0,0.0,0.0,1.0,PASS_TURN,0.0,0.0,13,me,209
14.0,1.0,0.14285714285714285,2.0,0.0,5.0,4.0,0.0,0.0,1.0,0.0,0.0,0.0,0.0,0.0,0.0,0.0,ATTACK,6.5,-2.8999999999999995,14,me,209
1.0,1.0,1.0,2.0,0.0,6.0,6.0,3.0,6.0,0.0,0.0,0.0,0.0,1.0,0.0,0.0,0.0,PLAY_BASIC_TO_BENCH,0.2,1.9000000000000004,1,me,210
2.0,0.7142857142857143,1.0,3.0,0.0,6.0,6.0,3.0,5.0,0.0,0.0,1.0,0.0,0.0,0.0,0.0,0.0,ATTACH_ENERGY,0.3,0.7000000000000002,2,me,210
3.0,0.5,1.0,3.0,0.0,6.0,6.0,2.0,5.0,1.0,0.0,0.0,0.0,0.0,0.0,0.0,0.0,ATTACK,1.5,0.3000000000000007,3,me,210
4.0,0.21428571428571427,0.5714285714285714,3.0,0.0,6.0,6.0,2.0,5.0,1.0,0.0,0.0,0.0,0.0,0.0,0.0,0.0,ATTACK,1.5,0.3000000000000007,4,me,210
5.0,0.14285714285714285,0.14285714285714285,3.0,0.0,6.0,6.0,2.0,5.0,1.0,0.0,0.0,0.0,0.0,0.0,0.0,0.0,ATTACK,6.5,-2.9000000000000004,5,me,210
1.0,1.0,1.0,3.0,1.0,6.0,6.0,0.0,3.0,0.0,1.0,0.0,0.0,0.0,0.0,0.0,0.0,RETREAT,-0.1,0.0,1,opponent,211
2.0,0.8333333333333334,1.0,3.0,1.0,6.0,6.0,0.0,3.0,0.0,0.0,0.0,0.0,1.0,0.0,0.0,0.0,PLAY_BASIC_TO_BENCH,0.2,1.4999999999999991,2,opponent,211
3.0,0.5,1.0,4.0,1.0,6.0,6.0,0.0,2.0,0.0,0.0,0.0,1.0,0.0,0.0,0.0,0.0,PLAY_SUPPORTER,0.4,0.0,3,opponent,211
4.0,0.5,1.0,4.0,1.0,6.0,6.0,0.0,1.0,0.0,0.0,0.0,1.0,0.0,0.0,0.0,0.0,PLAY_SUPPORTER,0.4,0.0,4,opponent,211
5.0,1.0,1.0,3.0,1.0,6.0,5.0,0.0,0.0,0.0,0.0,0.0,0.0,0.0,0.0,0.0,1.0,PASS_TURN,0.0,0.0,5,opponent,211
6.0,0.75,1.0,3.0,1.0,6.0,5.0,0.0,0.0,0.0,0.0,0.0,0.0,0.0,0.0,0.0,1.0,PASS_TURN,0.0,0.0,6,opponent,211
7.0,0.5833333333333334,1.0,3.0,1.0,6.0,5.0,0.0,0.0,0.0,0.0,0.0,0.0,0.0,0.0,0.0,1.0,PASS_TURN,0.0,0.0,7,opponent,211
8.0,0.4166666666666667,1.0,3.0,1.0,6.0,5.0,0.0,0.0,0.0,0.0,0.0,0.0,0.0,0.0,0.0,1.0,PASS_TURN,0.0,0.0,8,opponent,211
9.0,0.25,1.0,3.0,1.0,6.0,5.0,0.0,0.0,0.0,1.0,0.0,0.0,0.0,0.0,0.0,0.0,RETREAT,-0.1,0.0,9,opponent,211
10.0,0.9285714285714286,1.0,3.0,1.0,6.0,5.0,0.0,0.0,0.0,1.0,0.0,0.0,0.0,0.0,0.0,0.0,RETREAT,-0.1,0.0,10,opponent,211
11.0,1.0,1.0,3.0,1.0,6.0,5.0,0.0,0.0,0.0,0.0,0.0,0.0,0.0,0.0,0.0,1.0,PASS_TURN,0.0,0.0,11,opponent,211
12.0,0.8333333333333334,1.0,3.0,1.0,6.0,5.0,0.0,0.0,0.0,0.0,0.0,0.0,0.0,0.0,0.0,1.0,PASS_TURN,0.0,0.0,12,opponent,211
13.0,0.6666666666666666,1.0,3.0,1.0,6.0,5.0,0.0,0.0,0.0,0.0,0.0,0.0,0.0,0.0,0.0,1.0,PASS_TURN,0.0,0.0,13,opponent,211
14.0,0.5,1.0,3.0,1.0,6.0,5.0,0.0,0.0,0.0,0.0,0.0,0.0,0.0,0.0,0.0,1.0,PASS_TURN,0.0,0.0,14,opponent,211
15.0,0.25,1.0,2.0,1.0,6.0,4.0,0.0,0.0,0.0,1.0,0.0,0.0,0.0,0.0,0.0,0.0,RETREAT,-0.1,0.0,15,opponent,211
16.0,0.7142857142857143,1.0,2.0,1.0,6.0,4.0,0.0,0.0,0.0,1.0,0.0,0.0,0.0,0.0,0.0,0.0,RETREAT,-0.1,0.0,16,opponent,211
17.0,0.7142857142857143,1.0,2.0,1.0,6.0,4.0,0.0,0.0,0.0,0.0,0.0,0.0,0.0,0.0,0.0,1.0,PASS_TURN,0.0,0.0,17,opponent,211
18.0,0.7142857142857143,1.0,2.0,1.0,6.0,4.0,0.0,0.0,0.0,0.0,0.0,0.0,0.0,0.0,0.0,1.0,PASS_TURN,0.0,0.0,18,opponent,211
19.0,0.5714285714285714,1.0,2.0,1.0,6.0,4.0,0.0,0.0,0.0,0.0,0.0,0.0,0.0,0.0,0.0,1.0,PASS_TURN,0.0,0.0,19,opponent,211
20.0,0.35714285714285715,1.0,2.0,1.0,6.0,4.0,0.0,0.0,0.0,0.0,0.0,0.0,0.0,0.0,0.0,1.0,PASS_TURN,0.0,0.0,20,opponent,211
21.0,0.21428571428571427,1.0,2.0,1.0,6.0,4.0,0.0,0.0,0.0,1.0,0.0,0.0,0.0,0.0,0.0,0.0,RETREAT,-0.1,0.0,21,opponent,211
22.0,0.6428571428571429,1.0,2.0,1.0,6.0,4.0,0.0,0.0,0.0,0.0,0.0,0.0,0.0,0.0,0.0,1.0,PASS_TURN,0.0,0.0,22,opponent,211
23.0,0.42857142857142855,1.0,2.0,1.0,6.0,4.0,0.0,0.0,0.0,0.0,0.0,0.0,0.0,0.0,0.0,1.0,PASS_TURN,0.0,0.0,23,opponent,211
24.0,0.2857142857142857,1.0,2.0,1.0,6.0,4.0,0.0,0.0,0.0,0.0,0.0,0.0,0.0,0.0,0.0,1.0,PASS_TURN,0.0,0.0,24,opponent,211
25.0,0.2857142857142857,1.0,2.0,1.0,6.0,4.0,0.0,0.0,0.0,1.0,0.0,0.0,0.0,0.0,0.0,0.0,RETREAT,-0.1,0.0,25,opponent,211
26.0,0.16666666666666666,1.0,2.0,1.0,6.0,4.0,0.0,0.0,0.0,1.0,0.0,0.0,0.0,0.0,0.0,0.0,RETREAT,-0.1,0.0,26,opponent,211
27.0,0.16666666666666666,1.0,1.0,1.0,6.0,3.0,0.0,0.0,0.0,1.0,0.0,0.0,0.0,0.0,0.0,0.0,RETREAT,-0.1,0.0,27,opponent,211
28.0,0.14285714285714285,1.0,1.0,1.0,6.0,3.0,0.0,0.0,0.0,1.0,0.0,0.0,0.0,0.0,0.0,0.0,RETREAT,-0.1,0.0,28,opponent,211
29.0,0.08333333333333333,1.0,1.0,1.0,6.0,3.0,0.0,0.0,0.0,1.0,0.0,0.0,0.0,0.0,0.0,0.0,RETREAT,-0.1,0.0,29,opponent,211
30.0,0.08333333333333333,1.0,0.0,1.0,6.0,2.0,0.0,0.0,0.0,0.0,0.0,0.0,0.0,0.0,0.0,1.0,PASS_TURN,0.0,0.0,30,opponent,211
1.0,1.0,1.0,0.0,0.0,6.0,6.0,1.0,5.0,0.0,0.0,1.0,0.0,0.0,0.0,0.0,0.0,ATTACH_ENERGY,0.3,0.7,1,opponent,212
2.0,0.5,1.0,0.0,0.0,6.0,6.0,0.0,5.0,1.0,0.0,0.0,0.0,0.0,0.0,0.0,0.0,ATTACK,1.0,0.2,2,opponent,212
3.0,0.375,0.7777777777777778,0.0,0.0,6.0,6.0,0.0,5.0,1.0,0.0,0.0,0.0,0.0,0.0,0.0,0.0,ATTACK,1.0,0.2,3,opponent,212
1.0,1.0,1.0,3.0,1.0,6.0,6.0,2.0,4.0,0.0,0.0,1.0,0.0,0.0,0.0,0.0,0.0,ATTACH_ENERGY,0.3,0.6999999999999993,1,opponent,213
2.0,0.7,1.0,3.0,1.0,6.0,6.0,1.0,4.0,0.0,0.0,1.0,0.0,0.0,0.0,0.0,0.0,ATTACH_ENERGY,0.3,0.6999999999999993,2,opponent,213
3.0,0.4,1.0,3.0,1.0,6.0,6.0,0.0,4.0,1.0,0.0,0.0,0.0,0.0,0.0,0.0,0.0,ATTACK,0.5,0.09999999999999964,3,opponent,213
4.0,0.1,0.8571428571428571,3.0,1.0,6.0,6.0,0.0,4.0,0.0,1.0,0.0,0.0,0.0,0.0,0.0,0.0,RETREAT,-0.1,0.0,4,opponent,213
5.0,1.0,0.8571428571428571,3.0,1.0,6.0,6.0,0.0,4.0,0.0,0.0,0.0,1.0,0.0,0.0,0.0,0.0,PLAY_SUPPORTER,0.4,0.0,5,opponent,213
6.0,0.7,0.8571428571428571,3.0,1.0,6.0,6.0,0.0,3.0,0.0,0.0,0.0,1.0,0.0,0.0,0.0,0.0,PLAY_SUPPORTER,0.4,0.0,6,opponent,213
7.0,0.5,0.8571428571428571,3.0,1.0,6.0,6.0,0.0,2.0,0.0,0.0,0.0,1.0,0.0,0.0,0.0,0.0,PLAY_SUPPORTER,0.4,0.0,7,opponent,213
8.0,0.5,0.8571428571428571,3.0,1.0,6.0,6.0,0.0,1.0,0.0,0.0,0.0,1.0,0.0,0.0,0.0,0.0,PLAY_SUPPORTER,0.4,0.0,8,opponent,213
9.0,0.2,0.8571428571428571,3.0,1.0,6.0,6.0,0.0,0.0,0.0,1.0,0.0,0.0,0.0,0.0,0.0,0.0,RETREAT,-0.1,0.0,9,opponent,213
10.0,0.6,0.8571428571428571,3.0,1.0,6.0,6.0,0.0,0.0,0.0,0.0,0.0,0.0,0.0,0.0,0.0,1.0,PASS_TURN,0.0,0.0,10,opponent,213
11.0,0.6,0.8571428571428571,3.0,1.0,6.0,6.0,0.0,0.0,0.0,0.0,0.0,0.0,0.0,0.0,0.0,1.0,PASS_TURN,0.0,0.0,11,opponent,213
12.0,0.3,0.8571428571428571,3.0,1.0,6.0,6.0,0.0,0.0,0.0,1.0,0.0,0.0,0.0,0.0,0.0,0.0,RETREAT,-0.1,0.0,12,opponent,213
13.0,1.0,0.8571428571428571,3.0,1.0,6.0,6.0,0.0,0.0,0.0,0.0,0.0,0.0,0.0,0.0,0.0,1.0,PASS_TURN,0.0,0.0,13,opponent,213
14.0,0.75,0.8571428571428571,3.0,1.0,6.0,6.0,0.0,0.0,0.0,0.0,0.0,0.0,0.0,0.0,0.0,1.0,PASS_TURN,0.0,0.0,14,opponent,213
15.0,0.6666666666666666,0.8571428571428571,3.0,1.0,6.0,6.0,0.0,0.0,0.0,0.0,0.0,0.0,0.0,0.0,0.0,1.0,PASS_TURN,0.0,0.0,15,opponent,213
16.0,0.5833333333333334,0.8571428571428571,3.0,1.0,6.0,6.0,0.0,0.0,0.0,0.0,0.0,0.0,0.0,0.0,0.0,1.0,PASS_TURN,0.0,0.0,16,opponent,213
17.0,0.5,0.8571428571428571,3.0,1.0,6.0,6.0,0.0,0.0,0.0,0.0,0.0,0.0,0.0,0.0,0.0,1.0,PASS_TURN,0.0,0.0,17,opponent,213
18.0,0.25,0.8571428571428571,3.0,1.0,6.0,6.0,0.0,0.0,0.0,1.0,0.0,0.0,0.0,0.0,0.0,0.0,RETREAT,-0.1,0.0,18,opponent,213
19.0,0.1,0.8571428571428571,3.0,1.0,6.0,6.0,0.0,0.0,0.0,1.0,0.0,0.0,0.0,0.0,0.0,0.0,RETREAT,-0.1,0.0,19,opponent,213
20.0,0.1,0.8571428571428571,2.0,1.0,6.0,5.0,0.0,0.0,0.0,1.0,0.0,0.0,0.0,0.0,0.0,0.0,RETREAT,-0.1,0.0,20,opponent,213
21.0,0.3,0.8571428571428571,2.0,1.0,6.0,5.0,0.0,0.0,0.0,0.0,0.0,0.0,0.0,0.0,0.0,1.0,PASS_TURN,0.0,0.0,21,opponent,213
22.0,0.1,0.8571428571428571,1.0,1.0,6.0,4.0,0.0,0.0,0.0,1.0,0.0,0.0,0.0,0.0,0.0,0.0,RETREAT,-0.1,0.0,22,opponent,213
23.0,0.1,0.8571428571428571,0.0,1.0,6.0,3.0,0.0,0.0,0.0,0.0,0.0,0.0,0.0,0.0,0.0,1.0,PASS_TURN,0.0,0.0,23,opponent,213
24.0,0.1,0.8571428571428571,0.0,1.0,6.0,3.0,0.0,0.0,0.0,0.0,0.0,0.0,0.0,0.0,0.0,1.0,PASS_TURN,0.0,0.0,24,opponent,213
1.0,1.0,1.0,0.0,1.0,6.0,6.0,2.0,7.0,0.0,0.0,0.0,0.0,1.0,0.0,0.0,0.0,PLAY_BASIC_TO_BENCH,0.2,1.8,1,opponent,214
2.0,0.5,1.0,1.0,1.0,6.0,6.0,2.0,6.0,0.0,0.0,1.0,0.0,0.0,0.0,0.0,0.0,ATTACH_ENERGY,0.3,0.7,2,opponent,214
3.0,0.5,1.0,1.0,1.0,6.0,6.0,1.0,6.0,1.0,0.0,0.0,0.0,0.0,0.0,0.0,0.0,ATTACK,1.5,0.2999999999999999,3,opponent,214
4.0,0.3333333333333333,0.75,1.0,1.0,6.0,6.0,1.0,6.0,1.0,0.0,0.0,0.0,0.0,0.0,0.0,0.0,ATTACK,1.5,0.29999999999999993,4,opponent,214
5.0,0.3333333333333333,0.5,1.0,1.0,6.0,6.0,1.0,6.0,1.0,0.0,0.0,0.0,0.0,0.0,0.0,0.0,ATTACK,1.5,0.30000000000000004,5,opponent,214
6.0,1.0,0.25,0.0,1.0,6.0,5.0,1.0,6.0,0.0,0.0,0.0,1.0,0.0,0.0,0.0,0.0,PLAY_SUPPORTER,0.4,0.0,6,opponent,214
7.0,0.5555555555555556,0.25,0.0,1.0,6.0,5.0,1.0,5.0,0.0,0.0,0.0,1.0,0.0,0.0,0.0,0.0,PLAY_SUPPORTER,0.4,0.0,7,opponent,214
8.0,0.5555555555555556,0.25,0.0,1.0,6.0,5.0,1.0,4.0,0.0,0.0,0.0,1.0,0.0,0.0,0.0,0.0,PLAY_SUPPORTER,0.4,0.0,8,opponent,214
9.0,0.4444444444444444,0.25,0.0,1.0,6.0,5.0,1.0,3.0,0.0,0.0,0.0,1.0,0.0,0.0,0.0,0.0,PLAY_SUPPORTER,0.4,0.0,9,opponent,214
10.0,0.2222222222222222,0.25,0.0,1.0,6.0,5.0,1.0,2.0,0.0,0.0,0.0,1.0,0.0,0.0,0.0,0.0,PLAY_SUPPORTER,0.4,0.0,10,opponent,214
1.0,1.0,1.0,2.0,0.0,6.0,6.0,3.0,2.0,0.0,0.0,1.0,0.0,0.0,0.0,0.0,0.0,ATTACH_ENERGY,0.3,0.6999999999999993,1,opponent,215
2.0,0.75,1.0,2.0,0.0,6.0,6.0,2.0,2.0,0.0,0.0,0.0,0.0,1.0,0.0,0.0,0.0,PLAY_BASIC_TO_BENCH,0.2,2.299999999999999,2,opponent,215
3.0,0.625,1.0,3.0,0.0,6.0,6.0,2.0,1.0,1.0,0.0,0.0,0.0,0.0,0.0,0.0,0.0,ATTACK,1.5,0.3000000000000007,3,opponent,215
4.0,0.125,0.5,3.0,0.0,6.0,6.0,2.0,1.0,0.0,1.0,0.0,0.0,0.0,0.0,0.0,0.0,RETREAT,-0.1,0.0,4,opponent,215
5.0,0.6666666666666666,0.5,3.0,0.0,6.0,6.0,2.0,1.0,0.0,0.0,0.0,1.0,0.0,0.0,0.0,0.0,PLAY_SUPPORTER,0.4,0.0,5,opponent,215
6.0,0.2222222222222222,0.5,3.0,0.0,6.0,6.0,2.0,0.0,0.0,1.0,0.0,0.0,0.0,0.0,0.0,0.0,RETREAT,-0.1,0.0,6,opponent,215
7.0,0.6,0.5,3.0,0.0,6.0,6.0,2.0,0.0,0.0,0.0,0.0,0.0,0.0,0.0,0.0,1.0,PASS_TURN,0.0,0.0,7,opponent,215
8.0,0.3,0.5,3.0,0.0,6.0,6.0,2.0,0.0,0.0,0.0,1.0,0.0,0.0,0.0,0.0,0.0,ATTACH_ENERGY,0.3,0.30000000000000027,8,opponent,215
9.0,0.3,0.5,3.0,0.0,6.0,6.0,1.0,0.0,0.0,0.0,1.0,0.0,0.0,0.0,0.0,0.0,ATTACH_ENERGY,0.3,0.2999999999999994,9,opponent,215
10.0,0.3,0.5,3.0,0.0,6.0,6.0,0.0,0.0,1.0,0.0,0.0,0.0,0.0,0.0,0.0,0.0,ATTACK,1.0,0.20000000000000018,10,opponent,215
11.0,0.2222222222222222,0.16666666666666666,2.0,0.0,6.0,5.0,0.0,0.0,0.0,1.0,0.0,0.0,0.0,0.0,0.0,0.0,RETREAT,-0.1,0.0,11,opponent,215
12.0,0.2222222222222222,0.16666666666666666,1.0,0.0,6.0,4.0,0.0,0.0,0.0,1.0,0.0,0.0,0.0,0.0,0.0,0.0,RETREAT,-0.1,0.0,12,opponent,215
13.0,0.7857142857142857,0.16666666666666666,1.0,0.0,6.0,4.0,0.0,0.0,0.0,0.0,0.0,0.0,0.0,0.0,0.0,1.0,PASS_TURN,0.0,0.0,13,opponent,215
14.0,0.6428571428571429,0.16666666666666666,1.0,0.0,6.0,4.0,0.0,0.0,0.0,0.0,0.0,0.0,0.0,0.0,0.0,1.0,PASS_TURN,0.0,0.0,14,opponent,215
15.0,0.5714285714285714,0.16666666666666666,1.0,0.0,6.0,4.0,0.0,0.0,0.0,0.0,0.0,0.0,0.0,0.0,0.0,1.0,PASS_TURN,0.0,0.0,15,opponent,215
16.0,0.5,0.16666666666666666,1.0,0.0,6.0,4.0,0.0,0.0,0.0,0.0,0.0,0.0,0.0,0.0,0.0,1.0,PASS_TURN,0.0,0.0,16,opponent,215
17.0,0.35714285714285715,0.16666666666666666,1.0,0.0,6.0,4.0,0.0,0.0,0.0,0.0,0.0,0.0,0.0,0.0,0.0,1.0,PASS_TURN,0.0,0.0,17,opponent,215
18.0,0.21428571428571427,0.16666666666666666,1.0,0.0,6.0,4.0,0.0,0.0,0.0,1.0,0.0,0.0,0.0,0.0,0.0,0.0,RETREAT,-0.1,0.0,18,opponent,215
19.0,0.21428571428571427,0.16666666666666666,0.0,0.0,6.0,3.0,0.0,0.0,0.0,0.0,0.0,0.0,0.0,0.0,0.0,1.0,PASS_TURN,0.0,0.0,19,opponent,215
1.0,1.0,1.0,1.0,0.0,6.0,6.0,3.0,2.0,0.0,0.0,1.0,0.0,0.0,0.0,0.0,0.0,ATTACH_ENERGY,0.3,0.6999999999999997,1,opponent,216
2.0,0.8888888888888888,1.0,1.0,0.0,6.0,6.0,2.0,2.0,0.0,0.0,1.0,0.0,0.0,0.0,0.0,0.0,ATTACH_ENERGY,0.3,0.7000000000000002,2,opponent,216
3.0,0.8888888888888888,1.0,1.0,0.0,6.0,6.0,1.0,2.0,0.0,0.0,1.0,0.0,0.0,0.0,0.0,0.0,ATTACH_ENERGY,0.3,0.6999999999999997,3,opponent,216
4.0,0.5555555555555556,1.0,1.0,0.0,6.0,6.0,0.0,2.0,1.0,0.0,0.0,0.0,0.0,0.0,0.0,0.0,ATTACK,0.5,0.10000000000000009,4,opponent,216
5.0,0.3333333333333333,0.9285714285714286,1.0,0.0,6.0,6.0,0.0,2.0,0.0,0.0,0.0,1.0,0.0,0.0,0.0,0.0,PLAY_SUPPORTER,0.4,0.0,5,opponent,216
6.0,0.1111111111111111,0.9285714285714286,1.0,0.0,6.0,6.0,0.0,1.0,0.0,1.0,0.0,0.0,0.0,0.0,0.0,0.0,RETREAT,-0.1,0.0,6,opponent,216
7.0,0.6666666666666666,0.9285714285714286,1.0,0.0,6.0,6.0,0.0,1.0,0.0,0.0,0.0,0.0,0.0,0.0,0.0,1.0,PASS_TURN,0.0,0.0,7,opponent,216
8.0,0.5,0.9285714285714286,1.0,0.0,6.0,6.0,0.0,1.0,0.0,0.0,0.0,1.0,0.0,0.0,0.0,0.0,PLAY_SUPPORTER,0.4,0.0,8,opponent,216
9.0,0.5,0.9285714285714286,1.0,0.0,6.0,6.0,0.0,0.0,0.0,0.0,0.0,0.0,0.0,0.0,0.0,1.0,PASS_TURN,0.0,0.0,9,opponent,216
10.0,0.5,0.9285714285714286,1.0,0.0,6.0,6.0,0.0,0.0,0.0,0.0,0.0,0.0,0.0,0.0,0.0,1.0,PASS_TURN,0.0,0.0,10,opponent,216
11.0,0.16666666666666666,0.9285714285714286,1.0,0.0,6.0,6.0,0.0,0.0,0.0,1.0,0.0,0.0,0.0,0.0,0.0,0.0,RETREAT,-0.1,0.0,11,opponent,216
12.0,0.1111111111111111,0.9285714285714286,1.0,0.0,6.0,6.0,0.0,0.0,0.0,1.0,0.0,0.0,0.0,0.0,0.0,0.0,RETREAT,-0.1,0.0,12,opponent,216
13.0,0.16666666666666666,0.9285714285714286,1.0,0.0,6.0,6.0,0.0,0.0,0.0,1.0,0.0,0.0,0.0,0.0,0.0,0.0,RETREAT,-0.1,0.0,13,opponent,216
14.0,0.16666666666666666,0.9285714285714286,0.0,0.0,6.0,5.0,0.0,0.0,0.0,0.0,0.0,0.0,0.0,0.0,0.0,1.0,PASS_TURN,0.0,0.0,14,opponent,216
1.0,1.0,1.0,2.0,1.0,6.0,6.0,0.0,5.0,0.0,0.0,0.0,1.0,0.0,0.0,0.0,0.0,PLAY_SUPPORTER,0.4,0.0,1,opponent,217
2.0,1.0,1.0,2.0,1.0,6.0,6.0,0.0,4.0,0.0,0.0,0.0,1.0,0.0,0.0,0.0,0.0,PLAY_SUPPORTER,0.4,0.0,2,opponent,217
3.0,0.7857142857142857,1.0,2.0,1.0,6.0,6.0,0.0,3.0,0.0,0.0,0.0,0.0,0.0,0.0,0.0,1.0,PASS_TURN,0.0,0.0,3,opponent,217
4.0,0.6428571428571429,1.0,2.0,1.0,6.0,6.0,0.0,3.0,0.0,0.0,0.0,1.0,0.0,0.0,0.0,0.0,PLAY_SUPPORTER,0.4,0.0,4,opponent,217
5.0,0.6428571428571429,1.0,2.0,1.0,6.0,6.0,0.0,2.0,0.0,1.0,0.0,0.0,0.0,0.0,0.0,0.0,RETREAT,-0.1,0.0,5,opponent,217
6.0,0.8333333333333334,1.0,2.0,1.0,6.0,6.0,0.0,2.0,0.0,0.0,0.0,1.0,0.0,0.0,0.0,0.0,PLAY_SUPPORTER,0.4,0.0,6,opponent,217
7.0,0.16666666666666666,1.0,2.0,1.0,6.0,6.0,0.0,1.0,0.0,1.0,0.0,0.0,0.0,0.0,0.0,0.0,RETREAT,-0.1,0.0,7,opponent,217
8.0,0.7142857142857143,1.0,2.0,1.0,6.0,6.0,0.0,1.0,0.0,0.0,0.0,1.0,0.0,0.0,0.0,0.0,PLAY_SUPPORTER,0.4,0.0,8,opponent,217
9.0,0.7142857142857143,1.0,2.0,1.0,6.0,6.0,0.0,0.0,0.0,0.0,0.0,0.0,0.0,0.0,0.0,1.0,PASS_TURN,0.0,0.0,9,opponent,217
10.0,0.5,1.0,2.0,1.0,6.0,6.0,0.0,0.0,0.0,0.0,0.0,0.0,0.0,0.0,0.0,1.0,PASS_TURN,0.0,0.0,10,opponent,217
11.0,0.21428571428571427,1.0,2.0,1.0,6.0,6.0,0.0,0.0,0.0,1.0,0.0,0.0,0.0,0.0,0.0,0.0,RETREAT,-0.1,0.0,11,opponent,217
12.0,0.5714285714285714,1.0,2.0,1.0,6.0,6.0,0.0,0.0,0.0,0.0,0.0,0.0,0.0,0.0,0.0,1.0,PASS_TURN,0.0,0.0,12,opponent,217
13.0,0.5,1.0,2.0,1.0,6.0,6.0,0.0,0.0,0.0,0.0,0.0,0.0,0.0,0.0,0.0,1.0,PASS_TURN,0.0,0.0,13,opponent,217
14.0,0.21428571428571427,1.0,2.0,1.0,6.0,6.0,0.0,0.0,0.0,1.0,0.0,0.0,0.0,0.0,0.0,0.0,RETREAT,-0.1,0.0,14,opponent,217
15.0,0.07142857142857142,1.0,2.0,1.0,6.0,6.0,0.0,0.0,0.0,1.0,0.0,0.0,0.0,0.0,0.0,0.0,RETREAT,-0.1,0.0,15,opponent,217
16.0,0.21428571428571427,1.0,2.0,1.0,6.0,6.0,0.0,0.0,0.0,1.0,0.0,0.0,0.0,0.0,0.0,0.0,RETREAT,-0.1,0.0,16,opponent,217
17.0,0.21428571428571427,1.0,1.0,1.0,6.0,5.0,0.0,0.0,0.0,1.0,0.0,0.0,0.0,0.0,0.0,0.0,RETREAT,-0.1,0.0,17,opponent,217
18.0,0.21428571428571427,1.0,0.0,1.0,6.0,4.0,0.0,0.0,0.0,0.0,0.0,0.0,0.0,0.0,0.0,1.0,PASS_TURN,0.0,0.0,18,opponent,217
19.0,0.07142857142857142,1.0,0.0,1.0,6.0,4.0,0.0,0.0,0.0,0.0,0.0,0.0,0.0,0.0,0.0,1.0,PASS_TURN,0.0,0.0,19,opponent,217
1.0,1.0,1.0,2.0,0.0,6.0,6.0,0.0,3.0,0.0,0.0,0.0,1.0,0.0,0.0,0.0,0.0,PLAY_SUPPORTER,0.4,0.0,1,opponent,218
2.0,0.8571428571428571,1.0,2.0,0.0,6.0,6.0,0.0,2.0,0.0,1.0,0.0,0.0,0.0,0.0,0.0,0.0,RETREAT,-0.1,0.0,2,opponent,218
3.0,1.0,1.0,2.0,0.0,6.0,6.0,0.0,2.0,0.0,0.0,0.0,1.0,0.0,0.0,0.0,0.0,PLAY_SUPPORTER,0.4,0.0,3,opponent,218
4.0,1.0,1.0,2.0,0.0,6.0,6.0,0.0,1.0,0.0,0.0,0.0,1.0,0.0,0.0,0.0,0.0,PLAY_SUPPORTER,0.4,0.0,4,opponent,218
5.0,0.7,1.0,2.0,0.0,6.0,6.0,0.0,0.0,0.0,0.0,0.0,0.0,0.0,0.0,0.0,1.0,PASS_TURN,0.0,0.0,5,opponent,218
6.0,0.4,1.0,2.0,0.0,6.0,6.0,0.0,0.0,0.0,0.0,0.0,0.0,0.0,0.0,0.0,1.0,PASS_TURN,0.0,0.0,6,opponent,218
7.0,0.4,1.0,2.0,0.0,6.0,6.0,0.0,0.0,0.0,0.0,0.0,0.0,0.0,0.0,0.0,1.0,PASS_TURN,0.0,0.0,7,opponent,218
8.0,0.2,1.0,2.0,0.0,6.0,6.0,0.0,0.0,0.0,1.0,0.0,0.0,0.0,0.0,0.0,0.0,RETREAT,-0.1,0.0,8,opponent,218
9.0,0.5714285714285714,1.0,2.0,0.0,6.0,6.0,0.0,0.0,0.0,0.0,0.0,0.0,0.0,0.0,0.0,1.0,PASS_TURN,0.0,0.0,9,opponent,218
10.0,0.2,1.0,1.0,0.0,6.0,5.0,0.0,0.0,0.0,1.0,0.0,0.0,0.0,0.0,0.0,0.0,RETREAT,-0.1,0.0,10,opponent,218
11.0,0.5714285714285714,1.0,1.0,0.0,6.0,5.0,0.0,0.0,0.0,0.0,0.0,0.0,0.0,0.0,0.0,1.0,PASS_TURN,0.0,0.0,11,opponent,218
12.0,0.42857142857142855,1.0,1.0,0.0,6.0,5.0,0.0,0.0,0.0,0.0,0.0,0.0,0.0,0.0,0.0,1.0,PASS_TURN,0.0,0.0,12,opponent,218
13.0,0.21428571428571427,1.0,1.0,0.0,6.0,5.0,0.0,0.0,0.0,1.0,0.0,0.0,0.0,0.0,0.0,0.0,RETREAT,-0.1,0.0,13,opponent,218
14.0,0.2,1.0,1.0,0.0,6.0,5.0,0.0,0.0,0.0,1.0,0.0,0.0,0.0,0.0,0.0,0.0,RETREAT,-0.1,0.0,14,opponent,218
15.0,0.2,1.0,0.0,0.0,6.0,4.0,0.0,0.0,0.0,0.0,0.0,0.0,0.0,0.0,0.0,1.0,PASS_TURN,0.0,0.0,15,opponent,218
16.0,0.2,1.0,0.0,0.0,6.0,4.0,0.0,0.0,0.0,0.0,0.0,0.0,0.0,0.0,0.0,1.0,PASS_TURN,0.0,0.0,16,opponent,218
1.0,1.0,1.0,2.0,1.0,6.0,6.0,2.0,7.0,0.0,0.0,1.0,0.0,0.0,0.0,0.0,0.0,ATTACH_ENERGY,0.3,0.7000000000000002,1,me,219
2.0,1.0,1.0,2.0,1.0,6.0,6.0,1.0,7.0,0.0,0.0,1.0,0.0,0.0,0.0,0.0,0.0,ATTACH_ENERGY,0.3,0.7000000000000002,2,me,219
3.0,1.0,1.0,2.0,1.0,6.0,6.0,0.0,7.0,1.0,0.0,0.0,0.0,0.0,0.0,0.0,0.0,ATTACK,1.0,0.20000000000000018,3,me,219
4.0,1.0,0.75,2.0,1.0,6.0,6.0,0.0,7.0,1.0,0.0,0.0,0.0,0.0,0.0,0.0,0.0,ATTACK,1.0,0.1999999999999993,4,me,219
5.0,0.7857142857142857,0.5,2.0,1.0,6.0,6.0,0.0,7.0,1.0,0.0,0.0,0.0,0.0,0.0,0.0,0.0,ATTACK,1.0,0.19999999999999973,5,me,219
6.0,0.5714285714285714,0.25,2.0,1.0,6.0,6.0,0.0,7.0,1.0,0.0,0.0,0.0,0.0,0.0,0.0,0.0,ATTACK,6.0,-2.3000000000000003,6,me,219
7.0,0.35714285714285715,1.0,2.0,0.0,5.0,6.0,0.0,7.0,1.0,0.0,0.0,0.0,0.0,0.0,0.0,0.0,ATTACK,1.0,0.20000000000000018,7,me,219
8.0,0.35714285714285715,0.6666666666666666,2.0,0.0,5.0,6.0,0.0,7.0,1.0,0.0,0.0,0.0,0.0,0.0,0.0,0.0,ATTACK,1.0,0.19999999999999996,8,me,219
9.0,0.35714285714285715,0.3333333333333333,2.0,0.0,5.0,6.0,0.0,7.0,1.0,0.0,0.0,0.0,0.0,0.0,0.0,0.0,ATTACK,6.0,-2.8,9,me,219
1.0,1.0,1.0,0.0,3.0,6.0,6.0,3.0,4.0,0.0,0.0,1.0,0.0,0.0,0.0,0.0,0.0,ATTACH_ENERGY,0.3,0.7000000000000002,1,opponent,220
2.0,1.0,1.0,0.0,3.0,6.0,6.0,2.0,4.0,0.0,0.0,0.0,0.0,1.0,0.0,0.0,0.0,PLAY_BASIC_TO_BENCH,0.2,1.8999999999999995,2,opponent,220
3.0,0.8571428571428571,1.0,1.0,3.0,6.0,6.0,2.0,3.0,1.0,0.0,0.0,0.0,0.0,0.0,0.0,0.0,ATTACK,1.5,0.2999999999999998,3,opponent,220
4.0,0.2857142857142857,0.625,1.0,3.0,6.0,6.0,2.0,3.0,1.0,0.0,0.0,0.0,0.0,0.0,0.0,0.0,ATTACK,1.5,0.3000000000000007,4,opponent,220
5.0,0.14285714285714285,0.25,1.0,3.0,6.0,6.0,2.0,3.0,1.0,0.0,0.0,0.0,0.0,0.0,0.0,0.0,ATTACK,6.5,-2.3,5,opponent,220
6.0,0.14285714285714285,1.0,1.0,2.0,5.0,6.0,2.0,3.0,1.0,0.0,0.0,0.0,0.0,0.0,0.0,0.0,ATTACK,1.5,0.2999999999999998,6,opponent,220
7.0,0.14285714285714285,0.75,1.0,2.0,5.0,6.0,2.0,3.0,1.0,0.0,0.0,0.0,0.0,0.0,0.0,0.0,ATTACK,1.5,0.2999999999999998,7,opponent,220
8.0,1.0,0.5,0.0,2.0,5.0,5.0,2.0,3.0,0.0,0.0,0.0,1.0,0.0,0.0,0.0,0.0,PLAY_SUPPORTER,0.4,0.0,8,opponent,220
9.0,0.6,0.5,0.0,2.0,5.0,5.0,2.0,2.0,0.0,0.0,0.0,1.0,0.0,0.0,0.0,0.0,PLAY_SUPPORTER,0.4,0.0,9,opponent,220
10.0,0.4,0.5,0.0,2.0,5.0,5.0,2.0,1.0,0.0,0.0,0.0,1.0,0.0,0.0,0.0,0.0,PLAY_SUPPORTER,0.4,0.0,10,opponent,220
11.0,0.4,0.5,0.0,2.0,5.0,5.0,2.0,0.0,0.0,0.0,1.0,0.0,0.0,0.0,0.0,0.0,ATTACH_ENERGY,0.3,0.2999999999999998,11,opponent,220
12.0,0.3,0.5,0.0,2.0,5.0,5.0,1.0,0.0,0.0,0.0,1.0,0.0,0.0,0.0,0.0,0.0,ATTACH_ENERGY,0.3,0.30000000000000027,12,opponent,220
1.0,1.0,1.0,0.0,2.0,6.0,6.0,2.0,7.0,0.0,0.0,1.0,0.0,0.0,0.0,0.0,0.0,ATTACH_ENERGY,0.3,0.6999999999999997,1,opponent,221
2.0,0.875,1.0,0.0,2.0,6.0,6.0,1.0,7.0,0.0,0.0,1.0,0.0,0.0,0.0,0.0,0.0,ATTACH_ENERGY,0.3,0.7000000000000004,2,opponent,221
3.0,0.375,1.0,0.0,2.0,6.0,6.0,0.0,7.0,1.0,0.0,0.0,0.0,0.0,0.0,0.0,0.0,ATTACK,0.5,0.10000000000000009,3,opponent,221
1.0,1.0,1.0,2.0,0.0,6.0,6.0,0.0,2.0,0.0,0.0,0.0,1.0,0.0,0.0,0.0,0.0,PLAY_SUPPORTER,0.4,0.0,1,opponent,222
2.0,0.9166666666666666,1.0,2.0,0.0,6.0,6.0,0.0,1.0,0.0,0.0,0.0,1.0,0.0,0.0,0.0,0.0,PLAY_SUPPORTER,0.4,0.0,2,opponent,222
3.0,0.75,1.0,2.0,0.0,6.0,6.0,0.0,0.0,0.0,0.0,0.0,0.0,0.0,0.0,0.0,1.0,PASS_TURN,0.0,0.0,3,opponent,222
4.0,0.6666666666666666,1.0,2.0,0.0,6.0,6.0,0.0,0.0,0.0,0.0,0.0,0.0,0.0,0.0,0.0,1.0,PASS_TURN,0.0,0.0,4,opponent,222
5.0,0.3333333333333333,1.0,2.0,0.0,6.0,6.0,0.0,0.0,0.0,0.0,0.0,0.0,0.0,0.0,0.0,1.0,PASS_TURN,0.0,0.0,5,opponent,222
6.0,0.3333333333333333,1.0,2.0,0.0,6.0,6.0,0.0,0.0,0.0,0.0,0.0,0.0,0.0,0.0,0.0,1.0,PASS_TURN,0.0,0.0,6,opponent,222
7.0,0.08333333333333333,1.0,2.0,0.0,6.0,6.0,0.0,0.0,0.0,1.0,0.0,0.0,0.0,0.0,0.0,0.0,RETREAT,-0.1,0.0,7,opponent,222
8.0,0.5555555555555556,1.0,2.0,0.0,6.0,6.0,0.0,0.0,0.0,0.0,0.0,0.0,0.0,0.0,0.0,1.0,PASS_TURN,0.0,0.0,8,opponent,222
9.0,0.2222222222222222,1.0,2.0,0.0,6.0,6.0,0.0,0.0,0.0,1.0,0.0,0.0,0.0,0.0,0.0,0.0,RETREAT,-0.1,0.0,9,opponent,222
10.0,0.08333333333333333,1.0,2.0,0.0,6.0,6.0,0.0,0.0,0.0,1.0,0.0,0.0,0.0,0.0,0.0,0.0,RETREAT,-0.1,0.0,10,opponent,222
11.0,0.08333333333333333,1.0,1.0,0.0,6.0,5.0,0.0,0.0,0.0,1.0,0.0,0.0,0.0,0.0,0.0,0.0,RETREAT,-0.1,0.0,11,opponent,222
12.0,1.0,1.0,1.0,0.0,6.0,5.0,0.0,0.0,0.0,0.0,0.0,0.0,0.0,0.0,0.0,1.0,PASS_TURN,0.0,0.0,12,opponent,222
13.0,1.0,1.0,1.0,0.0,6.0,5.0,0.0,0.0,0.0,0.0,0.0,0.0,0.0,0.0,0.0,1.0,PASS_TURN,0.0,0.0,13,opponent,222
14.0,0.75,1.0,1.0,0.0,6.0,5.0,0.0,0.0,0.0,0.0,0.0,0.0,0.0,0.0,0.0,1.0,PASS_TURN,0.0,0.0,14,opponent,222
15.0,0.625,1.0,1.0,0.0,6.0,5.0,0.0,0.0,0.0,0.0,0.0,0.0,0.0,0.0,0.0,1.0,PASS_TURN,0.0,0.0,15,opponent,222
16.0,0.5,1.0,1.0,0.0,6.0,5.0,0.0,0.0,0.0,0.0,0.0,0.0,0.0,0.0,0.0,1.0,PASS_TURN,0.0,0.0,16,opponent,222
17.0,0.25,1.0,1.0,0.0,6.0,5.0,0.0,0.0,0.0,0.0,0.0,0.0,0.0,0.0,0.0,1.0,PASS_TURN,0.0,0.0,17,opponent,222
18.0,0.08333333333333333,1.0,0.0,0.0,6.0,4.0,0.0,0.0,0.0,0.0,0.0,0.0,0.0,0.0,0.0,1.0,PASS_TURN,0.0,0.0,18,opponent,222
1.0,1.0,1.0,0.0,3.0,6.0,6.0,2.0,2.0,0.0,0.0,1.0,0.0,0.0,0.0,0.0,0.0,ATTACH_ENERGY,0.3,0.6999999999999997,1,opponent,223
2.0,1.0,1.0,0.0,3.0,6.0,6.0,1.0,2.0,0.0,0.0,1.0,0.0,0.0,0.0,0.0,0.0,ATTACH_ENERGY,0.3,0.7000000000000002,2,opponent,223
3.0,0.75,1.0,0.0,3.0,6.0,6.0,0.0,2.0,1.0,0.0,0.0,0.0,0.0,0.0,0.0,0.0,ATTACK,0.5,0.09999999999999964,3,opponent,223
4.0,0.625,0.8571428571428571,0.0,3.0,6.0,6.0,0.0,2.0,1.0,0.0,0.0,0.0,0.0,0.0,0.0,0.0,ATTACK,0.5,0.09999999999999964,4,opponent,223
5.0,0.625,0.7142857142857143,0.0,3.0,6.0,6.0,0.0,2.0,1.0,0.0,0.0,0.0,0.0,0.0,0.0,0.0,ATTACK,0.5,0.10000000000000009,5,opponent,223
6.0,0.625,0.5714285714285714,0.0,3.0,6.0,6.0,0.0,2.0,1.0,0.0,0.0,0.0,0.0,0.0,0.0,0.0,ATTACK,0.5,0.10000000000000009,6,opponent,223
7.0,0.25,0.42857142857142855,0.0,3.0,6.0,6.0,0.0,2.0,0.0,0.0,0.0,1.0,0.0,0.0,0.0,0.0,PLAY_SUPPORTER,0.4,0.0,7,opponent,223
8.0,0.25,0.42857142857142855,0.0,3.0,6.0,6.0,0.0,1.0,1.0,0.0,0.0,0.0,0.0,0.0,0.0,0.0,ATTACK,0.5,0.09999999999999964,8,opponent,223
1.0,1.0,1.0,0.0,2.0,6.0,6.0,1.0,4.0,0.0,0.0,1.0,0.0,0.0,0.0,0.0,0.0,ATTACH_ENERGY,0.3,0.6999999999999997,1,opponent,224
2.0,0.6666666666666666,1.0,0.0,2.0,6.0,6.0,0.0,4.0,1.0,0.0,0.0,0.0,0.0,0.0,0.0,0.0,ATTACK,1.5,0.3000000000000007,2,opponent,224
3.0,0.16666666666666666,0.5714285714285714,0.0,2.0,6.0,6.0,0.0,4.0,1.0,0.0,0.0,0.0,0.0,0.0,0.0,0.0,ATTACK,1.5,0.3000000000000007,3,opponent,224
1.0,1.0,1.0,0.0,0.0,6.0,6.0,2.0,4.0,0.0,0.0,1.0,0.0,0.0,0.0,0.0,0.0,ATTACH_ENERGY,0.3,0.7000000000000001,1,me,225
2.0,0.7142857142857143,1.0,0.0,0.0,6.0,6.0,1.0,4.0,1.0,0.0,0.0,0.0,0.0,0.0,0.0,0.0,ATTACK,1.5,0.30000000000000004,2,me,225
3.0,0.5714285714285714,0.5,0.0,0.0,6.0,6.0,1.0,4.0,1.0,0.0,0.0,0.0,0.0,0.0,0.0,0.0,ATTACK,6.5,-2.7,3,me,225
1.0,1.0,1.0,0.0,3.0,6.0,6.0,2.0,7.0,0.0,0.0,1.0,0.0,0.0,0.0,0.0,0.0,ATTACH_ENERGY,0.3,0.6999999999999997,1,opponent,226
2.0,0.9285714285714286,1.0,0.0,3.0,6.0,6.0,1.0,7.0,1.0,0.0,0.0,0.0,0.0,0.0,0.0,0.0,ATTACK,1.5,0.30000000000000027,2,opponent,226
3.0,0.9285714285714286,0.625,0.0,3.0,6.0,6.0,1.0,7.0,1.0,0.0,0.0,0.0,0.0,0.0,0.0,0.0,ATTACK,1.5,0.2999999999999998,3,opponent,226
4.0,0.9285714285714286,0.25,0.0,3.0,6.0,6.0,1.0,7.0,1.0,0.0,0.0,0.0,0.0,0.0,0.0,0.0,ATTACK,6.5,-2.3,4,opponent,226
5.0,0.7142857142857143,1.0,0.0,2.0,5.0,6.0,1.0,7.0,1.0,0.0,0.0,0.0,0.0,0.0,0.0,0.0,ATTACK,1.5,0.2999999999999998,5,opponent,226
6.0,0.6428571428571429,0.5,0.0,2.0,5.0,6.0,1.0,7.0,0.0,0.0,1.0,0.0,0.0,0.0,0.0,0.0,ATTACH_ENERGY,0.3,0.2999999999999998,6,opponent,226
7.0,0.42857142857142855,0.5,0.0,2.0,5.0,6.0,0.0,7.0,1.0,0.0,0.0,0.0,0.0,0.0,0.0,0.0,ATTACK,6.5,-2.2,7,opponent,226
8.0,0.21428571428571427,1.0,0.0,1.0,4.0,6.0,0.0,7.0,1.0,0.0,0.0,0.0,0.0,0.0,0.0,0.0,ATTACK,1.5,0.2999999999999998,8,opponent,226
9.0,0.21428571428571427,0.625,0.0,1.0,4.0,6.0,0.0,7.0,1.0,0.0,0.0,0.0,0.0,0.0,0.0,0.0,ATTACK,1.5,0.2999999999999998,9,opponent,226
10.0,0.07142857142857142,0.25,0.0,1.0,4.0,6.0,0.0,7.0,1.0,0.0,0.0,0.0,0.0,0.0,0.0,0.0,ATTACK,6.5,-2.299999999999999,10,opponent,226
1.0,1.0,1.0,3.0,2.0,6.0,6.0,3.0,3.0,0.0,0.0,1.0,0.0,0.0,0.0,0.0,0.0,ATTACH_ENERGY,0.3,0.6999999999999997,1,opponent,227
2.0,0.7142857142857143,1.0,3.0,2.0,6.0,6.0,2.0,3.0,0.0,0.0,1.0,0.0,0.0,0.0,0.0,0.0,ATTACH_ENERGY,0.3,0.6999999999999997,2,opponent,227
3.0,0.7142857142857143,1.0,3.0,2.0,6.0,6.0,1.0,3.0,0.0,0.0,1.0,0.0,0.0,0.0,0.0,0.0,ATTACH_ENERGY,0.3,0.7000000000000002,3,opponent,227
4.0,0.2857142857142857,1.0,3.0,2.0,6.0,6.0,0.0,3.0,0.0,1.0,0.0,0.0,0.0,0.0,0.0,0.0,RETREAT,-0.1,0.0,4,opponent,227
5.0,0.8333333333333334,1.0,3.0,2.0,6.0,6.0,0.0,3.0,1.0,0.0,0.0,0.0,0.0,0.0,0.0,0.0,ATTACK,1.0,0.20000000000000007,5,opponent,227
6.0,0.5,0.7142857142857143,3.0,2.0,6.0,6.0,0.0,3.0,1.0,0.0,0.0,0.0,0.0,0.0,0.0,0.0,ATTACK,1.0,0.19999999999999996,6,opponent,227
7.0,0.25,0.42857142857142855,3.0,2.0,6.0,6.0,0.0,3.0,0.0,1.0,0.0,0.0,0.0,0.0,0.0,0.0,RETREAT,-0.1,0.0,7,opponent,227
8.0,0.25,0.42857142857142855,2.0,2.0,6.0,5.0,0.0,3.0,1.0,0.0,0.0,0.0,0.0,0.0,0.0,0.0,ATTACK,1.0,0.19999999999999973,8,opponent,227
9.0,0.25,0.14285714285714285,2.0,2.0,6.0,5.0,0.0,3.0,1.0,0.0,0.0,0.0,0.0,0.0,0.0,0.0,ATTACK,6.0,-2.4,9,opponent,227
10.0,1.0,1.0,1.0,1.0,5.0,4.0,0.0,3.0,0.0,0.0,0.0,1.0,0.0,0.0,0.0,0.0,PLAY_SUPPORTER,0.4,0.0,10,opponent,227
11.0,0.6666666666666666,1.0,1.0,1.0,5.0,4.0,0.0,2.0,0.0,0.0,0.0,1.0,0.0,0.0,0.0,0.0,PLAY_SUPPORTER,0.4,0.0,11,opponent,227
12.0,1.0,1.0,0.0,1.0,5.0,3.0,0.0,1.0,0.0,0.0,0.0,1.0,0.0,0.0,0.0,0.0,PLAY_SUPPORTER,0.4,0.0,12,opponent,227
13.0,0.5555555555555556,1.0,0.0,1.0,5.0,3.0,0.0,0.0,0.0,0.0,0.0,0.0,0.0,0.0,0.0,1.0,PASS_TURN,0.0,0.0,13,opponent,227
14.0,0.1111111111111111,1.0,0.0,1.0,5.0,3.0,0.0,0.0,0.0,0.0,0.0,0.0,0.0,0.0,0.0,1.0,PASS_TURN,0.0,0.0,14,opponent,227
1.0,1.0,1.0,1.0,1.0,6.0,6.0,1.0,7.0,0.0,0.0,1.0,0.0,0.0,0.0,0.0,0.0,ATTACH_ENERGY,0.3,0.7,1,opponent,228
2.0,0.9285714285714286,1.0,1.0,1.0,6.0,6.0,0.0,7.0,1.0,0.0,0.0,0.0,0.0,0.0,0.0,0.0,ATTACK,1.5,0.30000000000000004,2,opponent,228
3.0,0.7857142857142857,0.6666666666666666,1.0,1.0,6.0,6.0,0.0,7.0,1.0,0.0,0.0,0.0,0.0,0.0,0.0,0.0,ATTACK,1.5,0.30000000000000004,3,opponent,228
4.0,0.7142857142857143,0.3333333333333333,1.0,1.0,6.0,6.0,0.0,7.0,1.0,0.0,0.0,0.0,0.0,0.0,0.0,0.0,ATTACK,6.5,-2.2,4,opponent,228
5.0,0.42857142857142855,1.0,1.0,0.0,5.0,6.0,0.0,7.0,0.0,0.0,0.0,1.0,0.0,0.0,0.0,0.0,PLAY_SUPPORTER,0.4,0.0,5,opponent,228
6.0,0.14285714285714285,1.0,1.0,0.0,5.0,6.0,0.0,6.0,1.0,0.0,0.0,0.0,0.0,0.0,0.0,0.0,ATTACK,1.5,0.30000000000000004,6,opponent,228
7.0,1.0,0.75,0.0,0.0,5.0,5.0,0.0,6.0,0.0,0.0,0.0,1.0,0.0,0.0,0.0,0.0,PLAY_SUPPORTER,0.4,0.0,7,opponent,228
8.0,0.6,0.75,0.0,0.0,5.0,5.0,0.0,5.0,0.0,0.0,0.0,0.0,0.0,0.0,0.0,1.0,PASS_TURN,0.0,0.0,8,opponent,228
9.0,0.5,0.75,0.0,0.0,5.0,5.0,0.0,5.0,0.0,0.0,0.0,1.0,0.0,0.0,0.0,0.0,PLAY_SUPPORTER,0.4,0.0,9,opponent,228
10.0,0.4,0.75,0.0,0.0,5.0,5.0,0.0,4.0,0.0,0.0,0.0,1.0,0.0,0.0,0.0,0.0,PLAY_SUPPORTER,0.4,0.0,10,opponent,228
1.0,1.0,1.0,1.0,2.0,6.0,6.0,3.0,7.0,0.0,0.0,1.0,0.0,0.0,0.0,0.0,0.0,ATTACH_ENERGY,0.3,0.7,1,opponent,229
2.0,1.0,1.0,1.0,2.0,6.0,6.0,2.0,7.0,1.0,0.0,0.0,0.0,0.0,0.0,0.0,0.0,ATTACK,1.0,0.19999999999999996,2,opponent,229
3.0,1.0,0.6666666666666666,1.0,2.0,6.0,6.0,2.0,7.0,1.0,0.0,0.0,0.0,0.0,0.0,0.0,0.0,ATTACK,1.0,0.20000000000000018,3,opponent,229
4.0,1.0,0.3333333333333333,1.0,2.0,6.0,6.0,2.0,7.0,1.0,0.0,0.0,0.0,0.0,0.0,0.0,0.0,ATTACK,6.0,-2.3,4,opponent,229
5.0,1.0,1.0,1.0,1.0,5.0,6.0,2.0,7.0,1.0,0.0,0.0,0.0,0.0,0.0,0.0,0.0,ATTACK,1.0,0.19999999999999996,5,opponent,229
6.0,0.6,0.7142857142857143,1.0,1.0,5.0,6.0,2.0,7.0,1.0,0.0,0.0,0.0,0.0,0.0,0.0,0.0,ATTACK,1.0,0.20000000000000018,6,opponent,229
7.0,0.3,0.42857142857142855,1.0,1.0,5.0,6.0,2.0,7.0,0.0,0.0,0.0,1.0,0.0,0.0,0.0,0.0,PLAY_SUPPORTER,0.4,0.0,7,opponent,229
8.0,0.2,0.42857142857142855,1.0,1.0,5.0,6.0,2.0,6.0,0.0,1.0,0.0,0.0,0.0,0.0,0.0,0.0,RETREAT,-0.1,0.0,8,opponent,229
9.0,0.8571428571428571,0.42857142857142855,1.0,1.0,5.0,6.0,2.0,6.0,0.0,0.0,0.0,1.0,0.0,0.0,0.0,0.0,PLAY_SUPPORTER,0.4,0.0,9,opponent,229
10.0,0.7142857142857143,0.42857142857142855,1.0,1.0,5.0,6.0,2.0,5.0,0.0,0.0,0.0,1.0,0.0,0.0,0.0,0.0,PLAY_SUPPORTER,0.4,0.0,10,opponent,229
11.0,0.6428571428571429,0.42857142857142855,1.0,1.0,5.0,6.0,2.0,4.0,0.0,0.0,0.0,1.0,0.0,0.0,0.0,0.0,PLAY_SUPPORTER,0.4,0.0,11,opponent,229
12.0,0.5714285714285714,0.42857142857142855,1.0,1.0,5.0,6.0,2.0,3.0,0.0,0.0,0.0,1.0,0.0,0.0,0.0,0.0,PLAY_SUPPORTER,0.4,0.0,12,opponent,229
13.0,0.42857142857142855,0.42857142857142855,1.0,1.0,5.0,6.0,2.0,2.0,0.0,0.0,0.0,1.0,0.0,0.0,0.0,0.0,PLAY_SUPPORTER,0.4,0.0,13,opponent,229
14.0,0.21428571428571427,0.42857142857142855,1.0,1.0,5.0,6.0,2.0,1.0,0.0,1.0,0.0,0.0,0.0,0.0,0.0,0.0,RETREAT,-0.1,0.0,14,opponent,229
15.0,0.1,0.42857142857142855,1.0,1.0,5.0,6.0,2.0,1.0,0.0,0.0,0.0,1.0,0.0,0.0,0.0,0.0,PLAY_SUPPORTER,0.4,0.0,15,opponent,229
16.0,0.21428571428571427,0.42857142857142855,0.0,1.0,5.0,5.0,2.0,0.0,0.0,0.0,0.0,0.0,0.0,0.0,0.0,1.0,PASS_TURN,0.0,0.0,16,opponent,229
17.0,0.14285714285714285,0.42857142857142855,0.0,1.0,5.0,5.0,2.0,0.0,0.0,0.0,0.0,0.0,0.0,0.0,0.0,1.0,PASS_TURN,0.0,0.0,17,opponent,229
18.0,0.14285714285714285,0.42857142857142855,0.0,1.0,5.0,5.0,2.0,0.0,0.0,0.0,1.0,0.0,0.0,0.0,0.0,0.0,ATTACH_ENERGY,0.3,0.30000000000000004,18,opponent,229
1.0,1.0,1.0,3.0,2.0,6.0,6.0,2.0,4.0,0.0,0.0,1.0,0.0,0.0,0.0,0.0,0.0,ATTACH_ENERGY,0.3,0.6999999999999997,1,opponent,230
2.0,0.8888888888888888,1.0,3.0,2.0,6.0,6.0,1.0,4.0,1.0,0.0,0.0,0.0,0.0,0.0,0.0,0.0,ATTACK,1.0,0.19999999999999973,2,opponent,230
3.0,0.7777777777777778,0.8333333333333334,3.0,2.0,6.0,6.0,1.0,4.0,1.0,0.0,0.0,0.0,0.0,0.0,0.0,0.0,ATTACK,1.0,0.1999999999999993,3,opponent,230
4.0,0.7777777777777778,0.6666666666666666,3.0,2.0,6.0,6.0,1.0,4.0,1.0,0.0,0.0,0.0,0.0,0.0,0.0,0.0,ATTACK,1.0,0.20000000000000107,4,opponent,230
5.0,0.3333333333333333,0.5,3.0,2.0,6.0,6.0,1.0,4.0,1.0,0.0,0.0,0.0,0.0,0.0,0.0,0.0,ATTACK,1.0,0.19999999999999973,5,opponent,230
6.0,1.0,0.3333333333333333,2.0,2.0,6.0,5.0,1.0,4.0,0.0,0.0,0.0,1.0,0.0,0.0,0.0,0.0,PLAY_SUPPORTER,0.4,0.0,6,opponent,230
7.0,0.9166666666666666,0.3333333333333333,2.0,2.0,6.0,5.0,1.0,3.0,0.0,1.0,0.0,0.0,0.0,0.0,0.0,0.0,RETREAT,-0.1,0.0,7,opponent,230
8.0,0.75,0.3333333333333333,2.0,2.0,6.0,5.0,1.0,3.0,0.0,0.0,0.0,1.0,0.0,0.0,0.0,0.0,PLAY_SUPPORTER,0.4,0.0,8,opponent,230
9.0,0.75,0.3333333333333333,2.0,2.0,6.0,5.0,1.0,2.0,0.0,0.0,0.0,1.0,0.0,0.0,0.0,0.0,PLAY_SUPPORTER,0.4,0.0,9,opponent,230
10.0,0.4166666666666667,0.3333333333333333,2.0,2.0,6.0,5.0,1.0,1.0,0.0,0.0,0.0,1.0,0.0,0.0,0.0,0.0,PLAY_SUPPORTER,0.4,0.0,10,opponent,230
11.0,0.3333333333333333,0.3333333333333333,2.0,2.0,6.0,5.0,1.0,0.0,0.0,0.0,1.0,0.0,0.0,0.0,0.0,0.0,ATTACH_ENERGY,0.3,0.2999999999999998,11,opponent,230
12.0,0.3333333333333333,0.3333333333333333,2.0,2.0,6.0,5.0,0.0,0.0,1.0,0.0,0.0,0.0,0.0,0.0,0.0,0.0,ATTACK,1.0,0.19999999999999973,12,opponent,230
13.0,0.08333333333333333,0.16666666666666666,2.0,2.0,6.0,5.0,0.0,0.0,1.0,0.0,0.0,0.0,0.0,0.0,0.0,0.0,ATTACK,6.0,-2.3,13,opponent,230
14.0,0.9166666666666666,1.0,1.0,1.0,5.0,4.0,0.0,0.0,0.0,0.0,0.0,0.0,0.0,0.0,0.0,1.0,PASS_TURN,0.0,0.0,14,opponent,230
15.0,0.5833333333333334,1.0,1.0,1.0,5.0,4.0,0.0,0.0,0.0,0.0,0.0,0.0,0.0,0.0,0.0,1.0,PASS_TURN,0.0,0.0,15,opponent,230
16.0,0.3333333333333333,1.0,1.0,1.0,5.0,4.0,0.0,0.0,0.0,0.0,0.0,0.0,0.0,0.0,0.0,1.0,PASS_TURN,0.0,0.0,16,opponent,230
17.0,1.0,1.0,0.0,1.0,5.0,3.0,0.0,0.0,0.0,0.0,0.0,0.0,0.0,0.0,0.0,1.0,PASS_TURN,0.0,0.0,17,opponent,230
18.0,0.6,1.0,0.0,1.0,5.0,3.0,0.0,0.0,0.0,0.0,0.0,0.0,0.0,0.0,0.0,1.0,PASS_TURN,0.0,0.0,18,opponent,230
19.0,0.4,1.0,0.0,1.0,5.0,3.0,0.0,0.0,0.0,0.0,0.0,0.0,0.0,0.0,0.0,1.0,PASS_TURN,0.0,0.0,19,opponent,230
20.0,0.1,1.0,0.0,1.0,5.0,3.0,0.0,0.0,0.0,0.0,0.0,0.0,0.0,0.0,0.0,1.0,PASS_TURN,0.0,0.0,20,opponent,230
1.0,1.0,1.0,1.0,2.0,6.0,6.0,3.0,6.0,0.0,0.0,1.0,0.0,0.0,0.0,0.0,0.0,ATTACH_ENERGY,0.3,0.7000000000000002,1,opponent,231
2.0,1.0,1.0,1.0,2.0,6.0,6.0,2.0,6.0,1.0,0.0,0.0,0.0,0.0,0.0,0.0,0.0,ATTACK,1.5,0.30000000000000004,2,opponent,231
3.0,1.0,0.7,1.0,2.0,6.0,6.0,2.0,6.0,1.0,0.0,0.0,0.0,0.0,0.0,0.0,0.0,ATTACK,1.5,0.2999999999999998,3,opponent,231
4.0,1.0,0.4,1.0,2.0,6.0,6.0,2.0,6.0,1.0,0.0,0.0,0.0,0.0,0.0,0.0,0.0,ATTACK,1.5,0.30000000000000004,4,opponent,231
5.0,0.5,0.1,1.0,2.0,6.0,6.0,2.0,6.0,1.0,0.0,0.0,0.0,0.0,0.0,0.0,0.0,ATTACK,6.5,-2.4,5,opponent,231
6.0,0.5,1.0,1.0,1.0,5.0,6.0,2.0,6.0,1.0,0.0,0.0,0.0,0.0,0.0,0.0,0.0,ATTACK,1.5,0.2999999999999998,6,opponent,231
7.0,1.0,0.7,0.0,1.0,5.0,5.0,2.0,6.0,0.0,0.0,0.0,1.0,0.0,0.0,0.0,0.0,PLAY_SUPPORTER,0.4,0.0,7,opponent,231
8.0,0.6666666666666666,0.7,0.0,1.0,5.0,5.0,2.0,5.0,0.0,0.0,0.0,1.0,0.0,0.0,0.0,0.0,PLAY_SUPPORTER,0.4,0.0,8,opponent,231
9.0,0.3333333333333333,0.7,0.0,1.0,5.0,5.0,2.0,4.0,0.0,0.0,0.0,1.0,0.0,0.0,0.0,0.0,PLAY_SUPPORTER,0.4,0.0,9,opponent,231
10.0,0.08333333333333333,0.7,0.0,1.0,5.0,5.0,2.0,3.0,0.0,0.0,0.0,1.0,0.0,0.0,0.0,0.0,PLAY_SUPPORTER,0.4,0.0,10,opponent,231
1.0,1.0,1.0,2.0,1.0,6.0,6.0,1.0,3.0,0.0,0.0,1.0,0.0,0.0,0.0,0.0,0.0,ATTACH_ENERGY,0.3,0.7000000000000001,1,opponent,232
2.0,0.8571428571428571,1.0,2.0,1.0,6.0,6.0,0.0,3.0,1.0,0.0,0.0,0.0,0.0,0.0,0.0,0.0,ATTACK,1.5,0.2999999999999998,2,opponent,232
3.0,0.7142857142857143,0.7857142857142857,2.0,1.0,6.0,6.0,0.0,3.0,1.0,0.0,0.0,0.0,0.0,0.0,0.0,0.0,ATTACK,1.5,0.30000000000000004,3,opponent,232
4.0,0.2857142857142857,0.5714285714285714,2.0,1.0,6.0,6.0,0.0,3.0,1.0,0.0,0.0,0.0,0.0,0.0,0.0,0.0,ATTACK,1.5,0.30000000000000004,4,opponent,232
5.0,1.0,0.35714285714285715,1.0,1.0,6.0,5.0,0.0,3.0,0.0,0.0,0.0,1.0,0.0,0.0,0.0,0.0,PLAY_SUPPORTER,0.4,0.0,5,opponent,232
6.0,0.625,0.35714285714285715,1.0,1.0,6.0,5.0,0.0,2.0,0.0,0.0,0.0,1.0,0.0,0.0,0.0,0.0,PLAY_SUPPORTER,0.4,0.0,6,opponent,232
7.0,0.375,0.35714285714285715,1.0,1.0,6.0,5.0,0.0,1.0,0.0,0.0,0.0,1.0,0.0,0.0,0.0,0.0,PLAY_SUPPORTER,0.4,0.0,7,opponent,232
8.0,0.125,0.35714285714285715,1.0,1.0,6.0,5.0,0.0,0.0,0.0,0.0,0.0,0.0,0.0,0.0,0.0,1.0,PASS_TURN,0.0,0.0,8,opponent,232
9.0,1.0,0.35714285714285715,0.0,1.0,6.0,4.0,0.0,0.0,0.0,0.0,0.0,0.0,0.0,0.0,0.0,1.0,PASS_TURN,0.0,0.0,9,opponent,232
10.0,0.8571428571428571,0.35714285714285715,0.0,1.0,6.0,4.0,0.0,0.0,0.0,0.0,0.0,0.0,0.0,0.0,0.0,1.0,PASS_TURN,0.0,0.0,10,opponent,232
11.0,0.5714285714285714,0.35714285714285715,0.0,1.0,6.0,4.0,0.0,0.0,0.0,0.0,0.0,0.0,0.0,0.0,0.0,1.0,PASS_TURN,0.0,0.0,11,opponent,232
12.0,0.14285714285714285,0.35714285714285715,0.0,1.0,6.0,4.0,0.0,0.0,0.0,0.0,0.0,0.0,0.0,0.0,0.0,1.0,PASS_TURN,0.0,0.0,12,opponent,232
1.0,1.0,1.0,0.0,3.0,6.0,6.0,3.0,2.0,0.0,0.0,1.0,0.0,0.0,0.0,0.0,0.0,ATTACH_ENERGY,0.3,0.6999999999999997,1,opponent,233
2.0,0.5555555555555556,1.0,0.0,3.0,6.0,6.0,2.0,2.0,0.0,0.0,0.0,0.0,0.0,0.0,0.0,1.0,PASS_TURN,0.0,0.0,2,opponent,233
3.0,0.1111111111111111,1.0,0.0,3.0,6.0,6.0,2.0,2.0,0.0,0.0,1.0,0.0,0.0,0.0,0.0,0.0,ATTACH_ENERGY,0.3,0.7000000000000006,3,opponent,233
1.0,1.0,1.0,1.0,2.0,6.0,6.0,2.0,5.0,0.0,0.0,1.0,0.0,0.0,0.0,0.0,0.0,ATTACH_ENERGY,0.3,0.7000000000000002,1,opponent,234
2.0,0.3333333333333333,1.0,1.0,2.0,6.0,6.0,1.0,5.0,1.0,0.0,0.0,0.0,0.0,0.0,0.0,0.0,ATTACK,1.5,0.30000000000000004,2,opponent,234
3.0,0.3333333333333333,0.625,1.0,2.0,6.0,6.0,1.0,5.0,1.0,0.0,0.0,0.0,0.0,0.0,0.0,0.0,ATTACK,1.5,0.30000000000000004,3,opponent,234
4.0,0.3333333333333333,0.25,1.0,2.0,6.0,6.0,1.0,5.0,1.0,0.0,0.0,0.0,0.0,0.0,0.0,0.0,ATTACK,6.5,-2.3000000000000007,4,opponent,234
5.0,0.3333333333333333,1.0,1.0,1.0,5.0,6.0,1.0,5.0,0.0,0.0,0.0,0.0,1.0,0.0,0.0,0.0,PLAY_BASIC_TO_BENCH,0.2,1.1,5,opponent,234
6.0,1.0,1.0,1.0,1.0,5.0,5.0,1.0,4.0,0.0,0.0,0.0,1.0,0.0,0.0,0.0,0.0,PLAY_SUPPORTER,0.4,0.0,6,opponent,234
7.0,0.8333333333333334,1.0,1.0,1.0,5.0,5.0,1.0,3.0,0.0,0.0,1.0,0.0,0.0,0.0,0.0,0.0,ATTACH_ENERGY,0.3,0.3,7,opponent,234
8.0,0.6666666666666666,1.0,1.0,1.0,5.0,5.0,0.0,3.0,1.0,0.0,0.0,0.0,0.0,0.0,0.0,0.0,ATTACK,0.5,0.09999999999999998,8,opponent,234
9.0,0.4166666666666667,0.9285714285714286,1.0,1.0,5.0,5.0,0.0,3.0,1.0,0.0,0.0,0.0,0.0,0.0,0.0,0.0,ATTACK,0.5,0.10000000000000009,9,opponent,234
10.0,0.16666666666666666,0.8571428571428571,1.0,1.0,5.0,5.0,0.0,3.0,0.0,1.0,0.0,0.0,0.0,0.0,0.0,0.0,RETREAT,-0.1,0.0,10,opponent,234
11.0,1.0,0.8571428571428571,1.0,1.0,5.0,5.0,0.0,3.0,0.0,0.0,0.0,0.0,0.0,0.0,0.0,1.0,PASS_TURN,0.0,0.0,11,opponent,234
12.0,0.5,0.8571428571428571,1.0,1.0,5.0,5.0,0.0,3.0,0.0,1.0,0.0,0.0,0.0,0.0,0.0,0.0,RETREAT,-0.1,0.0,12,opponent,234
13.0,0.16666666666666666,0.8571428571428571,1.0,1.0,5.0,5.0,0.0,3.0,0.0,1.0,0.0,0.0,0.0,0.0,0.0,0.0,RETREAT,-0.1,0.0,13,opponent,234
14.0,0.5,0.8571428571428571,1.0,1.0,5.0,5.0,0.0,3.0,0.0,0.0,0.0,1.0,0.0,0.0,0.0,0.0,PLAY_SUPPORTER,0.4,0.0,14,opponent,234
15.0,0.16666666666666666,0.8571428571428571,1.0,1.0,5.0,5.0,0.0,2.0,0.0,1.0,0.0,0.0,0.0,0.0,0.0,0.0,RETREAT,-0.1,0.0,15,opponent,234
16.0,0.16666666666666666,0.8571428571428571,0.0,1.0,5.0,4.0,0.0,2.0,0.0,0.0,0.0,1.0,0.0,0.0,0.0,0.0,PLAY_SUPPORTER,0.4,0.0,16,opponent,234
1.0,1.0,1.0,2.0,0.0,6.0,6.0,2.0,7.0,0.0,0.0,1.0,0.0,0.0,0.0,0.0,0.0,ATTACH_ENERGY,0.3,0.7000000000000002,1,me,235
2.0,0.9285714285714286,1.0,2.0,0.0,6.0,6.0,1.0,7.0,1.0,0.0,0.0,0.0,0.0,0.0,0.0,0.0,ATTACK,1.5,0.3000000000000007,2,me,235
3.0,0.9285714285714286,0.5714285714285714,2.0,0.0,6.0,6.0,1.0,7.0,0.0,0.0,1.0,0.0,0.0,0.0,0.0,0.0,ATTACH_ENERGY,0.3,0.6999999999999993,3,me,235
4.0,0.6428571428571429,0.5714285714285714,2.0,0.0,6.0,6.0,0.0,7.0,1.0,0.0,0.0,0.0,0.0,0.0,0.0,0.0,ATTACK,1.5,0.3000000000000007,4,me,235
5.0,0.35714285714285715,0.14285714285714285,2.0,0.0,6.0,6.0,0.0,7.0,1.0,0.0,0.0,0.0,0.0,0.0,0.0,0.0,ATTACK,6.5,-2.9,5,me,235
1.0,1.0,1.0,2.0,2.0,6.0,6.0,0.0,2.0,0.0,0.0,0.0,1.0,0.0,0.0,0.0,0.0,PLAY_SUPPORTER,0.4,0.0,1,opponent,236
2.0,0.75,1.0,2.0,2.0,6.0,6.0,0.0,1.0,0.0,0.0,0.0,1.0,0.0,0.0,0.0,0.0,PLAY_SUPPORTER,0.4,0.0,2,opponent,236
3.0,0.5,1.0,2.0,2.0,6.0,6.0,0.0,0.0,0.0,0.0,0.0,0.0,0.0,0.0,0.0,1.0,PASS_TURN,0.0,0.0,3,opponent,236
4.0,0.3333333333333333,1.0,2.0,2.0,6.0,6.0,0.0,0.0,0.0,0.0,0.0,0.0,0.0,0.0,0.0,1.0,PASS_TURN,0.0,0.0,4,opponent,236
5.0,0.08333333333333333,1.0,2.0,2.0,6.0,6.0,0.0,0.0,0.0,1.0,0.0,0.0,0.0,0.0,0.0,0.0,RETREAT,-0.1,0.0,5,opponent,236
6.0,0.75,1.0,2.0,2.0,6.0,6.0,0.0,0.0,0.0,0.0,0.0,0.0,0.0,0.0,0.0,1.0,PASS_TURN,0.0,0.0,6,opponent,236
7.0,0.5,1.0,2.0,2.0,6.0,6.0,0.0,0.0,0.0,0.0,0.0,0.0,0.0,0.0,0.0,1.0,PASS_TURN,0.0,0.0,7,opponent,236
8.0,0.125,1.0,2.0,2.0,6.0,6.0,0.0,0.0,0.0,1.0,0.0,0.0,0.0,0.0,0.0,0.0,RETREAT,-0.1,0.0,8,opponent,236
9.0,0.625,1.0,2.0,2.0,6.0,6.0,0.0,0.0,0.0,0.0,0.0,0.0,0.0,0.0,0.0,1.0,PASS_TURN,0.0,0.0,9,opponent,236
10.0,0.5,1.0,2.0,2.0,6.0,6.0,0.0,0.0,0.0,0.0,0.0,0.0,0.0,0.0,0.0,1.0,PASS_TURN,0.0,0.0,10,opponent,236
11.0,0.5,1.0,2.0,2.0,6.0,6.0,0.0,0.0,0.0,0.0,0.0,0.0,0.0,0.0,0.0,1.0,PASS_TURN,0.0,0.0,11,opponent,236
12.0,0.25,1.0,2.0,2.0,6.0,6.0,0.0,0.0,0.0,1.0,0.0,0.0,0.0,0.0,0.0,0.0,RETREAT,-0.1,0.0,12,opponent,236
13.0,0.08333333333333333,1.0,1.0,2.0,6.0,5.0,0.0,0.0,0.0,1.0,0.0,0.0,0.0,0.0,0.0,0.0,RETREAT,-0.1,0.0,13,opponent,236
14.0,0.25,1.0,1.0,2.0,6.0,5.0,0.0,0.0,0.0,1.0,0.0,0.0,0.0,0.0,0.0,0.0,RETREAT,-0.1,0.0,14,opponent,236
15.0,0.25,1.0,0.0,2.0,6.0,4.0,0.0,0.0,0.0,0.0,0.0,0.0,0.0,0.0,0.0,1.0,PASS_TURN,0.0,0.0,15,opponent,236
1.0,1.0,1.0,2.0,0.0,6.0,6.0,1.0,3.0,0.0,0.0,1.0,0.0,0.0,0.0,0.0,0.0,ATTACH_ENERGY,0.3,0.7000000000000002,1,me,237
2.0,0.7142857142857143,1.0,2.0,0.0,6.0,6.0,0.0,3.0,1.0,0.0,0.0,0.0,0.0,0.0,0.0,0.0,ATTACK,1.5,0.2999999999999998,2,me,237
3.0,0.7142857142857143,0.5,2.0,0.0,6.0,6.0,0.0,3.0,1.0,0.0,0.0,0.0,0.0,0.0,0.0,0.0,ATTACK,6.5,-2.6999999999999993,3,me,237
1.0,1.0,1.0,0.0,3.0,6.0,6.0,3.0,2.0,0.0,0.0,1.0,0.0,0.0,0.0,0.0,0.0,ATTACH_ENERGY,0.3,0.7000000000000002,1,opponent,238
2.0,0.5714285714285714,1.0,0.0,3.0,6.0,6.0,2.0,2.0,1.0,0.0,0.0,0.0,0.0,0.0,0.0,0.0,ATTACK,1.5,0.2999999999999998,2,opponent,238
3.0,0.5714285714285714,0.7857142857142857,0.0,3.0,6.0,6.0,2.0,2.0,1.0,0.0,0.0,0.0,0.0,0.0,0.0,0.0,ATTACK,1.5,0.2999999999999994,3,opponent,238
4.0,0.42857142857142855,0.5714285714285714,0.0,3.0,6.0,6.0,2.0,2.0,1.0,0.0,0.0,0.0,0.0,0.0,0.0,0.0,ATTACK,1.5,0.2999999999999998,4,opponent,238
1.0,1.0,1.0,3.0,3.0,6.0,6.0,0.0,3.0,0.0,0.0,0.0,1.0,0.0,0.0,0.0,0.0,PLAY_SUPPORTER,0.4,0.0,1,opponent,239
2.0,0.7777777777777778,1.0,3.0,3.0,6.0,6.0,0.0,2.0,0.0,0.0,0.0,1.0,0.0,0.0,0.0,0.0,PLAY_SUPPORTER,0.4,0.0,2,opponent,239
3.0,0.3333333333333333,1.0,3.0,3.0,6.0,6.0,0.0,1.0,0.0,0.0,0.0,1.0,0.0,0.0,0.0,0.0,PLAY_SUPPORTER,0.4,0.0,3,opponent,239
4.0,1.0,1.0,2.0,3.0,6.0,5.0,0.0,0.0,0.0,0.0,0.0,0.0,0.0,0.0,0.0,1.0,PASS_TURN,0.0,0.0,4,opponent,239
5.0,0.5,1.0,2.0,3.0,6.0,5.0,0.0,0.0,0.0,1.0,0.0,0.0,0.0,0.0,0.0,0.0,RETREAT,-0.1,0.0,5,opponent,239
6.0,0.6666666666666666,1.0,2.0,3.0,6.0,5.0,0.0,0.0,0.0,0.0,0.0,0.0,0.0,0.0,0.0,1.0,PASS_TURN,0.0,0.0,6,opponent,239
7.0,0.16666666666666666,1.0,2.0,3.0,6.0,5.0,0.0,0.0,0.0,1.0,0.0,0.0,0.0,0.0,0.0,0.0,RETREAT,-0.1,0.0,7,opponent,239
8.0,0.6666666666666666,1.0,2.0,3.0,6.0,5.0,0.0,0.0,0.0,0.0,0.0,0.0,0.0,0.0,0.0,1.0,PASS_TURN,0.0,0.0,8,opponent,239
9.0,0.3333333333333333,1.0,2.0,3.0,6.0,5.0,0.0,0.0,0.0,0.0,0.0,0.0,0.0,0.0,0.0,1.0,PASS_TURN,0.0,0.0,9,opponent,239
10.0,0.16666666666666666,1.0,2.0,3.0,6.0,5.0,0.0,0.0,0.0,1.0,0.0,0.0,0.0,0.0,0.0,0.0,RETREAT,-0.1,0.0,10,opponent,239
11.0,0.16666666666666666,1.0,1.0,3.0,6.0,4.0,0.0,0.0,0.0,1.0,0.0,0.0,0.0,0.0,0.0,0.0,RETREAT,-0.1,0.0,11,opponent,239
12.0,0.16666666666666666,1.0,0.0,3.0,6.0,3.0,0.0,0.0,0.0,0.0,0.0,0.0,0.0,0.0,0.0,1.0,PASS_TURN,0.0,0.0,12,opponent,239
1.0,1.0,1.0,2.0,3.0,6.0,6.0,3.0,5.0,0.0,0.0,1.0,0.0,0.0,0.0,0.0,0.0,ATTACH_ENERGY,0.3,0.7000000000000001,1,me,240
2.0,0.6,1.0,2.0,3.0,6.0,6.0,2.0,5.0,1.0,0.0,0.0,0.0,0.0,0.0,0.0,0.0,ATTACK,1.5,0.30000000000000004,2,me,240
3.0,0.2,0.5,2.0,3.0,6.0,6.0,2.0,5.0,1.0,0.0,0.0,0.0,0.0,0.0,0.0,0.0,ATTACK,6.5,-2.2,3,me,240
4.0,0.1,1.0,2.0,2.0,5.0,6.0,2.0,5.0,1.0,0.0,0.0,0.0,0.0,0.0,0.0,0.0,ATTACK,1.5,0.30000000000000027,4,me,240
5.0,1.0,0.5,1.0,2.0,5.0,5.0,2.0,5.0,0.0,0.0,0.0,0.0,1.0,0.0,0.0,0.0,PLAY_BASIC_TO_BENCH,0.2,1.7,5,me,240
6.0,0.875,0.5,2.0,2.0,5.0,5.0,2.0,4.0,0.0,0.0,0.0,1.0,0.0,0.0,0.0,0.0,PLAY_SUPPORTER,0.4,0.0,6,me,240
7.0,0.5,0.5,2.0,2.0,5.0,5.0,2.0,3.0,0.0,0.0,0.0,1.0,0.0,0.0,0.0,0.0,PLAY_SUPPORTER,0.4,0.0,7,me,240
8.0,0.5,0.5,2.0,2.0,5.0,5.0,2.0,2.0,0.0,0.0,0.0,1.0,0.0,0.0,0.0,0.0,PLAY_SUPPORTER,0.4,0.0,8,me,240
9.0,1.0,0.5,1.0,2.0,5.0,4.0,2.0,1.0,0.0,0.0,0.0,1.0,0.0,0.0,0.0,0.0,PLAY_SUPPORTER,0.4,0.0,9,me,240
10.0,0.9285714285714286,0.5,1.0,2.0,5.0,4.0,2.0,0.0,0.0,0.0,0.0,0.0,0.0,0.0,0.0,1.0,PASS_TURN,0.0,0.0,10,me,240
11.0,0.7857142857142857,0.5,1.0,2.0,5.0,4.0,2.0,0.0,0.0,1.0,0.0,0.0,0.0,0.0,0.0,0.0,RETREAT,-0.1,0.0,11,me,240
12.0,1.0,0.5,1.0,2.0,5.0,4.0,2.0,0.0,0.0,0.0,1.0,0.0,0.0,0.0,0.0,0.0,ATTACH_ENERGY,0.3,0.2999999999999998,12,me,240
13.0,0.8333333333333334,0.5,1.0,2.0,5.0,4.0,1.0,0.0,1.0,0.0,0.0,0.0,0.0,0.0,0.0,0.0,ATTACK,6.5,-2.1999999999999997,13,me,240
14.0,0.75,1.0,1.0,1.0,4.0,4.0,1.0,0.0,1.0,0.0,0.0,0.0,0.0,0.0,0.0,0.0,ATTACK,1.5,0.30000000000000004,14,me,240
15.0,0.5833333333333334,0.5,1.0,1.0,4.0,4.0,1.0,0.0,1.0,0.0,0.0,0.0,0.0,0.0,0.0,0.0,ATTACK,6.5,-2.2,15,me,240
16.0,0.25,1.0,1.0,0.0,3.0,4.0,1.0,0.0,1.0,0.0,0.0,0.0,0.0,0.0,0.0,0.0,ATTACK,1.5,0.2999999999999998,16,me,240
17.0,0.25,0.625,1.0,0.0,3.0,4.0,1.0,0.0,1.0,0.0,0.0,0.0,0.0,0.0,0.0,0.0,ATTACK,1.5,0.30000000000000004,17,me,240
18.0,0.08333333333333333,0.25,1.0,0.0,3.0,4.0,1.0,0.0,1.0,0.0,0.0,0.0,0.0,0.0,0.0,0.0,ATTACK,6.5,-2.8,18,me,240
1.0,1.0,1.0,1.0,3.0,6.0,6.0,3.0,7.0,0.0,0.0,1.0,0.0,0.0,0.0,0.0,0.0,ATTACH_ENERGY,0.3,0.7000000000000002,1,opponent,241
2.0,1.0,1.0,1.0,3.0,6.0,6.0,2.0,7.0,1.0,0.0,0.0,0.0,0.0,0.0,0.0,0.0,ATTACK,1.5,0.2999999999999998,2,opponent,241
3.0,0.8,0.5,1.0,3.0,6.0,6.0,2.0,7.0,1.0,0.0,0.0,0.0,0.0,0.0,0.0,0.0,ATTACK,6.5,-2.2,3,opponent,241
4.0,0.8,1.0,1.0,2.0,5.0,6.0,2.0,7.0,1.0,0.0,0.0,0.0,0.0,0.0,0.0,0.0,ATTACK,1.5,0.2999999999999998,4,opponent,241
5.0,0.8,0.7857142857142857,1.0,2.0,5.0,6.0,2.0,7.0,1.0,0.0,0.0,0.0,0.0,0.0,0.0,0.0,ATTACK,1.5,0.2999999999999998,5,opponent,241
6.0,0.8,0.5714285714285714,1.0,2.0,5.0,6.0,2.0,7.0,0.0,0.0,1.0,0.0,0.0,0.0,0.0,0.0,ATTACH_ENERGY,0.3,0.2999999999999998,6,opponent,241
7.0,0.6,0.5714285714285714,1.0,2.0,5.0,6.0,1.0,7.0,1.0,0.0,0.0,0.0,0.0,0.0,0.0,0.0,ATTACK,1.5,0.2999999999999998,7,opponent,241
8.0,0.4,0.35714285714285715,1.0,2.0,5.0,6.0,1.0,7.0,1.0,0.0,0.0,0.0,0.0,0.0,0.0,0.0,ATTACK,1.5,0.2999999999999998,8,opponent,241
9.0,0.4,0.14285714285714285,1.0,2.0,5.0,6.0,1.0,7.0,1.0,0.0,0.0,0.0,0.0,0.0,0.0,0.0,ATTACK,6.5,-2.3,9,opponent,241
10.0,0.1,1.0,1.0,1.0,4.0,6.0,1.0,7.0,1.0,0.0,0.0,0.0,0.0,0.0,0.0,0.0,ATTACK,1.5,0.2999999999999998,10,opponent,241
11.0,1.0,0.6666666666666666,0.0,1.0,4.0,5.0,1.0,7.0,0.0,0.0,0.0,0.0,1.0,0.0,0.0,0.0,PLAY_BASIC_TO_BENCH,0.2,1.1999999999999997,11,opponent,241
12.0,0.5555555555555556,0.6666666666666666,1.0,1.0,4.0,5.0,1.0,6.0,0.0,0.0,0.0,1.0,0.0,0.0,0.0,0.0,PLAY_SUPPORTER,0.4,0.0,12,opponent,241
13.0,0.5555555555555556,0.6666666666666666,1.0,1.0,4.0,5.0,1.0,5.0,0.0,0.0,1.0,0.0,0.0,0.0,0.0,0.0,ATTACH_ENERGY,0.3,0.2999999999999998,13,opponent,241
14.0,0.1111111111111111,0.6666666666666666,1.0,1.0,4.0,5.0,0.0,5.0,0.0,1.0,0.0,0.0,0.0,0.0,0.0,0.0,RETREAT,-0.1,0.0,14,opponent,241
15.0,1.0,0.6666666666666666,1.0,1.0,4.0,5.0,0.0,5.0,1.0,0.0,0.0,0.0,0.0,0.0,0.0,0.0,ATTACK,0.5,0.10000000000000053,15,opponent,241
16.0,0.5714285714285714,0.5555555555555556,1.0,1.0,4.0,5.0,0.0,5.0,0.0,0.0,0.0,0.0,0.0,0.0,0.0,1.0,PASS_TURN,0.0,0.0,16,opponent,241
17.0,0.14285714285714285,0.5555555555555556,1.0,1.0,4.0,5.0,0.0,5.0,0.0,1.0,0.0,0.0,0.0,0.0,0.0,0.0,RETREAT,-0.1,0.0,17,opponent,241
18.0,0.14285714285714285,0.5555555555555556,0.0,1.0,4.0,4.0,0.0,5.0,0.0,0.0,0.0,1.0,0.0,0.0,0.0,0.0,PLAY_SUPPORTER,0.4,0.0,18,opponent,241
1.0,1.0,1.0,1.0,0.0,6.0,6.0,3.0,5.0,0.0,0.0,1.0,0.0,0.0,0.0,0.0,0.0,ATTACH_ENERGY,0.3,0.7000000000000002,1,opponent,242
2.0,1.0,1.0,1.0,0.0,6.0,6.0,2.0,5.0,1.0,0.0,0.0,0.0,0.0,0.0,0.0,0.0,ATTACK,1.0,0.20000000000000018,2,opponent,242
3.0,0.5714285714285714,0.8,1.0,0.0,6.0,6.0,2.0,5.0,1.0,0.0,0.0,0.0,0.0,0.0,0.0,0.0,ATTACK,1.0,0.19999999999999973,3,opponent,242
4.0,1.0,0.6,0.0,0.0,6.0,5.0,2.0,5.0,0.0,0.0,0.0,1.0,0.0,0.0,0.0,0.0,PLAY_SUPPORTER,0.4,0.0,4,opponent,242
5.0,0.8888888888888888,0.6,0.0,0.0,6.0,5.0,2.0,4.0,0.0,0.0,0.0,1.0,0.0,0.0,0.0,0.0,PLAY_SUPPORTER,0.4,0.0,5,opponent,242
6.0,0.5555555555555556,0.6,0.0,0.0,6.0,5.0,2.0,3.0,0.0,0.0,0.0,1.0,0.0,0.0,0.0,0.0,PLAY_SUPPORTER,0.4,0.0,6,opponent,242
7.0,0.4444444444444444,0.6,0.0,0.0,6.0,5.0,2.0,2.0,0.0,0.0,0.0,1.0,0.0,0.0,0.0,0.0,PLAY_SUPPORTER,0.4,0.0,7,opponent,242
8.0,0.2222222222222222,0.6,0.0,0.0,6.0,5.0,2.0,1.0,0.0,0.0,0.0,1.0,0.0,0.0,0.0,0.0,PLAY_SUPPORTER,0.4,0.0,8,opponent,242
9.0,0.2222222222222222,0.6,0.0,0.0,6.0,5.0,2.0,0.0,0.0,0.0,1.0,0.0,0.0,0.0,0.0,0.0,ATTACH_ENERGY,0.3,0.2999999999999998,9,opponent,242
10.0,0.1111111111111111,0.6,0.0,0.0,6.0,5.0,1.0,0.0,0.0,0.0,1.0,0.0,0.0,0.0,0.0,0.0,ATTACH_ENERGY,0.3,0.30000000000000027,10,opponent,242
1.0,1.0,1.0,3.0,3.0,6.0,6.0,1.0,4.0,0.0,0.0,1.0,0.0,0.0,0.0,0.0,0.0,ATTACH_ENERGY,0.3,0.7,1,opponent,243
2.0,0.8333333333333334,1.0,3.0,3.0,6.0,6.0,0.0,4.0,1.0,0.0,0.0,0.0,0.0,0.0,0.0,0.0,ATTACK,1.5,0.30000000000000027,2,opponent,243
3.0,0.8333333333333334,0.7,3.0,3.0,6.0,6.0,0.0,4.0,1.0,0.0,0.0,0.0,0.0,0.0,0.0,0.0,ATTACK,1.5,0.2999999999999998,3,opponent,243
4.0,0.16666666666666666,0.4,3.0,3.0,6.0,6.0,0.0,4.0,1.0,0.0,0.0,0.0,0.0,0.0,0.0,0.0,ATTACK,1.5,0.30000000000000027,4,opponent,243
5.0,1.0,0.1,2.0,3.0,6.0,5.0,0.0,4.0,0.0,0.0,0.0,1.0,0.0,0.0,0.0,0.0,PLAY_SUPPORTER,0.4,0.0,5,opponent,243
6.0,0.8,0.1,2.0,3.0,6.0,5.0,0.0,3.0,0.0,1.0,0.0,0.0,0.0,0.0,0.0,0.0,RETREAT,-0.1,0.0,6,opponent,243
7.0,1.0,0.1,2.0,3.0,6.0,5.0,0.0,3.0,0.0,1.0,0.0,0.0,0.0,0.0,0.0,0.0,RETREAT,-0.1,0.0,7,opponent,243
8.0,0.9285714285714286,0.1,2.0,3.0,6.0,5.0,0.0,3.0,0.0,0.0,0.0,1.0,0.0,0.0,0.0,0.0,PLAY_SUPPORTER,0.4,0.0,8,opponent,243
9.0,0.7142857142857143,0.1,2.0,3.0,6.0,5.0,0.0,2.0,0.0,0.0,0.0,1.0,0.0,0.0,0.0,0.0,PLAY_SUPPORTER,0.4,0.0,9,opponent,243
10.0,0.7142857142857143,0.1,2.0,3.0,6.0,5.0,0.0,1.0,0.0,0.0,0.0,1.0,0.0,0.0,0.0,0.0,PLAY_SUPPORTER,0.4,0.0,10,opponent,243
11.0,0.5714285714285714,0.1,2.0,3.0,6.0,5.0,0.0,0.0,0.0,0.0,0.0,0.0,0.0,0.0,0.0,1.0,PASS_TURN,0.0,0.0,11,opponent,243
12.0,0.5,0.1,2.0,3.0,6.0,5.0,0.0,0.0,0.0,0.0,0.0,0.0,0.0,0.0,0.0,1.0,PASS_TURN,0.0,0.0,12,opponent,243
13.0,0.42857142857142855,0.1,2.0,3.0,6.0,5.0,0.0,0.0,0.0,0.0,0.0,0.0,0.0,0.0,0.0,1.0,PASS_TURN,0.0,0.0,13,opponent,243
14.0,0.42857142857142855,0.1,2.0,3.0,6.0,5.0,0.0,0.0,0.0,0.0,0.0,0.0,0.0,0.0,0.0,1.0,PASS_TURN,0.0,0.0,14,opponent,243
15.0,0.21428571428571427,0.1,2.0,3.0,6.0,5.0,0.0,0.0,0.0,1.0,0.0,0.0,0.0,0.0,0.0,0.0,RETREAT,-0.1,0.0,15,opponent,243
16.0,0.4,0.1,2.0,3.0,6.0,5.0,0.0,0.0,0.0,0.0,0.0,0.0,0.0,0.0,0.0,1.0,PASS_TURN,0.0,0.0,16,opponent,243
17.0,0.1,0.1,2.0,3.0,6.0,5.0,0.0,0.0,0.0,1.0,0.0,0.0,0.0,0.0,0.0,0.0,RETREAT,-0.1,0.0,17,opponent,243
18.0,0.1,0.1,1.0,3.0,6.0,4.0,0.0,0.0,0.0,1.0,0.0,0.0,0.0,0.0,0.0,0.0,RETREAT,-0.1,0.0,18,opponent,243
19.0,0.625,0.1,1.0,3.0,6.0,4.0,0.0,0.0,0.0,0.0,0.0,0.0,0.0,0.0,0.0,1.0,PASS_TURN,0.0,0.0,19,opponent,243
20.0,0.25,0.1,1.0,3.0,6.0,4.0,0.0,0.0,0.0,1.0,0.0,0.0,0.0,0.0,0.0,0.0,RETREAT,-0.1,0.0,20,opponent,243
21.0,0.25,0.1,0.0,3.0,6.0,3.0,0.0,0.0,0.0,0.0,0.0,0.0,0.0,0.0,0.0,1.0,PASS_TURN,0.0,0.0,21,opponent,243
1.0,1.0,1.0,2.0,2.0,6.0,6.0,2.0,2.0,0.0,0.0,1.0,0.0,0.0,0.0,0.0,0.0,ATTACH_ENERGY,0.3,0.7000000000000002,1,opponent,244
2.0,0.6666666666666666,1.0,2.0,2.0,6.0,6.0,1.0,2.0,0.0,0.0,1.0,0.0,0.0,0.0,0.0,0.0,ATTACH_ENERGY,0.3,0.7,2,opponent,244
3.0,0.3333333333333333,1.0,2.0,2.0,6.0,6.0,0.0,2.0,0.0,0.0,0.0,1.0,0.0,0.0,0.0,0.0,PLAY_SUPPORTER,0.4,0.0,3,opponent,244
4.0,0.16666666666666666,1.0,2.0,2.0,6.0,6.0,0.0,1.0,0.0,1.0,0.0,0.0,0.0,0.0,0.0,0.0,RETREAT,-0.1,0.0,4,opponent,244
5.0,0.9285714285714286,1.0,2.0,2.0,6.0,6.0,0.0,1.0,0.0,0.0,0.0,0.0,1.0,0.0,0.0,0.0,PLAY_BASIC_TO_BENCH,0.2,1.5,5,opponent,244
6.0,0.7142857142857143,1.0,3.0,2.0,6.0,6.0,0.0,0.0,0.0,1.0,0.0,0.0,0.0,0.0,0.0,0.0,RETREAT,-0.1,0.0,6,opponent,244
7.0,0.6,1.0,3.0,2.0,6.0,6.0,0.0,0.0,0.0,0.0,0.0,0.0,0.0,0.0,0.0,1.0,PASS_TURN,0.0,0.0,7,opponent,244
8.0,0.3,1.0,3.0,2.0,6.0,6.0,0.0,0.0,0.0,0.0,0.0,0.0,0.0,0.0,0.0,1.0,PASS_TURN,0.0,0.0,8,opponent,244
9.0,0.2,1.0,3.0,2.0,6.0,6.0,0.0,0.0,0.0,1.0,0.0,0.0,0.0,0.0,0.0,0.0,RETREAT,-0.1,0.0,9,opponent,244
10.0,0.2,1.0,2.0,2.0,6.0,5.0,0.0,0.0,0.0,1.0,0.0,0.0,0.0,0.0,0.0,0.0,RETREAT,-0.1,0.0,10,opponent,244
11.0,0.8571428571428571,1.0,2.0,2.0,6.0,5.0,0.0,0.0,0.0,1.0,0.0,0.0,0.0,0.0,0.0,0.0,RETREAT,-0.1,0.0,11,opponent,244
12.0,0.5714285714285714,1.0,2.0,2.0,6.0,5.0,0.0,0.0,0.0,1.0,0.0,0.0,0.0,0.0,0.0,0.0,RETREAT,-0.1,0.0,12,opponent,244
13.0,0.5714285714285714,1.0,1.0,2.0,6.0,4.0,0.0,0.0,0.0,0.0,0.0,0.0,0.0,0.0,0.0,1.0,PASS_TURN,0.0,0.0,13,opponent,244
14.0,0.35714285714285715,1.0,1.0,2.0,6.0,4.0,0.0,0.0,0.0,0.0,0.0,0.0,0.0,0.0,0.0,1.0,PASS_TURN,0.0,0.0,14,opponent,244
15.0,0.21428571428571427,1.0,1.0,2.0,6.0,4.0,0.0,0.0,0.0,1.0,0.0,0.0,0.0,0.0,0.0,0.0,RETREAT,-0.1,0.0,15,opponent,244
16.0,0.7142857142857143,1.0,1.0,2.0,6.0,4.0,0.0,0.0,0.0,0.0,0.0,0.0,0.0,0.0,0.0,1.0,PASS_TURN,0.0,0.0,16,opponent,244
17.0,0.14285714285714285,1.0,1.0,2.0,6.0,4.0,0.0,0.0,0.0,1.0,0.0,0.0,0.0,0.0,0.0,0.0,RETREAT,-0.1,0.0,17,opponent,244
18.0,0.21428571428571427,1.0,1.0,2.0,6.0,4.0,0.0,0.0,0.0,1.0,0.0,0.0,0.0,0.0,0.0,0.0,RETREAT,-0.1,0.0,18,opponent,244
19.0,0.21428571428571427,1.0,0.0,2.0,6.0,3.0,0.0,0.0,0.0,0.0,0.0,0.0,0.0,0.0,0.0,1.0,PASS_TURN,0.0,0.0,19,opponent,244
20.0,0.07142857142857142,1.0,0.0,2.0,6.0,3.0,0.0,0.0,0.0,0.0,0.0,0.0,0.0,0.0,0.0,1.0,PASS_TURN,0.0,0.0,20,opponent,244
1.0,1.0,1.0,1.0,3.0,6.0,6.0,2.0,5.0,0.0,0.0,1.0,0.0,0.0,0.0,0.0,0.0,ATTACH_ENERGY,0.3,0.7,1,opponent,245
2.0,0.5714285714285714,1.0,1.0,3.0,6.0,6.0,1.0,5.0,1.0,0.0,0.0,0.0,0.0,0.0,0.0,0.0,ATTACK,1.5,0.30000000000000027,2,opponent,245
3.0,0.14285714285714285,0.5,1.0,3.0,6.0,6.0,1.0,5.0,1.0,0.0,0.0,0.0,0.0,0.0,0.0,0.0,ATTACK,6.5,-2.2,3,opponent,245
4.0,1.0,1.0,0.0,2.0,5.0,5.0,1.0,5.0,0.0,0.0,0.0,1.0,0.0,0.0,0.0,0.0,PLAY_SUPPORTER,0.4,0.0,4,opponent,245
5.0,0.7,1.0,0.0,2.0,5.0,5.0,1.0,4.0,0.0,0.0,0.0,1.0,0.0,0.0,0.0,0.0,PLAY_SUPPORTER,0.4,0.0,5,opponent,245
6.0,0.4,1.0,0.0,2.0,5.0,5.0,1.0,3.0,0.0,0.0,0.0,1.0,0.0,0.0,0.0,0.0,PLAY_SUPPORTER,0.4,0.0,6,opponent,245
7.0,0.3,1.0,0.0,2.0,5.0,5.0,1.0,2.0,0.0,0.0,0.0,1.0,0.0,0.0,0.0,0.0,PLAY_SUPPORTER,0.4,0.0,7,opponent,245
8.0,0.2,1.0,0.0,2.0,5.0,5.0,1.0,1.0,0.0,0.0,0.0,1.0,0.0,0.0,0.0,0.0,PLAY_SUPPORTER,0.4,0.0,8,opponent,245
1.0,1.0,1.0,0.0,0.0,6.0,6.0,2.0,2.0,0.0,0.0,1.0,0.0,0.0,0.0,0.0,0.0,ATTACH_ENERGY,0.3,0.7,1,me,246
2.0,0.6666666666666666,1.0,0.0,0.0,6.0,6.0,1.0,2.0,1.0,0.0,0.0,0.0,0.0,0.0,0.0,0.0,ATTACK,1.5,0.3,2,me,246
3.0,0.5,0.625,0.0,0.0,6.0,6.0,1.0,2.0,1.0,0.0,0.0,0.0,0.0,0.0,0.0,0.0,ATTACK,1.5,0.30000000000000004,3,me,246
4.0,0.16666666666666666,0.25,0.0,0.0,6.0,6.0,1.0,2.0,1.0,0.0,0.0,0.0,0.0,0.0,0.0,0.0,ATTACK,6.5,-2.8000000000000003,4,me,246
1.0,1.0,1.0,1.0,0.0,6.0,6.0,1.0,2.0,0.0,0.0,0.0,1.0,0.0,0.0,0.0,0.0,PLAY_SUPPORTER,0.4,0.0,1,opponent,247
2.0,0.6666666666666666,1.0,1.0,0.0,6.0,6.0,1.0,1.0,0.0,0.0,1.0,0.0,0.0,0.0,0.0,0.0,ATTACH_ENERGY,0.3,0.7000000000000002,2,opponent,247
3.0,0.5833333333333334,1.0,1.0,0.0,6.0,6.0,0.0,1.0,1.0,0.0,0.0,0.0,0.0,0.0,0.0,0.0,ATTACK,0.5,0.10000000000000009,3,opponent,247
4.0,0.4166666666666667,0.9,1.0,0.0,6.0,6.0,0.0,1.0,1.0,0.0,0.0,0.0,0.0,0.0,0.0,0.0,ATTACK,0.5,0.09999999999999987,4,opponent,247
5.0,0.16666666666666666,0.8,1.0,0.0,6.0,6.0,0.0,1.0,0.0,1.0,0.0,0.0,0.0,0.0,0.0,0.0,RETREAT,-0.1,0.0,5,opponent,247
6.0,0.42857142857142855,0.8,1.0,0.0,6.0,6.0,0.0,1.0,0.0,0.0,0.0,1.0,0.0,0.0,0.0,0.0,PLAY_SUPPORTER,0.4,0.0,6,opponent,247
7.0,0.2857142857142857,0.8,1.0,0.0,6.0,6.0,0.0,0.0,0.0,1.0,0.0,0.0,0.0,0.0,0.0,0.0,RETREAT,-0.1,0.0,7,opponent,247
8.0,0.2857142857142857,0.8,0.0,0.0,6.0,5.0,0.0,0.0,0.0,0.0,0.0,0.0,0.0,0.0,0.0,1.0,PASS_TURN,0.0,0.0,8,opponent,247
9.0,0.2857142857142857,0.8,0.0,0.0,6.0,5.0,0.0,0.0,0.0,0.0,0.0,0.0,0.0,0.0,0.0,1.0,PASS_TURN,0.0,0.0,9,opponent,247
10.0,0.14285714285714285,0.8,0.0,0.0,6.0,5.0,0.0,0.0,0.0,0.0,0.0,0.0,0.0,0.0,0.0,1.0,PASS_TURN,0.0,0.0,10,opponent,247
1.0,1.0,1.0,2.0,0.0,6.0,6.0,1.0,3.0,0.0,0.0,1.0,0.0,0.0,0.0,0.0,0.0,ATTACH_ENERGY,0.3,0.7000000000000002,1,opponent,248
2.0,0.5714285714285714,1.0,2.0,0.0,6.0,6.0,0.0,3.0,1.0,0.0,0.0,0.0,0.0,0.0,0.0,0.0,ATTACK,0.5,0.09999999999999964,2,opponent,248
3.0,0.2857142857142857,0.8333333333333334,2.0,0.0,6.0,6.0,0.0,3.0,0.0,1.0,0.0,0.0,0.0,0.0,0.0,0.0,RETREAT,-0.1,0.0,3,opponent,248
4.0,0.9166666666666666,0.8333333333333334,2.0,0.0,6.0,6.0,0.0,3.0,0.0,0.0,0.0,1.0,0.0,0.0,0.0,0.0,PLAY_SUPPORTER,0.4,0.0,4,opponent,248
5.0,0.5833333333333334,0.8333333333333334,2.0,0.0,6.0,6.0,0.0,2.0,0.0,0.0,0.0,1.0,0.0,0.0,0.0,0.0,PLAY_SUPPORTER,0.4,0.0,5,opponent,248
6.0,0.3333333333333333,0.8333333333333334,2.0,0.0,6.0,6.0,0.0,1.0,0.0,0.0,0.0,1.0,0.0,0.0,0.0,0.0,PLAY_SUPPORTER,0.4,0.0,6,opponent,248
7.0,0.3333333333333333,0.8333333333333334,2.0,0.0,6.0,6.0,0.0,0.0,0.0,0.0,0.0,0.0,0.0,0.0,0.0,1.0,PASS_TURN,0.0,0.0,7,opponent,248
8.0,0.2857142857142857,0.8333333333333334,1.0,0.0,6.0,5.0,0.0,0.0,0.0,1.0,0.0,0.0,0.0,0.0,0.0,0.0,RETREAT,-0.1,0.0,8,opponent,248
9.0,0.9,0.8333333333333334,1.0,0.0,6.0,5.0,0.0,0.0,0.0,0.0,0.0,0.0,0.0,0.0,0.0,1.0,PASS_TURN,0.0,0.0,9,opponent,248
10.0,0.6,0.8333333333333334,1.0,0.0,6.0,5.0,0.0,0.0,0.0,0.0,0.0,0.0,0.0,0.0,0.0,1.0,PASS_TURN,0.0,0.0,10,opponent,248
11.0,0.4,0.8333333333333334,1.0,0.0,6.0,5.0,0.0,0.0,0.0,1.0,0.0,0.0,0.0,0.0,0.0,0.0,RETREAT,-0.1,0.0,11,opponent,248
12.0,0.14285714285714285,0.8333333333333334,1.0,0.0,6.0,5.0,0.0,0.0,0.0,1.0,0.0,0.0,0.0,0.0,0.0,0.0,RETREAT,-0.1,0.0,12,opponent,248
13.0,0.4,0.8333333333333334,1.0,0.0,6.0,5.0,0.0,0.0,0.0,0.0,0.0,0.0,0.0,0.0,0.0,1.0,PASS_TURN,0.0,0.0,13,opponent,248
14.0,0.1,0.8333333333333334,1.0,0.0,6.0,5.0,0.0,0.0,0.0,1.0,0.0,0.0,0.0,0.0,0.0,0.0,RETREAT,-0.1,0.0,14,opponent,248
15.0,0.1,0.8333333333333334,0.0,0.0,6.0,4.0,0.0,0.0,0.0,0.0,0.0,0.0,0.0,0.0,0.0,1.0,PASS_TURN,0.0,0.0,15,opponent,248
1.0,1.0,1.0,0.0,2.0,6.0,6.0,0.0,3.0,0.0,0.0,0.0,1.0,0.0,0.0,0.0,0.0,PLAY_SUPPORTER,0.4,0.0,1,opponent,249
2.0,0.9285714285714286,1.0,0.0,2.0,6.0,6.0,0.0,2.0,0.0,0.0,0.0,1.0,0.0,0.0,0.0,0.0,PLAY_SUPPORTER,0.4,0.0,2,opponent,249
3.0,0.9285714285714286,1.0,0.0,2.0,6.0,6.0,0.0,1.0,0.0,0.0,0.0,1.0,0.0,0.0,0.0,0.0,PLAY_SUPPORTER,0.4,0.0,3,opponent,249
4.0,0.7857142857142857,1.0,0.0,2.0,6.0,6.0,0.0,0.0,0.0,0.0,0.0,0.0,0.0,0.0,0.0,1.0,PASS_TURN,0.0,0.0,4,opponent,249
5.0,0.7857142857142857,1.0,0.0,2.0,6.0,6.0,0.0,0.0,0.0,0.0,0.0,0.0,0.0,0.0,0.0,1.0,PASS_TURN,0.0,0.0,5,opponent,249
6.0,0.5714285714285714,1.0,0.0,2.0,6.0,6.0,0.0,0.0,0.0,0.0,0.0,0.0,0.0,0.0,0.0,1.0,PASS_TURN,0.0,0.0,6,opponent,249
7.0,0.42857142857142855,1.0,0.0,2.0,6.0,6.0,0.0,0.0,0.0,0.0,0.0,0.0,0.0,0.0,0.0,1.0,PASS_TURN,0.0,0.0,7,opponent,249
8.0,0.2857142857142857,1.0,0.0,2.0,6.0,6.0,0.0,0.0,0.0,0.0,0.0,0.0,0.0,0.0,0.0,1.0,PASS_TURN,0.0,0.0,8,opponent,249
9.0,0.14285714285714285,1.0,0.0,2.0,6.0,6.0,0.0,0.0,0.0,0.0,0.0,0.0,0.0,0.0,0.0,1.0,PASS_TURN,0.0,0.0,9,opponent,249
10.0,0.07142857142857142,1.0,0.0,2.0,6.0,6.0,0.0,0.0,0.0,0.0,0.0,0.0,0.0,0.0,0.0,1.0,PASS_TURN,0.0,0.0,10,opponent,249
11.0,0.07142857142857142,1.0,0.0,2.0,6.0,6.0,0.0,0.0,0.0,0.0,0.0,0.0,0.0,0.0,0.0,1.0,PASS_TURN,0.0,0.0,11,opponent,249
1.0,1.0,1.0,3.0,0.0,6.0,6.0,1.0,5.0,0.0,0.0,1.0,0.0,0.0,0.0,0.0,0.0,ATTACH_ENERGY,0.3,0.6999999999999993,1,me,250
2.0,0.7,1.0,3.0,0.0,6.0,6.0,0.0,5.0,1.0,0.0,0.0,0.0,0.0,0.0,0.0,0.0,ATTACK,1.5,0.29999999999999893,2,me,250
3.0,0.7,0.625,3.0,0.0,6.0,6.0,0.0,5.0,1.0,0.0,0.0,0.0,0.0,0.0,0.0,0.0,ATTACK,1.5,0.3000000000000007,3,me,250
4.0,0.4,0.25,3.0,0.0,6.0,6.0,0.0,5.0,1.0,0.0,0.0,0.0,0.0,0.0,0.0,0.0,ATTACK,6.5,-2.8,4,me,250
1.0,1.0,1.0,0.0,0.0,6.0,6.0,1.0,6.0,0.0,0.0,1.0,0.0,0.0,0.0,0.0,0.0,ATTACH_ENERGY,0.3,0.7000000000000002,1,opponent,251
2.0,0.8333333333333334,1.0,0.0,0.0,6.0,6.0,0.0,6.0,1.0,0.0,0.0,0.0,0.0,0.0,0.0,0.0,ATTACK,0.5,0.10000000000000009,2,opponent,251
3.0,0.5833333333333334,0.8571428571428571,0.0,0.0,6.0,6.0,0.0,6.0,0.0,0.0,0.0,0.0,1.0,0.0,0.0,0.0,PLAY_BASIC_TO_BENCH,0.2,1.4999999999999998,3,opponent,251
4.0,0.25,0.8571428571428571,1.0,0.0,6.0,6.0,0.0,5.0,0.0,0.0,0.0,0.0,1.0,0.0,0.0,0.0,PLAY_BASIC_TO_BENCH,0.2,1.8999999999999997,4,opponent,251
5.0,1.0,0.8571428571428571,1.0,0.0,6.0,5.0,0.0,4.0,0.0,0.0,0.0,1.0,0.0,0.0,0.0,0.0,PLAY_SUPPORTER,0.4,0.0,5,opponent,251
6.0,0.6666666666666666,0.8571428571428571,1.0,0.0,6.0,5.0,0.0,3.0,0.0,0.0,0.0,1.0,0.0,0.0,0.0,0.0,PLAY_SUPPORTER,0.4,0.0,6,opponent,251
7.0,1.0,0.8571428571428571,0.0,0.0,6.0,4.0,0.0,2.0,0.0,0.0,0.0,1.0,0.0,0.0,0.0,0.0,PLAY_SUPPORTER,0.4,0.0,7,opponent,251
8.0,0.9,0.8571428571428571,0.0,0.0,6.0,4.0,0.0,1.0,0.0,0.0,0.0,1.0,0.0,0.0,0.0,0.0,PLAY_SUPPORTER,0.4,0.0,8,opponent,251
9.0,0.5,0.8571428571428571,0.0,0.0,6.0,4.0,0.0,0.0,0.0,0.0,0.0,0.0,0.0,0.0,0.0,1.0,PASS_TURN,0.0,0.0,9,opponent,251
10.0,0.3,0.8571428571428571,0.0,0.0,6.0,4.0,0.0,0.0,0.0,0.0,0.0,0.0,0.0,0.0,0.0,1.0,PASS_TURN,0.0,0.0,10,opponent,251
11.0,0.2,0.8571428571428571,0.0,0.0,6.0,4.0,0.0,0.0,0.0,0.0,0.0,0.0,0.0,0.0,0.0,1.0,PASS_TURN,0.0,0.0,11,opponent,251
1.0,1.0,1.0,3.0,3.0,6.0,6.0,1.0,5.0,0.0,0.0,1.0,0.0,0.0,0.0,0.0,0.0,ATTACH_ENERGY,0.3,0.7000000000000002,1,opponent,252
2.0,0.8333333333333334,1.0,3.0,3.0,6.0,6.0,0.0,5.0,1.0,0.0,0.0,0.0,0.0,0.0,0.0,0.0,ATTACK,1.0,0.20000000000000018,2,opponent,252
3.0,0.6666666666666666,0.7142857142857143,3.0,3.0,6.0,6.0,0.0,5.0,1.0,0.0,0.0,0.0,0.0,0.0,0.0,0.0,ATTACK,1.0,0.20000000000000018,3,opponent,252
4.0,0.4166666666666667,0.42857142857142855,3.0,3.0,6.0,6.0,0.0,5.0,1.0,0.0,0.0,0.0,0.0,0.0,0.0,0.0,ATTACK,1.0,0.19999999999999973,4,opponent,252
5.0,0.4166666666666667,0.14285714285714285,3.0,3.0,6.0,6.0,0.0,5.0,1.0,0.0,0.0,0.0,0.0,0.0,0.0,0.0,ATTACK,6.0,-2.4,5,opponent,252
6.0,0.25,1.0,3.0,2.0,5.0,6.0,0.0,5.0,0.0,1.0,0.0,0.0,0.0,0.0,0.0,0.0,RETREAT,-0.1,0.0,6,opponent,252
7.0,0.6666666666666666,1.0,3.0,2.0,5.0,6.0,0.0,5.0,0.0,0.0,0.0,1.0,0.0,0.0,0.0,0.0,PLAY_SUPPORTER,0.4,0.0,7,opponent,252
8.0,0.4444444444444444,1.0,3.0,2.0,5.0,6.0,0.0,4.0,0.0,1.0,0.0,0.0,0.0,0.0,0.0,0.0,RETREAT,-0.1,0.0,8,opponent,252
9.0,1.0,1.0,3.0,2.0,5.0,6.0,0.0,4.0,0.0,0.0,0.0,1.0,0.0,0.0,0.0,0.0,PLAY_SUPPORTER,0.4,0.0,9,opponent,252
10.0,0.6666666666666666,1.0,3.0,2.0,5.0,6.0,0.0,3.0,0.0,0.0,0.0,1.0,0.0,0.0,0.0,0.0,PLAY_SUPPORTER,0.4,0.0,10,opponent,252
11.0,0.3333333333333333,1.0,3.0,2.0,5.0,6.0,0.0,2.0,0.0,0.0,0.0,1.0,0.0,0.0,0.0,0.0,PLAY_SUPPORTER,0.4,0.0,11,opponent,252
12.0,0.1111111111111111,1.0,3.0,2.0,5.0,6.0,0.0,1.0,0.0,1.0,0.0,0.0,0.0,0.0,0.0,0.0,RETREAT,-0.1,0.0,12,opponent,252
13.0,0.16666666666666666,1.0,3.0,2.0,5.0,6.0,0.0,1.0,0.0,1.0,0.0,0.0,0.0,0.0,0.0,0.0,RETREAT,-0.1,0.0,13,opponent,252
14.0,0.1111111111111111,1.0,3.0,2.0,5.0,6.0,0.0,1.0,0.0,1.0,0.0,0.0,0.0,0.0,0.0,0.0,RETREAT,-0.1,0.0,14,opponent,252
15.0,0.1111111111111111,1.0,2.0,2.0,5.0,5.0,0.0,1.0,0.0,1.0,0.0,0.0,0.0,0.0,0.0,0.0,RETREAT,-0.1,0.0,15,opponent,252
16.0,0.1111111111111111,1.0,1.0,2.0,5.0,4.0,0.0,1.0,0.0,1.0,0.0,0.0,0.0,0.0,0.0,0.0,RETREAT,-0.1,0.0,16,opponent,252
17.0,1.0,1.0,1.0,2.0,5.0,4.0,0.0,1.0,0.0,0.0,0.0,1.0,0.0,0.0,0.0,0.0,PLAY_SUPPORTER,0.4,0.0,17,opponent,252
18.0,1.0,1.0,1.0,2.0,5.0,4.0,0.0,0.0,0.0,0.0,0.0,0.0,0.0,0.0,0.0,1.0,PASS_TURN,0.0,0.0,18,opponent,252
19.0,0.9166666666666666,1.0,1.0,2.0,5.0,4.0,0.0,0.0,0.0,0.0,0.0,0.0,0.0,0.0,0.0,1.0,PASS_TURN,0.0,0.0,19,opponent,252
20.0,0.9166666666666666,1.0,1.0,2.0,5.0,4.0,0.0,0.0,0.0,0.0,0.0,0.0,0.0,0.0,0.0,1.0,PASS_TURN,0.0,0.0,20,opponent,252
21.0,0.75,1.0,1.0,2.0,5.0,4.0,0.0,0.0,0.0,0.0,0.0,0.0,0.0,0.0,0.0,1.0,PASS_TURN,0.0,0.0,21,opponent,252
22.0,0.4166666666666667,1.0,1.0,2.0,5.0,4.0,0.0,0.0,0.0,0.0,0.0,0.0,0.0,0.0,0.0,1.0,PASS_TURN,0.0,0.0,22,opponent,252
23.0,0.3333333333333333,1.0,1.0,2.0,5.0,4.0,0.0,0.0,0.0,0.0,0.0,0.0,0.0,0.0,0.0,1.0,PASS_TURN,0.0,0.0,23,opponent,252
24.0,0.08333333333333333,1.0,1.0,2.0,5.0,4.0,0.0,0.0,0.0,0.0,0.0,0.0,0.0,0.0,0.0,1.0,PASS_TURN,0.0,0.0,24,opponent,252
25.0,0.1111111111111111,1.0,0.0,2.0,5.0,3.0,0.0,0.0,0.0,0.0,0.0,0.0,0.0,0.0,0.0,1.0,PASS_TURN,0.0,0.0,25,opponent,252
1.0,1.0,1.0,3.0,0.0,6.0,6.0,2.0,4.0,0.0,0.0,0.0,0.0,0.0,0.0,0.0,1.0,PASS_TURN,0.0,0.0,1,opponent,253
2.0,0.8,1.0,3.0,0.0,6.0,6.0,2.0,4.0,0.0,0.0,1.0,0.0,0.0,0.0,0.0,0.0,ATTACH_ENERGY,0.3,0.7000000000000002,2,opponent,253
3.0,0.6,1.0,3.0,0.0,6.0,6.0,1.0,4.0,1.0,0.0,0.0,0.0,0.0,0.0,0.0,0.0,ATTACK,1.5,0.29999999999999893,3,opponent,253
4.0,0.5,0.7,3.0,0.0,6.0,6.0,1.0,4.0,0.0,0.0,0.0,1.0,0.0,0.0,0.0,0.0,PLAY_SUPPORTER,0.4,0.0,4,opponent,253
5.0,0.2,0.7,3.0,0.0,6.0,6.0,1.0,3.0,1.0,0.0,0.0,0.0,0.0,0.0,0.0,0.0,ATTACK,1.5,0.2999999999999998,5,opponent,253
6.0,1.0,0.4,2.0,0.0,6.0,5.0,1.0,3.0,0.0,0.0,0.0,0.0,1.0,0.0,0.0,0.0,PLAY_BASIC_TO_BENCH,0.2,1.6999999999999993,6,opponent,253
7.0,0.6666666666666666,0.4,3.0,0.0,6.0,5.0,1.0,2.0,0.0,0.0,0.0,1.0,0.0,0.0,0.0,0.0,PLAY_SUPPORTER,0.4,0.0,7,opponent,253
8.0,0.5833333333333334,0.4,3.0,0.0,6.0,5.0,1.0,1.0,0.0,0.0,0.0,1.0,0.0,0.0,0.0,0.0,PLAY_SUPPORTER,0.4,0.0,8,opponent,253
9.0,0.3333333333333333,0.4,3.0,0.0,6.0,5.0,1.0,0.0,0.0,0.0,1.0,0.0,0.0,0.0,0.0,0.0,ATTACH_ENERGY,0.3,0.2999999999999998,9,opponent,253
10.0,1.0,0.4,2.0,0.0,6.0,4.0,0.0,0.0,0.0,0.0,0.0,0.0,0.0,0.0,0.0,1.0,PASS_TURN,0.0,0.0,10,opponent,253
11.0,0.5555555555555556,0.4,2.0,0.0,6.0,4.0,0.0,0.0,0.0,1.0,0.0,0.0,0.0,0.0,0.0,0.0,RETREAT,-0.1,0.0,11,opponent,253
12.0,1.0,0.4,2.0,0.0,6.0,4.0,0.0,0.0,0.0,0.0,0.0,0.0,0.0,0.0,0.0,1.0,PASS_TURN,0.0,0.0,12,opponent,253
13.0,0.75,0.4,2.0,0.0,6.0,4.0,0.0,0.0,0.0,0.0,0.0,0.0,0.0,0.0,0.0,1.0,PASS_TURN,0.0,0.0,13,opponent,253
14.0,0.5833333333333334,0.4,2.0,0.0,6.0,4.0,0.0,0.0,0.0,0.0,0.0,0.0,0.0,0.0,0.0,1.0,PASS_TURN,0.0,0.0,14,opponent,253
15.0,0.5833333333333334,0.4,2.0,0.0,6.0,4.0,0.0,0.0,0.0,0.0,0.0,0.0,0.0,0.0,0.0,1.0,PASS_TURN,0.0,0.0,15,opponent,253
16.0,0.5,0.4,2.0,0.0,6.0,4.0,0.0,0.0,0.0,0.0,0.0,0.0,0.0,0.0,0.0,1.0,PASS_TURN,0.0,0.0,16,opponent,253
17.0,0.25,0.4,2.0,0.0,6.0,4.0,0.0,0.0,0.0,1.0,0.0,0.0,0.0,0.0,0.0,0.0,RETREAT,-0.1,0.0,17,opponent,253
18.0,1.0,0.4,2.0,0.0,6.0,4.0,0.0,0.0,0.0,0.0,0.0,0.0,0.0,0.0,0.0,1.0,PASS_TURN,0.0,0.0,18,opponent,253
19.0,0.5714285714285714,0.4,2.0,0.0,6.0,4.0,0.0,0.0,0.0,0.0,0.0,0.0,0.0,0.0,0.0,1.0,PASS_TURN,0.0,0.0,19,opponent,253
20.0,0.42857142857142855,0.4,2.0,0.0,6.0,4.0,0.0,0.0,0.0,0.0,0.0,0.0,0.0,0.0,0.0,1.0,PASS_TURN,0.0,0.0,20,opponent,253
21.0,0.25,0.4,1.0,0.0,6.0,3.0,0.0,0.0,0.0,0.0,0.0,0.0,0.0,0.0,0.0,1.0,PASS_TURN,0.0,0.0,21,opponent,253
22.0,0.25,0.4,1.0,0.0,6.0,3.0,0.0,0.0,0.0,1.0,0.0,0.0,0.0,0.0,0.0,0.0,RETREAT,-0.1,0.0,22,opponent,253
23.0,0.4444444444444444,0.4,1.0,0.0,6.0,3.0,0.0,0.0,0.0,0.0,0.0,0.0,0.0,0.0,0.0,1.0,PASS_TURN,0.0,0.0,23,opponent,253
24.0,0.4444444444444444,0.4,1.0,0.0,6.0,3.0,0.0,0.0,0.0,0.0,0.0,0.0,0.0,0.0,0.0,1.0,PASS_TURN,0.0,0.0,24,opponent,253
25.0,0.2222222222222222,0.4,1.0,0.0,6.0,3.0,0.0,0.0,0.0,1.0,0.0,0.0,0.0,0.0,0.0,0.0,RETREAT,-0.1,0.0,25,opponent,253
26.0,0.08333333333333333,0.4,1.0,0.0,6.0,3.0,0.0,0.0,0.0,1.0,0.0,0.0,0.0,0.0,0.0,0.0,RETREAT,-0.1,0.0,26,opponent,253
27.0,0.1111111111111111,0.4,1.0,0.0,6.0,3.0,0.0,0.0,0.0,1.0,0.0,0.0,0.0,0.0,0.0,0.0,RETREAT,-0.1,0.0,27,opponent,253
28.0,0.1111111111111111,0.4,0.0,0.0,6.0,2.0,0.0,0.0,0.0,0.0,0.0,0.0,0.0,0.0,0.0,1.0,PASS_TURN,0.0,0.0,28,opponent,253
1.0,1.0,1.0,3.0,2.0,6.0,6.0,3.0,7.0,0.0,0.0,1.0,0.0,0.0,0.0,0.0,0.0,ATTACH_ENERGY,0.3,0.6999999999999997,1,opponent,254
2.0,0.7142857142857143,1.0,3.0,2.0,6.0,6.0,2.0,7.0,0.0,0.0,1.0,0.0,0.0,0.0,0.0,0.0,ATTACH_ENERGY,0.3,0.6999999999999997,2,opponent,254
3.0,0.5,1.0,3.0,2.0,6.0,6.0,1.0,7.0,0.0,0.0,1.0,0.0,0.0,0.0,0.0,0.0,ATTACH_ENERGY,0.3,0.7000000000000002,3,opponent,254
4.0,0.21428571428571427,1.0,3.0,2.0,6.0,6.0,0.0,7.0,0.0,1.0,0.0,0.0,0.0,0.0,0.0,0.0,RETREAT,-0.1,0.0,4,opponent,254
5.0,1.0,1.0,3.0,2.0,6.0,6.0,0.0,7.0,0.0,0.0,0.0,1.0,0.0,0.0,0.0,0.0,PLAY_SUPPORTER,0.4,0.0,5,opponent,254
6.0,0.75,1.0,3.0,2.0,6.0,6.0,0.0,6.0,0.0,0.0,0.0,1.0,0.0,0.0,0.0,0.0,PLAY_SUPPORTER,0.4,0.0,6,opponent,254
7.0,0.5833333333333334,1.0,3.0,2.0,6.0,6.0,0.0,5.0,0.0,1.0,0.0,0.0,0.0,0.0,0.0,0.0,RETREAT,-0.1,0.0,7,opponent,254
8.0,0.7142857142857143,1.0,3.0,2.0,6.0,6.0,0.0,5.0,0.0,0.0,0.0,1.0,0.0,0.0,0.0,0.0,PLAY_SUPPORTER,0.4,0.0,8,opponent,254
9.0,0.42857142857142855,1.0,3.0,2.0,6.0,6.0,0.0,4.0,0.0,0.0,0.0,1.0,0.0,0.0,0.0,0.0,PLAY_SUPPORTER,0.4,0.0,9,opponent,254
10.0,0.21428571428571427,1.0,2.0,2.0,6.0,5.0,0.0,3.0,0.0,1.0,0.0,0.0,0.0,0.0,0.0,0.0,RETREAT,-0.1,0.0,10,opponent,254
11.0,0.25,1.0,2.0,2.0,6.0,5.0,0.0,3.0,0.0,1.0,0.0,0.0,0.0,0.0,0.0,0.0,RETREAT,-0.1,0.0,11,opponent,254
12.0,0.07142857142857142,1.0,2.0,2.0,6.0,5.0,0.0,3.0,0.0,1.0,0.0,0.0,0.0,0.0,0.0,0.0,RETREAT,-0.1,0.0,12,opponent,254
13.0,0.07142857142857142,1.0,1.0,2.0,6.0,4.0,0.0,3.0,0.0,1.0,0.0,0.0,0.0,0.0,0.0,0.0,RETREAT,-0.1,0.0,13,opponent,254
14.0,0.6666666666666666,1.0,1.0,2.0,6.0,4.0,0.0,3.0,0.0,0.0,0.0,1.0,0.0,0.0,0.0,0.0,PLAY_SUPPORTER,0.4,0.0,14,opponent,254
15.0,0.3333333333333333,1.0,1.0,2.0,6.0,4.0,0.0,2.0,0.0,0.0,0.0,1.0,0.0,0.0,0.0,0.0,PLAY_SUPPORTER,0.4,0.0,15,opponent,254
16.0,0.2222222222222222,1.0,1.0,2.0,6.0,4.0,0.0,1.0,0.0,1.0,0.0,0.0,0.0,0.0,0.0,0.0,RETREAT,-0.1,0.0,16,opponent,254
17.0,0.2222222222222222,1.0,0.0,2.0,6.0,3.0,0.0,1.0,0.0,0.0,0.0,1.0,0.0,0.0,0.0,0.0,PLAY_SUPPORTER,0.4,0.0,17,opponent,254
18.0,0.2222222222222222,1.0,0.0,2.0,6.0,3.0,0.0,0.0,0.0,0.0,0.0,0.0,0.0,0.0,0.0,1.0,PASS_TURN,0.0,0.0,18,opponent,254
1.0,1.0,1.0,3.0,0.0,6.0,6.0,0.0,7.0,0.0,0.0,0.0,1.0,0.0,0.0,0.0,0.0,PLAY_SUPPORTER,0.4,0.0,1,opponent,255
2.0,0.42857142857142855,1.0,3.0,0.0,6.0,6.0,0.0,6.0,0.0,0.0,0.0,1.0,0.0,0.0,0.0,0.0,PLAY_SUPPORTER,0.4,0.0,2,opponent,255
3.0,1.0,1.0,2.0,0.0,6.0,5.0,0.0,5.0,0.0,0.0,0.0,1.0,0.0,0.0,0.0,0.0,PLAY_SUPPORTER,0.4,0.0,3,opponent,255
4.0,1.0,1.0,2.0,0.0,6.0,5.0,0.0,4.0,0.0,0.0,0.0,1.0,0.0,0.0,0.0,0.0,PLAY_SUPPORTER,0.4,0.0,4,opponent,255
5.0,0.9,1.0,2.0,0.0,6.0,5.0,0.0,3.0,0.0,0.0,0.0,1.0,0.0,0.0,0.0,0.0,PLAY_SUPPORTER,0.4,0.0,5,opponent,255
6.0,0.6,1.0,2.0,0.0,6.0,5.0,0.0,2.0,0.0,0.0,0.0,1.0,0.0,0.0,0.0,0.0,PLAY_SUPPORTER,0.4,0.0,6,opponent,255
7.0,0.6,1.0,2.0,0.0,6.0,5.0,0.0,1.0,0.0,1.0,0.0,0.0,0.0,0.0,0.0,0.0,RETREAT,-0.1,0.0,7,opponent,255
8.0,1.0,1.0,2.0,0.0,6.0,5.0,0.0,1.0,0.0,0.0,0.0,1.0,0.0,0.0,0.0,0.0,PLAY_SUPPORTER,0.4,0.0,8,opponent,255
9.0,0.8571428571428571,1.0,2.0,0.0,6.0,5.0,0.0,0.0,0.0,0.0,0.0,0.0,0.0,0.0,0.0,1.0,PASS_TURN,0.0,0.0,9,opponent,255
10.0,0.2857142857142857,1.0,2.0,0.0,6.0,5.0,0.0,0.0,0.0,1.0,0.0,0.0,0.0,0.0,0.0,0.0,RETREAT,-0.1,0.0,10,opponent,255
11.0,0.2,1.0,2.0,0.0,6.0,5.0,0.0,0.0,0.0,1.0,0.0,0.0,0.0,0.0,0.0,0.0,RETREAT,-0.1,0.0,11,opponent,255
12.0,0.14285714285714285,1.0,2.0,0.0,6.0,5.0,0.0,0.0,0.0,1.0,0.0,0.0,0.0,0.0,0.0,0.0,RETREAT,-0.1,0.0,12,opponent,255
13.0,0.14285714285714285,1.0,1.0,0.0,6.0,4.0,0.0,0.0,0.0,0.0,0.0,0.0,0.0,0.0,0.0,1.0,PASS_TURN,0.0,0.0,13,opponent,255
14.0,0.14285714285714285,1.0,1.0,0.0,6.0,4.0,0.0,0.0,0.0,1.0,0.0,0.0,0.0,0.0,0.0,0.0,RETREAT,-0.1,0.0,14,opponent,255
15.0,0.9,1.0,1.0,0.0,6.0,4.0,0.0,0.0,0.0,0.0,0.0,0.0,0.0,0.0,0.0,1.0,PASS_TURN,0.0,0.0,15,opponent,255
16.0,0.6,1.0,1.0,0.0,6.0,4.0,0.0,0.0,0.0,0.0,0.0,0.0,0.0,0.0,0.0,1.0,PASS_TURN,0.0,0.0,16,opponent,255
17.0,0.4,1.0,1.0,0.0,6.0,4.0,0.0,0.0,0.0,0.0,0.0,0.0,0.0,0.0,0.0,1.0,PASS_TURN,0.0,0.0,17,opponent,255
18.0,0.4,1.0,1.0,0.0,6.0,4.0,0.0,0.0,0.0,0.0,0.0,0.0,0.0,0.0,0.0,1.0,PASS_TURN,0.0,0.0,18,opponent,255
19.0,0.2,1.0,1.0,0.0,6.0,4.0,0.0,0.0,0.0,1.0,0.0,0.0,0.0,0.0,0.0,0.0,RETREAT,-0.1,0.0,19,opponent,255
20.0,0.2,1.0,0.0,0.0,6.0,3.0,0.0,0.0,0.0,0.0,0.0,0.0,0.0,0.0,0.0,1.0,PASS_TURN,0.0,0.0,20,opponent,255
1.0,1.0,1.0,1.0,3.0,6.0,6.0,3.0,6.0,0.0,0.0,1.0,0.0,0.0,0.0,0.0,0.0,ATTACH_ENERGY,0.3,0.7000000000000002,1,opponent,256
2.0,0.5555555555555556,1.0,1.0,3.0,6.0,6.0,2.0,6.0,1.0,0.0,0.0,0.0,0.0,0.0,0.0,0.0,ATTACK,1.5,0.2999999999999998,2,opponent,256
3.0,0.4444444444444444,0.7,1.0,3.0,6.0,6.0,2.0,6.0,1.0,0.0,0.0,0.0,0.0,0.0,0.0,0.0,ATTACK,1.5,0.2999999999999998,3,opponent,256
4.0,0.4444444444444444,0.4,1.0,3.0,6.0,6.0,2.0,6.0,1.0,0.0,0.0,0.0,0.0,0.0,0.0,0.0,ATTACK,1.5,0.30000000000000004,4,opponent,256
5.0,0.2222222222222222,0.1,1.0,3.0,6.0,6.0,2.0,6.0,0.0,0.0,0.0,1.0,0.0,0.0,0.0,0.0,PLAY_SUPPORTER,0.4,0.0,5,opponent,256
6.0,1.0,0.1,0.0,3.0,6.0,5.0,2.0,5.0,0.0,0.0,0.0,1.0,0.0,0.0,0.0,0.0,PLAY_SUPPORTER,0.4,0.0,6,opponent,256
7.0,0.75,0.1,0.0,3.0,6.0,5.0,2.0,4.0,0.0,0.0,0.0,1.0,0.0,0.0,0.0,0.0,PLAY_SUPPORTER,0.4,0.0,7,opponent,256
8.0,0.6666666666666666,0.1,0.0,3.0,6.0,5.0,2.0,3.0,0.0,0.0,0.0,1.0,0.0,0.0,0.0,0.0,PLAY_SUPPORTER,0.4,0.0,8,opponent,256
9.0,0.6666666666666666,0.1,0.0,3.0,6.0,5.0,2.0,2.0,0.0,0.0,0.0,0.0,0.0,0.0,0.0,1.0,PASS_TURN,0.0,0.0,9,opponent,256
10.0,0.4166666666666667,0.1,0.0,3.0,6.0,5.0,2.0,2.0,0.0,0.0,0.0,1.0,0.0,0.0,0.0,0.0,PLAY_SUPPORTER,0.4,0.0,10,opponent,256
11.0,0.4166666666666667,0.1,0.0,3.0,6.0,5.0,2.0,1.0,0.0,0.0,0.0,1.0,0.0,0.0,0.0,0.0,PLAY_SUPPORTER,0.4,0.0,11,opponent,256
12.0,0.25,0.1,0.0,3.0,6.0,5.0,2.0,0.0,0.0,0.0,0.0,0.0,0.0,0.0,0.0,1.0,PASS_TURN,0.0,0.0,12,opponent,256
13.0,0.08333333333333333,0.1,0.0,3.0,6.0,5.0,2.0,0.0,0.0,0.0,1.0,0.0,0.0,0.0,0.0,0.0,ATTACH_ENERGY,0.3,0.30000000000000004,13,opponent,256
1.0,1.0,1.0,0.0,0.0,6.0,6.0,2.0,5.0,0.0,0.0,1.0,0.0,0.0,0.0,0.0,0.0,ATTACH_ENERGY,0.3,0.7,1,me,257
2.0,0.625,1.0,0.0,0.0,6.0,6.0,1.0,5.0,1.0,0.0,0.0,0.0,0.0,0.0,0.0,0.0,ATTACK,1.5,0.3,2,me,257
3.0,0.5,0.7,0.0,0.0,6.0,6.0,1.0,5.0,1.0,0.0,0.0,0.0,0.0,0.0,0.0,0.0,ATTACK,1.5,0.29999999999999993,3,me,257
4.0,0.375,0.4,0.0,0.0,6.0,6.0,1.0,5.0,1.0,0.0,0.0,0.0,0.0,0.0,0.0,0.0,ATTACK,1.5,0.30000000000000004,4,me,257
5.0,0.375,0.1,0.0,0.0,6.0,6.0,1.0,5.0,1.0,0.0,0.0,0.0,0.0,0.0,0.0,0.0,ATTACK,6.5,-2.9000000000000004,5,me,257
1.0,1.0,1.0,0.0,0.0,6.0,6.0,2.0,3.0,0.0,0.0,0.0,0.0,0.0,0.0,0.0,1.0,PASS_TURN,0.0,0.0,1,opponent,258
2.0,0.6666666666666666,1.0,0.0,0.0,6.0,6.0,2.0,3.0,0.0,0.0,1.0,0.0,0.0,0.0,0.0,0.0,ATTACH_ENERGY,0.3,0.7000000000000001,2,opponent,258
3.0,0.5,1.0,0.0,0.0,6.0,6.0,1.0,3.0,0.0,0.0,1.0,0.0,0.0,0.0,0.0,0.0,ATTACH_ENERGY,0.3,0.7000000000000001,3,opponent,258
4.0,0.25,1.0,0.0,0.0,6.0,6.0,0.0,3.0,0.0,0.0,0.0,1.0,0.0,0.0,0.0,0.0,PLAY_SUPPORTER,0.4,0.0,4,opponent,258
5.0,0.25,1.0,0.0,0.0,6.0,6.0,0.0,2.0,0.0,0.0,0.0,1.0,0.0,0.0,0.0,0.0,PLAY_SUPPORTER,0.4,0.0,5,opponent,258
6.0,0.25,1.0,0.0,0.0,6.0,6.0,0.0,1.0,0.0,0.0,0.0,1.0,0.0,0.0,0.0,0.0,PLAY_SUPPORTER,0.4,0.0,6,opponent,258
7.0,0.08333333333333333,1.0,0.0,0.0,6.0,6.0,0.0,0.0,0.0,0.0,0.0,0.0,0.0,0.0,0.0,1.0,PASS_TURN,0.0,0.0,7,opponent,258
1.0,1.0,1.0,3.0,3.0,6.0,6.0,2.0,4.0,0.0,0.0,1.0,0.0,0.0,0.0,0.0,0.0,ATTACH_ENERGY,0.3,0.7,1,opponent,259
2.0,0.75,1.0,3.0,3.0,6.0,6.0,1.0,4.0,1.0,0.0,0.0,0.0,0.0,0.0,0.0,0.0,ATTACK,1.0,0.19999999999999996,2,opponent,259
3.0,0.5,0.75,3.0,3.0,6.0,6.0,1.0,4.0,1.0,0.0,0.0,0.0,0.0,0.0,0.0,0.0,ATTACK,1.0,0.20000000000000018,3,opponent,259
4.0,0.4166666666666667,0.5,3.0,3.0,6.0,6.0,1.0,4.0,1.0,0.0,0.0,0.0,0.0,0.0,0.0,0.0,ATTACK,1.0,0.19999999999999996,4,opponent,259
5.0,0.25,0.25,3.0,3.0,6.0,6.0,1.0,4.0,1.0,0.0,0.0,0.0,0.0,0.0,0.0,0.0,ATTACK,6.0,-2.3000000000000003,5,opponent,259
6.0,1.0,1.0,2.0,2.0,5.0,5.0,1.0,4.0,0.0,0.0,0.0,1.0,0.0,0.0,0.0,0.0,PLAY_SUPPORTER,0.4,0.0,6,opponent,259
7.0,0.8,1.0,2.0,2.0,5.0,5.0,1.0,3.0,0.0,0.0,0.0,1.0,0.0,0.0,0.0,0.0,PLAY_SUPPORTER,0.4,0.0,7,opponent,259
8.0,0.8,1.0,2.0,2.0,5.0,5.0,1.0,2.0,0.0,1.0,0.0,0.0,0.0,0.0,0.0,0.0,RETREAT,-0.1,0.0,8,opponent,259
9.0,0.8,1.0,2.0,2.0,5.0,5.0,1.0,2.0,0.0,0.0,0.0,1.0,0.0,0.0,0.0,0.0,PLAY_SUPPORTER,0.4,0.0,9,opponent,259
10.0,0.7,1.0,2.0,2.0,5.0,5.0,1.0,1.0,0.0,0.0,0.0,1.0,0.0,0.0,0.0,0.0,PLAY_SUPPORTER,0.4,0.0,10,opponent,259
11.0,0.7,1.0,2.0,2.0,5.0,5.0,1.0,0.0,0.0,0.0,1.0,0.0,0.0,0.0,0.0,0.0,ATTACH_ENERGY,0.3,0.29999999999999993,11,opponent,259
12.0,0.6,1.0,2.0,2.0,5.0,5.0,0.0,0.0,1.0,0.0,0.0,0.0,0.0,0.0,0.0,0.0,ATTACK,1.0,0.19999999999999996,12,opponent,259
13.0,0.5,0.8333333333333334,2.0,2.0,5.0,5.0,0.0,0.0,1.0,0.0,0.0,0.0,0.0,0.0,0.0,0.0,ATTACK,1.0,0.20000000000000012,13,opponent,259
14.0,0.1,0.6666666666666666,2.0,2.0,5.0,5.0,0.0,0.0,0.0,1.0,0.0,0.0,0.0,0.0,0.0,0.0,RETREAT,-0.1,0.0,14,opponent,259
15.0,0.9,0.6666666666666666,2.0,2.0,5.0,5.0,0.0,0.0,0.0,0.0,0.0,0.0,0.0,0.0,0.0,1.0,PASS_TURN,0.0,0.0,15,opponent,259
16.0,0.5,0.6666666666666666,2.0,2.0,5.0,5.0,0.0,0.0,0.0,0.0,0.0,0.0,0.0,0.0,0.0,1.0,PASS_TURN,0.0,0.0,16,opponent,259
17.0,0.4,0.6666666666666666,2.0,2.0,5.0,5.0,0.0,0.0,0.0,0.0,0.0,0.0,0.0,0.0,0.0,1.0,PASS_TURN,0.0,0.0,17,opponent,259
18.0,0.1,0.6666666666666666,2.0,2.0,5.0,5.0,0.0,0.0,0.0,1.0,0.0,0.0,0.0,0.0,0.0,0.0,RETREAT,-0.1,0.0,18,opponent,259
19.0,0.1,0.6666666666666666,1.0,2.0,5.0,4.0,0.0,0.0,0.0,1.0,0.0,0.0,0.0,0.0,0.0,0.0,RETREAT,-0.1,0.0,19,opponent,259
20.0,0.8,0.6666666666666666,1.0,2.0,5.0,4.0,0.0,0.0,0.0,0.0,0.0,0.0,0.0,0.0,0.0,1.0,PASS_TURN,0.0,0.0,20,opponent,259
21.0,0.8,0.6666666666666666,1.0,2.0,5.0,4.0,0.0,0.0,0.0,0.0,0.0,0.0,0.0,0.0,0.0,1.0,PASS_TURN,0.0,0.0,21,opponent,259
22.0,0.7,0.6666666666666666,1.0,2.0,5.0,4.0,0.0,0.0,0.0,0.0,0.0,0.0,0.0,0.0,0.0,1.0,PASS_TURN,0.0,0.0,22,opponent,259
23.0,0.3,0.6666666666666666,1.0,2.0,5.0,4.0,0.0,0.0,0.0,0.0,0.0,0.0,0.0,0.0,0.0,1.0,PASS_TURN,0.0,0.0,23,opponent,259
24.0,0.2,0.6666666666666666,1.0,2.0,5.0,4.0,0.0,0.0,0.0,1.0,0.0,0.0,0.0,0.0,0.0,0.0,RETREAT,-0.1,0.0,24,opponent,259
25.0,0.2,0.6666666666666666,0.0,2.0,5.0,3.0,0.0,0.0,0.0,0.0,0.0,0.0,0.0,0.0,0.0,1.0,PASS_TURN,0.0,0.0,25,opponent,259
1.0,1.0,1.0,1.0,2.0,6.0,6.0,3.0,7.0,0.0,1.0,0.0,0.0,0.0,0.0,0.0,0.0,RETREAT,-0.1,0.0,1,opponent,260
2.0,0.8,1.0,1.0,2.0,6.0,6.0,3.0,7.0,0.0,0.0,1.0,0.0,0.0,0.0,0.0,0.0,ATTACH_ENERGY,0.3,0.7,2,opponent,260
3.0,0.6,1.0,1.0,2.0,6.0,6.0,2.0,7.0,1.0,0.0,0.0,0.0,0.0,0.0,0.0,0.0,ATTACK,1.5,0.2999999999999998,3,opponent,260
4.0,0.6,0.7,1.0,2.0,6.0,6.0,2.0,7.0,1.0,0.0,0.0,0.0,0.0,0.0,0.0,0.0,ATTACK,1.5,0.30000000000000004,4,opponent,260
5.0,0.4,0.4,1.0,2.0,6.0,6.0,2.0,7.0,1.0,0.0,0.0,0.0,0.0,0.0,0.0,0.0,ATTACK,1.5,0.30000000000000004,5,opponent,260
6.0,0.4,0.1,1.0,2.0,6.0,6.0,2.0,7.0,1.0,0.0,0.0,0.0,0.0,0.0,0.0,0.0,ATTACK,6.5,-2.4000000000000004,6,opponent,260
7.0,0.2,1.0,1.0,1.0,5.0,6.0,2.0,7.0,1.0,0.0,0.0,0.0,0.0,0.0,0.0,0.0,ATTACK,1.5,0.2999999999999998,7,opponent,260
8.0,0.2,0.625,1.0,1.0,5.0,6.0,2.0,7.0,1.0,0.0,0.0,0.0,0.0,0.0,0.0,0.0,ATTACK,1.5,0.2999999999999998,8,opponent,260
9.0,0.1,0.25,1.0,1.0,5.0,6.0,2.0,7.0,1.0,0.0,0.0,0.0,0.0,0.0,0.0,0.0,ATTACK,6.5,-2.3,9,opponent,260
10.0,1.0,1.0,0.0,0.0,4.0,5.0,2.0,7.0,0.0,0.0,0.0,1.0,0.0,0.0,0.0,0.0,PLAY_SUPPORTER,0.4,0.0,10,opponent,260
11.0,0.5714285714285714,1.0,0.0,0.0,4.0,5.0,2.0,6.0,0.0,0.0,0.0,1.0,0.0,0.0,0.0,0.0,PLAY_SUPPORTER,0.4,0.0,11,opponent,260
12.0,0.5714285714285714,1.0,0.0,0.0,4.0,5.0,2.0,5.0,0.0,0.0,0.0,1.0,0.0,0.0,0.0,0.0,PLAY_SUPPORTER,0.4,0.0,12,opponent,260
13.0,0.14285714285714285,1.0,0.0,0.0,4.0,5.0,2.0,4.0,0.0,0.0,0.0,1.0,0.0,0.0,0.0,0.0,PLAY_SUPPORTER,0.4,0.0,13,opponent,260
1.0,1.0,1.0,0.0,2.0,6.0,6.0,1.0,3.0,0.0,0.0,1.0,0.0,0.0,0.0,0.0,0.0,ATTACH_ENERGY,0.3,0.6999999999999997,1,opponent,261
2.0,0.7777777777777778,1.0,0.0,2.0,6.0,6.0,0.0,3.0,1.0,0.0,0.0,0.0,0.0,0.0,0.0,0.0,ATTACK,1.5,0.2999999999999998,2,opponent,261
3.0,0.6666666666666666,0.7,0.0,2.0,6.0,6.0,0.0,3.0,1.0,0.0,0.0,0.0,0.0,0.0,0.0,0.0,ATTACK,1.5,0.2999999999999998,3,opponent,261
4.0,0.6666666666666666,0.4,0.0,2.0,6.0,6.0,0.0,3.0,1.0,0.0,0.0,0.0,0.0,0.0,0.0,0.0,ATTACK,1.5,0.30000000000000027,4,opponent,261
5.0,0.4444444444444444,0.1,0.0,2.0,6.0,6.0,0.0,3.0,1.0,0.0,0.0,0.0,0.0,0.0,0.0,0.0,ATTACK,6.5,-2.4000000000000004,5,opponent,261
6.0,0.3333333333333333,1.0,0.0,1.0,5.0,6.0,0.0,3.0,1.0,0.0,0.0,0.0,0.0,0.0,0.0,0.0,ATTACK,1.5,0.2999999999999998,6,opponent,261
7.0,0.1111111111111111,0.7857142857142857,0.0,1.0,5.0,6.0,0.0,3.0,1.0,0.0,0.0,0.0,0.0,0.0,0.0,0.0,ATTACK,1.5,0.3000000000000007,7,opponent,261
1.0,1.0,1.0,3.0,2.0,6.0,6.0,2.0,3.0,0.0,1.0,0.0,0.0,0.0,0.0,0.0,0.0,RETREAT,-0.1,0.0,1,opponent,262
2.0,0.5555555555555556,1.0,3.0,2.0,6.0,6.0,2.0,3.0,0.0,0.0,1.0,0.0,0.0,0.0,0.0,0.0,ATTACH_ENERGY,0.3,0.6999999999999997,2,opponent,262
3.0,0.2222222222222222,1.0,3.0,2.0,6.0,6.0,1.0,3.0,0.0,1.0,0.0,0.0,0.0,0.0,0.0,0.0,RETREAT,-0.1,0.0,3,opponent,262
4.0,0.5,1.0,3.0,2.0,6.0,6.0,1.0,3.0,0.0,0.0,0.0,1.0,0.0,0.0,0.0,0.0,PLAY_SUPPORTER,0.4,0.0,4,opponent,262
5.0,0.2222222222222222,1.0,2.0,2.0,6.0,5.0,1.0,2.0,0.0,1.0,0.0,0.0,0.0,0.0,0.0,0.0,RETREAT,-0.1,0.0,5,opponent,262
6.0,0.5714285714285714,1.0,2.0,2.0,6.0,5.0,1.0,2.0,0.0,0.0,0.0,1.0,0.0,0.0,0.0,0.0,PLAY_SUPPORTER,0.4,0.0,6,opponent,262
7.0,0.42857142857142855,1.0,2.0,2.0,6.0,5.0,1.0,1.0,0.0,0.0,0.0,1.0,0.0,0.0,0.0,0.0,PLAY_SUPPORTER,0.4,0.0,7,opponent,262
8.0,0.2222222222222222,1.0,1.0,2.0,6.0,4.0,1.0,0.0,0.0,1.0,0.0,0.0,0.0,0.0,0.0,0.0,RETREAT,-0.1,0.0,8,opponent,262
9.0,0.5714285714285714,1.0,1.0,2.0,6.0,4.0,1.0,0.0,0.0,1.0,0.0,0.0,0.0,0.0,0.0,0.0,RETREAT,-0.1,0.0,9,opponent,262
10.0,0.5714285714285714,1.0,0.0,2.0,6.0,3.0,1.0,0.0,0.0,0.0,1.0,0.0,0.0,0.0,0.0,0.0,ATTACH_ENERGY,0.3,0.2999999999999998,10,opponent,262
11.0,0.5714285714285714,1.0,0.0,2.0,6.0,3.0,0.0,0.0,1.0,0.0,0.0,0.0,0.0,0.0,0.0,0.0,ATTACK,0.5,0.10000000000000053,11,opponent,262
12.0,0.14285714285714285,0.9166666666666666,0.0,2.0,6.0,3.0,0.0,0.0,0.0,0.0,0.0,0.0,0.0,0.0,0.0,1.0,PASS_TURN,0.0,0.0,12,opponent,262
1.0,1.0,1.0,0.0,2.0,6.0,6.0,1.0,2.0,0.0,0.0,1.0,0.0,0.0,0.0,0.0,0.0,ATTACH_ENERGY,0.3,0.6999999999999997,1,opponent,263
2.0,0.5,1.0,0.0,2.0,6.0,6.0,0.0,2.0,1.0,0.0,0.0,0.0,0.0,0.0,0.0,0.0,ATTACK,1.5,0.30000000000000027,2,opponent,263
3.0,0.25,0.75,0.0,2.0,6.0,6.0,0.0,2.0,1.0,0.0,0.0,0.0,0.0,0.0,0.0,0.0,ATTACK,1.5,0.2999999999999998,3,opponent,263
1.0,1.0,1.0,2.0,1.0,6.0,6.0,2.0,5.0,0.0,0.0,1.0,0.0,0.0,0.0,0.0,0.0,ATTACH_ENERGY,0.3,0.7000000000000002,1,opponent,264
2.0,0.6666666666666666,1.0,2.0,1.0,6.0,6.0,1.0,5.0,1.0,0.0,0.0,0.0,0.0,0.0,0.0,0.0,ATTACK,1.5,0.30000000000000004,2,opponent,264
3.0,0.3333333333333333,0.75,2.0,1.0,6.0,6.0,1.0,5.0,1.0,0.0,0.0,0.0,0.0,0.0,0.0,0.0,ATTACK,1.5,0.30000000000000004,3,opponent,264
4.0,1.0,0.5,1.0,1.0,6.0,5.0,1.0,5.0,0.0,1.0,0.0,0.0,0.0,0.0,0.0,0.0,RETREAT,-0.1,0.0,4,opponent,264
5.0,1.0,0.5,1.0,1.0,6.0,5.0,1.0,5.0,0.0,0.0,0.0,1.0,0.0,0.0,0.0,0.0,PLAY_SUPPORTER,0.4,0.0,5,opponent,264
6.0,0.5,0.5,1.0,1.0,6.0,5.0,1.0,4.0,0.0,0.0,0.0,1.0,0.0,0.0,0.0,0.0,PLAY_SUPPORTER,0.4,0.0,6,opponent,264
7.0,0.5,0.5,1.0,1.0,6.0,5.0,1.0,3.0,0.0,0.0,0.0,1.0,0.0,0.0,0.0,0.0,PLAY_SUPPORTER,0.4,0.0,7,opponent,264
8.0,0.125,0.5,1.0,1.0,6.0,5.0,1.0,2.0,0.0,1.0,0.0,0.0,0.0,0.0,0.0,0.0,RETREAT,-0.1,0.0,8,opponent,264
9.0,0.42857142857142855,0.5,1.0,1.0,6.0,5.0,1.0,2.0,0.0,0.0,0.0,1.0,0.0,0.0,0.0,0.0,PLAY_SUPPORTER,0.4,0.0,9,opponent,264
10.0,0.125,0.5,0.0,1.0,6.0,4.0,1.0,1.0,0.0,0.0,0.0,1.0,0.0,0.0,0.0,0.0,PLAY_SUPPORTER,0.4,0.0,10,opponent,264
1.0,1.0,1.0,3.0,0.0,6.0,6.0,0.0,5.0,0.0,0.0,0.0,1.0,0.0,0.0,0.0,0.0,PLAY_SUPPORTER,0.4,0.0,1,opponent,265
2.0,0.8571428571428571,1.0,3.0,0.0,6.0,6.0,0.0,4.0,0.0,0.0,0.0,1.0,0.0,0.0,0.0,0.0,PLAY_SUPPORTER,0.4,0.0,2,opponent,265
3.0,0.7857142857142857,1.0,3.0,0.0,6.0,6.0,0.0,3.0,0.0,0.0,0.0,1.0,0.0,0.0,0.0,0.0,PLAY_SUPPORTER,0.4,0.0,3,opponent,265
4.0,0.6428571428571429,1.0,3.0,0.0,6.0,6.0,0.0,2.0,0.0,0.0,0.0,1.0,0.0,0.0,0.0,0.0,PLAY_SUPPORTER,0.4,0.0,4,opponent,265
5.0,0.35714285714285715,1.0,3.0,0.0,6.0,6.0,0.0,1.0,0.0,0.0,0.0,1.0,0.0,0.0,0.0,0.0,PLAY_SUPPORTER,0.4,0.0,5,opponent,265
6.0,0.2857142857142857,1.0,3.0,0.0,6.0,6.0,0.0,0.0,0.0,0.0,0.0,0.0,0.0,0.0,0.0,1.0,PASS_TURN,0.0,0.0,6,opponent,265
7.0,0.07142857142857142,1.0,3.0,0.0,6.0,6.0,0.0,0.0,0.0,1.0,0.0,0.0,0.0,0.0,0.0,0.0,RETREAT,-0.1,0.0,7,opponent,265
8.0,0.6666666666666666,1.0,3.0,0.0,6.0,6.0,0.0,0.0,0.0,0.0,0.0,0.0,0.0,0.0,0.0,1.0,PASS_TURN,0.0,0.0,8,opponent,265
9.0,0.4166666666666667,1.0,3.0,0.0,6.0,6.0,0.0,0.0,0.0,1.0,0.0,0.0,0.0,0.0,0.0,0.0,RETREAT,-0.1,0.0,9,opponent,265
10.0,0.4166666666666667,1.0,2.0,0.0,6.0,5.0,0.0,0.0,0.0,0.0,0.0,0.0,0.0,0.0,0.0,1.0,PASS_TURN,0.0,0.0,10,opponent,265
11.0,0.3333333333333333,1.0,2.0,0.0,6.0,5.0,0.0,0.0,0.0,0.0,0.0,0.0,0.0,0.0,0.0,1.0,PASS_TURN,0.0,0.0,11,opponent,265
12.0,0.25,1.0,2.0,0.0,6.0,5.0,0.0,0.0,0.0,0.0,0.0,0.0,0.0,0.0,0.0,1.0,PASS_TURN,0.0,0.0,12,opponent,265
13.0,1.0,1.0,1.0,0.0,6.0,4.0,0.0,0.0,0.0,0.0,0.0,0.0,0.0,0.0,0.0,1.0,PASS_TURN,0.0,0.0,13,opponent,265
14.0,0.42857142857142855,1.0,1.0,0.0,6.0,4.0,0.0,0.0,0.0,0.0,0.0,0.0,0.0,0.0,0.0,1.0,PASS_TURN,0.0,0.0,14,opponent,265
15.0,0.2857142857142857,1.0,1.0,0.0,6.0,4.0,0.0,0.0,0.0,1.0,0.0,0.0,0.0,0.0,0.0,0.0,RETREAT,-0.1,0.0,15,opponent,265
16.0,0.5555555555555556,1.0,1.0,0.0,6.0,4.0,0.0,0.0,0.0,0.0,0.0,0.0,0.0,0.0,0.0,1.0,PASS_TURN,0.0,0.0,16,opponent,265
17.0,0.3333333333333333,1.0,1.0,0.0,6.0,4.0,0.0,0.0,0.0,0.0,0.0,0.0,0.0,0.0,0.0,1.0,PASS_TURN,0.0,0.0,17,opponent,265
18.0,0.2857142857142857,1.0,0.0,0.0,6.0,3.0,0.0,0.0,0.0,0.0,0.0,0.0,0.0,0.0,0.0,1.0,PASS_TURN,0.0,0.0,18,opponent,265
1.0,1.0,1.0,1.0,2.0,6.0,6.0,1.0,5.0,0.0,0.0,1.0,0.0,0.0,0.0,0.0,0.0,ATTACH_ENERGY,0.3,0.7000000000000001,1,opponent,266
2.0,1.0,1.0,1.0,2.0,6.0,6.0,0.0,5.0,0.0,1.0,0.0,0.0,0.0,0.0,0.0,0.0,RETREAT,-0.1,0.0,2,opponent,266
3.0,0.75,1.0,1.0,2.0,6.0,6.0,0.0,5.0,0.0,0.0,0.0,1.0,0.0,0.0,0.0,0.0,PLAY_SUPPORTER,0.4,0.0,3,opponent,266
4.0,0.375,1.0,1.0,2.0,6.0,6.0,0.0,4.0,0.0,0.0,0.0,1.0,0.0,0.0,0.0,0.0,PLAY_SUPPORTER,0.4,0.0,4,opponent,266
5.0,0.25,1.0,1.0,2.0,6.0,6.0,0.0,3.0,0.0,1.0,0.0,0.0,0.0,0.0,0.0,0.0,RETREAT,-0.1,0.0,5,opponent,266
6.0,1.0,1.0,1.0,2.0,6.0,6.0,0.0,3.0,1.0,0.0,0.0,0.0,0.0,0.0,0.0,0.0,ATTACK,1.0,0.19999999999999996,6,opponent,266
7.0,0.8333333333333334,0.6666666666666666,1.0,2.0,6.0,6.0,0.0,3.0,1.0,0.0,0.0,0.0,0.0,0.0,0.0,0.0,ATTACK,1.0,0.19999999999999996,7,opponent,266
8.0,0.75,0.3333333333333333,1.0,2.0,6.0,6.0,0.0,3.0,1.0,0.0,0.0,0.0,0.0,0.0,0.0,0.0,ATTACK,6.0,-2.3000000000000003,8,opponent,266
9.0,0.5833333333333334,1.0,1.0,1.0,5.0,6.0,0.0,3.0,1.0,0.0,0.0,0.0,0.0,0.0,0.0,0.0,ATTACK,1.0,0.20000000000000018,9,opponent,266
10.0,0.4166666666666667,0.8571428571428571,1.0,1.0,5.0,6.0,0.0,3.0,1.0,0.0,0.0,0.0,0.0,0.0,0.0,0.0,ATTACK,1.0,0.20000000000000018,10,opponent,266
11.0,0.16666666666666666,0.7142857142857143,1.0,1.0,5.0,6.0,0.0,3.0,0.0,1.0,0.0,0.0,0.0,0.0,0.0,0.0,RETREAT,-0.1,0.0,11,opponent,266
12.0,0.16666666666666666,0.7142857142857143,0.0,1.0,5.0,5.0,0.0,3.0,0.0,0.0,0.0,1.0,0.0,0.0,0.0,0.0,PLAY_SUPPORTER,0.4,0.0,12,opponent,266
1.0,1.0,1.0,3.0,2.0,6.0,6.0,0.0,4.0,0.0,0.0,0.0,1.0,0.0,0.0,0.0,0.0,PLAY_SUPPORTER,0.4,0.0,1,opponent,267
2.0,0.5,1.0,3.0,2.0,6.0,6.0,0.0,3.0,0.0,0.0,0.0,1.0,0.0,0.0,0.0,0.0,PLAY_SUPPORTER,0.4,0.0,2,opponent,267
3.0,1.0,1.0,2.0,2.0,6.0,5.0,0.0,2.0,0.0,0.0,0.0,1.0,0.0,0.0,0.0,0.0,PLAY_SUPPORTER,0.4,0.0,3,opponent,267
4.0,0.6666666666666666,1.0,2.0,2.0,6.0,5.0,0.0,1.0,0.0,0.0,0.0,1.0,0.0,0.0,0.0,0.0,PLAY_SUPPORTER,0.4,0.0,4,opponent,267
5.0,0.5833333333333334,1.0,2.0,2.0,6.0,5.0,0.0,0.0,0.0,0.0,0.0,0.0,0.0,0.0,0.0,1.0,PASS_TURN,0.0,0.0,5,opponent,267
6.0,0.25,1.0,2.0,2.0,6.0,5.0,0.0,0.0,0.0,1.0,0.0,0.0,0.0,0.0,0.0,0.0,RETREAT,-0.1,0.0,6,opponent,267
7.0,0.75,1.0,2.0,2.0,6.0,5.0,0.0,0.0,0.0,0.0,0.0,0.0,0.0,0.0,0.0,1.0,PASS_TURN,0.0,0.0,7,opponent,267
8.0,0.25,1.0,2.0,2.0,6.0,5.0,0.0,0.0,0.0,1.0,0.0,0.0,0.0,0.0,0.0,0.0,RETREAT,-0.1,0.0,8,opponent,267
9.0,0.25,1.0,1.0,2.0,6.0,4.0,0.0,0.0,0.0,1.0,0.0,0.0,0.0,0.0,0.0,0.0,RETREAT,-0.1,0.0,9,opponent,267
10.0,0.875,1.0,1.0,2.0,6.0,4.0,0.0,0.0,0.0,0.0,0.0,0.0,0.0,0.0,0.0,1.0,PASS_TURN,0.0,0.0,10,opponent,267
11.0,0.75,1.0,1.0,2.0,6.0,4.0,0.0,0.0,0.0,0.0,0.0,0.0,0.0,0.0,0.0,1.0,PASS_TURN,0.0,0.0,11,opponent,267
12.0,0.25,1.0,1.0,2.0,6.0,4.0,0.0,0.0,0.0,1.0,0.0,0.0,0.0,0.0,0.0,0.0,RETREAT,-0.1,0.0,12,opponent,267
13.0,0.125,1.0,1.0,2.0,6.0,4.0,0.0,0.0,0.0,1.0,0.0,0.0,0.0,0.0,0.0,0.0,RETREAT,-0.1,0.0,13,opponent,267
14.0,0.125,1.0,0.0,2.0,6.0,3.0,0.0,0.0,0.0,0.0,0.0,0.0,0.0,0.0,0.0,1.0,PASS_TURN,0.0,0.0,14,opponent,267
1.0,1.0,1.0,0.0,3.0,6.0,6.0,3.0,7.0,0.0,0.0,1.0,0.0,0.0,0.0,0.0,0.0,ATTACH_ENERGY,0.3,0.6999999999999997,1,opponent,268
2.0,0.7777777777777778,1.0,0.0,3.0,6.0,6.0,2.0,7.0,1.0,0.0,0.0,0.0,0.0,0.0,0.0,0.0,ATTACK,1.5,0.2999999999999998,2,opponent,268
3.0,0.4444444444444444,0.7,0.0,3.0,6.0,6.0,2.0,7.0,1.0,0.0,0.0,0.0,0.0,0.0,0.0,0.0,ATTACK,1.5,0.2999999999999998,3,opponent,268
4.0,0.1111111111111111,0.4,0.0,3.0,6.0,6.0,2.0,7.0,1.0,0.0,0.0,0.0,0.0,0.0,0.0,0.0,ATTACK,1.5,0.2999999999999998,4,opponent,268
1.0,1.0,1.0,0.0,3.0,6.0,6.0,0.0,6.0,0.0,0.0,0.0,1.0,0.0,0.0,0.0,0.0,PLAY_SUPPORTER,0.4,0.0,1,opponent,269
2.0,0.8333333333333334,1.0,0.0,3.0,6.0,6.0,0.0,5.0,0.0,0.0,0.0,1.0,0.0,0.0,0.0,0.0,PLAY_SUPPORTER,0.4,0.0,2,opponent,269
3.0,0.16666666666666666,1.0,0.0,3.0,6.0,6.0,0.0,4.0,0.0,0.0,0.0,1.0,0.0,0.0,0.0,0.0,PLAY_SUPPORTER,0.4,0.0,3,opponent,269
1.0,1.0,1.0,3.0,0.0,6.0,6.0,2.0,4.0,0.0,0.0,1.0,0.0,0.0,0.0,0.0,0.0,ATTACH_ENERGY,0.3,0.6999999999999993,1,me,270
2.0,0.75,1.0,3.0,0.0,6.0,6.0,1.0,4.0,1.0,0.0,0.0,0.0,0.0,0.0,0.0,0.0,ATTACK,1.0,0.1999999999999993,2,me,270
3.0,0.5,0.8333333333333334,3.0,0.0,6.0,6.0,1.0,4.0,1.0,0.0,0.0,0.0,0.0,0.0,0.0,0.0,ATTACK,1.0,0.20000000000000107,3,me,270
4.0,0.25,0.6666666666666666,3.0,0.0,6.0,6.0,1.0,4.0,0.0,1.0,0.0,0.0,0.0,0.0,0.0,0.0,RETREAT,-0.1,0.0,4,me,270
5.0,0.5555555555555556,0.6666666666666666,3.0,0.0,6.0,6.0,1.0,4.0,0.0,0.0,0.0,1.0,0.0,0.0,0.0,0.0,PLAY_SUPPORTER,0.4,0.0,5,me,270
6.0,0.1111111111111111,0.6666666666666666,3.0,0.0,6.0,6.0,1.0,3.0,0.0,1.0,0.0,0.0,0.0,0.0,0.0,0.0,RETREAT,-0.1,0.0,6,me,270
7.0,0.25,0.6666666666666666,3.0,0.0,6.0,6.0,1.0,3.0,0.0,0.0,0.0,0.0,1.0,0.0,0.0,0.0,PLAY_BASIC_TO_BENCH,0.2,1.9,7,me,270
8.0,0.1111111111111111,0.6666666666666666,3.0,0.0,6.0,5.0,1.0,2.0,0.0,1.0,0.0,0.0,0.0,0.0,0.0,0.0,RETREAT,-0.1,0.0,8,me,270
9.0,0.6666666666666666,0.6666666666666666,3.0,0.0,6.0,5.0,1.0,2.0,0.0,0.0,0.0,1.0,0.0,0.0,0.0,0.0,PLAY_SUPPORTER,0.4,0.0,9,me,270
10.0,0.5,0.6666666666666666,3.0,0.0,6.0,5.0,1.0,1.0,0.0,0.0,0.0,1.0,0.0,0.0,0.0,0.0,PLAY_SUPPORTER,0.4,0.0,10,me,270
11.0,0.16666666666666666,0.6666666666666666,3.0,0.0,6.0,5.0,1.0,0.0,0.0,1.0,0.0,0.0,0.0,0.0,0.0,0.0,RETREAT,-0.1,0.0,11,me,270
12.0,0.16666666666666666,0.6666666666666666,2.0,0.0,6.0,4.0,1.0,0.0,0.0,1.0,0.0,0.0,0.0,0.0,0.0,0.0,RETREAT,-0.1,0.0,12,me,270
13.0,0.75,0.6666666666666666,2.0,0.0,6.0,4.0,1.0,0.0,0.0,0.0,1.0,0.0,0.0,0.0,0.0,0.0,ATTACH_ENERGY,0.3,0.3000000000000007,13,me,270
14.0,0.6666666666666666,0.6666666666666666,2.0,0.0,6.0,4.0,0.0,0.0,1.0,0.0,0.0,0.0,0.0,0.0,0.0,0.0,ATTACK,1.5,0.3000000000000007,14,me,270
15.0,0.3333333333333333,0.4166666666666667,2.0,0.0,6.0,4.0,0.0,0.0,1.0,0.0,0.0,0.0,0.0,0.0,0.0,0.0,ATTACK,1.5,0.29999999999999893,15,me,270
16.0,0.08333333333333333,0.16666666666666666,2.0,0.0,6.0,4.0,0.0,0.0,1.0,0.0,0.0,0.0,0.0,0.0,0.0,0.0,ATTACK,6.5,-2.8000000000000016,16,me,270
1.0,1.0,1.0,1.0,0.0,6.0,6.0,3.0,7.0,0.0,0.0,1.0,0.0,0.0,0.0,0.0,0.0,ATTACH_ENERGY,0.3,0.7000000000000002,1,me,271
2.0,1.0,1.0,1.0,0.0,6.0,6.0,2.0,7.0,1.0,0.0,0.0,0.0,0.0,0.0,0.0,0.0,ATTACK,1.5,0.2999999999999998,2,me,271
3.0,0.7777777777777778,0.6666666666666666,1.0,0.0,6.0,6.0,2.0,7.0,1.0,0.0,0.0,0.0,0.0,0.0,0.0,0.0,ATTACK,1.5,0.30000000000000027,3,me,271
4.0,0.7777777777777778,0.3333333333333333,1.0,0.0,6.0,6.0,2.0,7.0,1.0,0.0,0.0,0.0,0.0,0.0,0.0,0.0,ATTACK,6.5,-2.7,4,me,271
1.0,1.0,1.0,0.0,3.0,6.0,6.0,1.0,2.0,0.0,0.0,1.0,0.0,0.0,0.0,0.0,0.0,ATTACH_ENERGY,0.3,0.6999999999999997,1,opponent,272
2.0,0.5714285714285714,1.0,0.0,3.0,6.0,6.0,0.0,2.0,1.0,0.0,0.0,0.0,0.0,0.0,0.0,0.0,ATTACK,0.5,0.10000000000000009,2,opponent,272
3.0,0.14285714285714285,0.9,0.0,3.0,6.0,6.0,0.0,2.0,0.0,0.0,0.0,1.0,0.0,0.0,0.0,0.0,PLAY_SUPPORTER,0.4,0.0,3,opponent,272
1.0,1.0,1.0,3.0,1.0,6.0,6.0,0.0,2.0,0.0,0.0,0.0,1.0,0.0,0.0,0.0,0.0,PLAY_SUPPORTER,0.4,0.0,1,opponent,273
2.0,0.6666666666666666,1.0,3.0,1.0,6.0,6.0,0.0,1.0,0.0,0.0,0.0,1.0,0.0,0.0,0.0,0.0,PLAY_SUPPORTER,0.4,0.0,2,opponent,273
3.0,0.6666666666666666,1.0,3.0,1.0,6.0,6.0,0.0,0.0,0.0,0.0,0.0,0.0,0.0,0.0,0.0,1.0,PASS_TURN,0.0,0.0,3,opponent,273
4.0,0.5,1.0,3.0,1.0,6.0,6.0,0.0,0.0,0.0,0.0,0.0,0.0,0.0,0.0,0.0,1.0,PASS_TURN,0.0,0.0,4,opponent,273
5.0,0.16666666666666666,1.0,3.0,1.0,6.0,6.0,0.0,0.0,0.0,1.0,0.0,0.0,0.0,0.0,0.0,0.0,RETREAT,-0.1,0.0,5,opponent,273
6.0,0.42857142857142855,1.0,3.0,1.0,6.0,6.0,0.0,0.0,0.0,0.0,0.0,0.0,0.0,0.0,0.0,1.0,PASS_TURN,0.0,0.0,6,opponent,273
7.0,0.16666666666666666,1.0,2.0,1.0,6.0,5.0,0.0,0.0,0.0,0.0,0.0,0.0,0.0,0.0,0.0,1.0,PASS_TURN,0.0,0.0,7,opponent,273
8.0,0.16666666666666666,1.0,2.0,1.0,6.0,5.0,0.0,0.0,0.0,1.0,0.0,0.0,0.0,0.0,0.0,0.0,RETREAT,-0.1,0.0,8,opponent,273
9.0,0.42857142857142855,1.0,2.0,1.0,6.0,5.0,0.0,0.0,0.0,0.0,0.0,0.0,0.0,0.0,0.0,1.0,PASS_TURN,0.0,0.0,9,opponent,273
10.0,0.14285714285714285,1.0,2.0,1.0,6.0,5.0,0.0,0.0,0.0,1.0,0.0,0.0,0.0,0.0,0.0,0.0,RETREAT,-0.1,0.0,10,opponent,273
11.0,0.14285714285714285,1.0,1.0,1.0,6.0,4.0,0.0,0.0,0.0,1.0,0.0,0.0,0.0,0.0,0.0,0.0,RETREAT,-0.1,0.0,11,opponent,273
12.0,0.75,1.0,1.0,1.0,6.0,4.0,0.0,0.0,0.0,0.0,0.0,0.0,0.0,0.0,0.0,1.0,PASS_TURN,0.0,0.0,12,opponent,273
13.0,0.375,1.0,1.0,1.0,6.0,4.0,0.0,0.0,0.0,0.0,0.0,0.0,0.0,0.0,0.0,1.0,PASS_TURN,0.0,0.0,13,opponent,273
14.0,0.14285714285714285,1.0,0.0,1.0,6.0,3.0,0.0,0.0,0.0,0.0,0.0,0.0,0.0,0.0,0.0,1.0,PASS_TURN,0.0,0.0,14,opponent,273
15.0,0.14285714285714285,1.0,0.0,1.0,6.0,3.0,0.0,0.0,0.0,0.0,0.0,0.0,0.0,0.0,0.0,1.0,PASS_TURN,0.0,0.0,15,opponent,273
16.0,0.14285714285714285,1.0,0.0,1.0,6.0,3.0,0.0,0.0,0.0,0.0,0.0,0.0,0.0,0.0,0.0,1.0,PASS_TURN,0.0,0.0,16,opponent,273
1.0,1.0,1.0,1.0,2.0,6.0,6.0,2.0,4.0,0.0,0.0,1.0,0.0,0.0,0.0,0.0,0.0,ATTACH_ENERGY,0.3,0.7000000000000001,1,opponent,274
2.0,0.7857142857142857,1.0,1.0,2.0,6.0,6.0,1.0,4.0,0.0,0.0,0.0,1.0,0.0,0.0,0.0,0.0,PLAY_SUPPORTER,0.4,0.0,2,opponent,274
3.0,0.7142857142857143,1.0,1.0,2.0,6.0,6.0,1.0,3.0,1.0,0.0,0.0,0.0,0.0,0.0,0.0,0.0,ATTACK,1.5,0.2999999999999998,3,opponent,274
4.0,0.6428571428571429,0.5714285714285714,1.0,2.0,6.0,6.0,1.0,3.0,1.0,0.0,0.0,0.0,0.0,0.0,0.0,0.0,ATTACK,1.5,0.2999999999999998,4,opponent,274
5.0,0.35714285714285715,0.14285714285714285,1.0,2.0,6.0,6.0,1.0,3.0,1.0,0.0,0.0,0.0,0.0,0.0,0.0,0.0,ATTACK,6.5,-2.4000000000000004,5,opponent,274
6.0,0.21428571428571427,1.0,1.0,1.0,5.0,6.0,1.0,3.0,1.0,0.0,0.0,0.0,0.0,0.0,0.0,0.0,ATTACK,1.5,0.2999999999999998,6,opponent,274
7.0,0.07142857142857142,0.625,1.0,1.0,5.0,6.0,1.0,3.0,0.0,0.0,0.0,0.0,0.0,0.0,0.0,1.0,PASS_TURN,0.0,0.0,7,opponent,274
8.0,1.0,0.625,0.0,1.0,5.0,5.0,1.0,3.0,0.0,0.0,1.0,0.0,0.0,0.0,0.0,0.0,ATTACH_ENERGY,0.3,0.30000000000000004,8,opponent,274
9.0,0.8333333333333334,0.625,0.0,1.0,5.0,5.0,0.0,3.0,0.0,0.0,0.0,0.0,0.0,0.0,0.0,1.0,PASS_TURN,0.0,0.0,9,opponent,274
10.0,0.8333333333333334,0.625,0.0,1.0,5.0,5.0,0.0,3.0,1.0,0.0,0.0,0.0,0.0,0.0,0.0,0.0,ATTACK,0.5,0.10000000000000009,10,opponent,274
11.0,0.5,0.5,0.0,1.0,5.0,5.0,0.0,3.0,1.0,0.0,0.0,0.0,0.0,0.0,0.0,0.0,ATTACK,0.5,0.10000000000000009,11,opponent,274
1.0,1.0,1.0,0.0,0.0,6.0,6.0,0.0,4.0,0.0,0.0,0.0,1.0,0.0,0.0,0.0,0.0,PLAY_SUPPORTER,0.4,0.0,1,opponent,275
2.0,0.8888888888888888,1.0,0.0,0.0,6.0,6.0,0.0,3.0,0.0,0.0,0.0,1.0,0.0,0.0,0.0,0.0,PLAY_SUPPORTER,0.4,0.0,2,opponent,275
3.0,0.6666666666666666,1.0,0.0,0.0,6.0,6.0,0.0,2.0,0.0,0.0,0.0,1.0,0.0,0.0,0.0,0.0,PLAY_SUPPORTER,0.4,0.0,3,opponent,275
4.0,0.6666666666666666,1.0,0.0,0.0,6.0,6.0,0.0,1.0,0.0,0.0,0.0,1.0,0.0,0.0,0.0,0.0,PLAY_SUPPORTER,0.4,0.0,4,opponent,275
5.0,0.2222222222222222,1.0,0.0,0.0,6.0,6.0,0.0,0.0,0.0,0.0,0.0,0.0,0.0,0.0,0.0,1.0,PASS_TURN,0.0,0.0,5,opponent,275
1.0,1.0,1.0,0.0,1.0,6.0,6.0,0.0,2.0,0.0,0.0,0.0,0.0,1.0,0.0,0.0,0.0,PLAY_BASIC_TO_BENCH,0.2,1.5,1,opponent,276
2.0,0.7,1.0,1.0,1.0,6.0,6.0,0.0,1.0,0.0,0.0,0.0,1.0,0.0,0.0,0.0,0.0,PLAY_SUPPORTER,0.4,0.0,2,opponent,276
3.0,0.5,1.0,1.0,1.0,6.0,6.0,0.0,0.0,0.0,0.0,0.0,0.0,0.0,0.0,0.0,1.0,PASS_TURN,0.0,0.0,3,opponent,276
4.0,0.4,1.0,1.0,1.0,6.0,6.0,0.0,0.0,0.0,0.0,0.0,0.0,0.0,0.0,0.0,1.0,PASS_TURN,0.0,0.0,4,opponent,276
5.0,0.1,1.0,1.0,1.0,6.0,6.0,0.0,0.0,0.0,1.0,0.0,0.0,0.0,0.0,0.0,0.0,RETREAT,-0.1,0.0,5,opponent,276
6.0,0.8333333333333334,1.0,1.0,1.0,6.0,6.0,0.0,0.0,0.0,0.0,0.0,0.0,0.0,0.0,0.0,1.0,PASS_TURN,0.0,0.0,6,opponent,276
7.0,0.16666666666666666,1.0,1.0,1.0,6.0,6.0,0.0,0.0,0.0,1.0,0.0,0.0,0.0,0.0,0.0,0.0,RETREAT,-0.1,0.0,7,opponent,276
8.0,0.16666666666666666,1.0,0.0,1.0,6.0,5.0,0.0,0.0,0.0,0.0,0.0,0.0,0.0,0.0,0.0,1.0,PASS_TURN,0.0,0.0,8,opponent,276
1.0,1.0,1.0,3.0,3.0,6.0,6.0,0.0,6.0,0.0,0.0,0.0,1.0,0.0,0.0,0.0,0.0,PLAY_SUPPORTER,0.4,0.0,1,opponent,277
2.0,0.6666666666666666,1.0,3.0,3.0,6.0,6.0,0.0,5.0,0.0,0.0,0.0,1.0,0.0,0.0,0.0,0.0,PLAY_SUPPORTER,0.4,0.0,2,opponent,277
3.0,0.6666666666666666,1.0,3.0,3.0,6.0,6.0,0.0,4.0,0.0,0.0,0.0,1.0,0.0,0.0,0.0,0.0,PLAY_SUPPORTER,0.4,0.0,3,opponent,277
4.0,0.2222222222222222,1.0,3.0,3.0,6.0,6.0,0.0,3.0,0.0,1.0,0.0,0.0,0.0,0.0,0.0,0.0,RETREAT,-0.1,0.0,4,opponent,277
5.0,0.6666666666666666,1.0,3.0,3.0,6.0,6.0,0.0,3.0,0.0,0.0,0.0,1.0,0.0,0.0,0.0,0.0,PLAY_SUPPORTER,0.4,0.0,5,opponent,277
6.0,0.5,1.0,3.0,3.0,6.0,6.0,0.0,2.0,0.0,0.0,0.0,1.0,0.0,0.0,0.0,0.0,PLAY_SUPPORTER,0.4,0.0,6,opponent,277
7.0,0.3333333333333333,1.0,3.0,3.0,6.0,6.0,0.0,1.0,0.0,0.0,0.0,1.0,0.0,0.0,0.0,0.0,PLAY_SUPPORTER,0.4,0.0,7,opponent,277
8.0,0.3333333333333333,1.0,3.0,3.0,6.0,6.0,0.0,0.0,0.0,0.0,0.0,0.0,0.0,0.0,0.0,1.0,PASS_TURN,0.0,0.0,8,opponent,277
9.0,0.2222222222222222,1.0,2.0,3.0,6.0,5.0,0.0,0.0,0.0,1.0,0.0,0.0,0.0,0.0,0.0,0.0,RETREAT,-0.1,0.0,9,opponent,277
10.0,0.9,1.0,2.0,3.0,6.0,5.0,0.0,0.0,0.0,0.0,0.0,0.0,0.0,0.0,0.0,1.0,PASS_TURN,0.0,0.0,10,opponent,277
11.0,0.7,1.0,2.0,3.0,6.0,5.0,0.0,0.0,0.0,0.0,0.0,0.0,0.0,0.0,0.0,1.0,PASS_TURN,0.0,0.0,11,opponent,277
12.0,0.7,1.0,2.0,3.0,6.0,5.0,0.0,0.0,0.0,0.0,0.0,0.0,0.0,0.0,0.0,1.0,PASS_TURN,0.0,0.0,12,opponent,277
13.0,0.6,1.0,2.0,3.0,6.0,5.0,0.0,0.0,0.0,0.0,0.0,0.0,0.0,0.0,0.0,1.0,PASS_TURN,0.0,0.0,13,opponent,277
14.0,0.2,1.0,2.0,3.0,6.0,5.0,0.0,0.0,0.0,0.0,0.0,0.0,0.0,0.0,0.0,1.0,PASS_TURN,0.0,0.0,14,opponent,277
15.0,0.2222222222222222,1.0,1.0,3.0,6.0,4.0,0.0,0.0,0.0,1.0,0.0,0.0,0.0,0.0,0.0,0.0,RETREAT,-0.1,0.0,15,opponent,277
16.0,1.0,1.0,1.0,3.0,6.0,4.0,0.0,0.0,0.0,0.0,0.0,0.0,0.0,0.0,0.0,1.0,PASS_TURN,0.0,0.0,16,opponent,277
17.0,0.5714285714285714,1.0,1.0,3.0,6.0,4.0,0.0,0.0,0.0,0.0,0.0,0.0,0.0,0.0,0.0,1.0,PASS_TURN,0.0,0.0,17,opponent,277
18.0,0.14285714285714285,1.0,1.0,3.0,6.0,4.0,0.0,0.0,0.0,1.0,0.0,0.0,0.0,0.0,0.0,0.0,RETREAT,-0.1,0.0,18,opponent,277
19.0,0.2222222222222222,1.0,1.0,3.0,6.0,4.0,0.0,0.0,0.0,1.0,0.0,0.0,0.0,0.0,0.0,0.0,RETREAT,-0.1,0.0,19,opponent,277
20.0,0.2222222222222222,1.0,0.0,3.0,6.0,3.0,0.0,0.0,0.0,0.0,0.0,0.0,0.0,0.0,0.0,1.0,PASS_TURN,0.0,0.0,20,opponent,277
21.0,0.1111111111111111,1.0,0.0,3.0,6.0,3.0,0.0,0.0,0.0,0.0,0.0,0.0,0.0,0.0,0.0,1.0,PASS_TURN,0.0,0.0,21,opponent,277
22.0,0.1111111111111111,1.0,0.0,3.0,6.0,3.0,0.0,0.0,0.0,0.0,0.0,0.0,0.0,0.0,0.0,1.0,PASS_TURN,0.0,0.0,22,opponent,277
1.0,1.0,1.0,2.0,2.0,6.0,6.0,1.0,4.0,0.0,0.0,1.0,0.0,0.0,0.0,0.0,0.0,ATTACH_ENERGY,0.3,0.7000000000000002,1,opponent,278
2.0,0.9,1.0,2.0,2.0,6.0,6.0,0.0,4.0,1.0,0.0,0.0,0.0,0.0,0.0,0.0,0.0,ATTACK,0.5,0.10000000000000009,2,opponent,278
3.0,0.7,0.8333333333333334,2.0,2.0,6.0,6.0,0.0,4.0,1.0,0.0,0.0,0.0,0.0,0.0,0.0,0.0,ATTACK,0.5,0.09999999999999987,3,opponent,278
4.0,0.3,0.6666666666666666,2.0,2.0,6.0,6.0,0.0,4.0,0.0,0.0,0.0,0.0,1.0,0.0,0.0,0.0,PLAY_BASIC_TO_BENCH,0.2,1.7,4,opponent,278
5.0,0.2,0.6666666666666666,3.0,2.0,6.0,6.0,0.0,3.0,0.0,1.0,0.0,0.0,0.0,0.0,0.0,0.0,RETREAT,-0.1,0.0,5,opponent,278
6.0,1.0,0.6666666666666666,3.0,2.0,6.0,6.0,0.0,3.0,0.0,0.0,0.0,1.0,0.0,0.0,0.0,0.0,PLAY_SUPPORTER,0.4,0.0,6,opponent,278
7.0,1.0,0.6666666666666666,3.0,2.0,6.0,6.0,0.0,2.0,0.0,0.0,0.0,0.0,1.0,0.0,0.0,0.0,PLAY_BASIC_TO_BENCH,0.2,1.6999999999999997,7,opponent,278
8.0,0.875,0.6666666666666666,4.0,2.0,6.0,6.0,0.0,1.0,0.0,0.0,0.0,1.0,0.0,0.0,0.0,0.0,PLAY_SUPPORTER,0.4,0.0,8,opponent,278
9.0,0.5,0.6666666666666666,4.0,2.0,6.0,6.0,0.0,0.0,0.0,0.0,0.0,0.0,0.0,0.0,0.0,1.0,PASS_TURN,0.0,0.0,9,opponent,278
10.0,1.0,0.6666666666666666,3.0,2.0,6.0,5.0,0.0,0.0,0.0,0.0,0.0,0.0,0.0,0.0,0.0,1.0,PASS_TURN,0.0,0.0,10,opponent,278
11.0,0.8571428571428571,0.6666666666666666,3.0,2.0,6.0,5.0,0.0,0.0,0.0,1.0,0.0,0.0,0.0,0.0,0.0,0.0,RETREAT,-0.1,0.0,11,opponent,278
12.0,1.0,0.6666666666666666,3.0,2.0,6.0,5.0,0.0,0.0,0.0,0.0,0.0,0.0,0.0,0.0,0.0,1.0,PASS_TURN,0.0,0.0,12,opponent,278
13.0,0.75,0.6666666666666666,3.0,2.0,6.0,5.0,0.0,0.0,0.0,0.0,0.0,0.0,0.0,0.0,0.0,1.0,PASS_TURN,0.0,0.0,13,opponent,278
14.0,0.5833333333333334,0.6666666666666666,3.0,2.0,6.0,5.0,0.0,0.0,0.0,0.0,0.0,0.0,0.0,0.0,0.0,1.0,PASS_TURN,0.0,0.0,14,opponent,278
15.0,0.25,0.6666666666666666,3.0,2.0,6.0,5.0,0.0,0.0,0.0,1.0,0.0,0.0,0.0,0.0,0.0,0.0,RETREAT,-0.1,0.0,15,opponent,278
16.0,0.6666666666666666,0.6666666666666666,3.0,2.0,6.0,5.0,0.0,0.0,0.0,0.0,0.0,0.0,0.0,0.0,0.0,1.0,PASS_TURN,0.0,0.0,16,opponent,278
17.0,0.4444444444444444,0.6666666666666666,3.0,2.0,6.0,5.0,0.0,0.0,0.0,0.0,0.0,0.0,0.0,0.0,0.0,1.0,PASS_TURN,0.0,0.0,17,opponent,278
18.0,0.25,0.6666666666666666,2.0,2.0,6.0,4.0,0.0,0.0,0.0,1.0,0.0,0.0,0.0,0.0,0.0,0.0,RETREAT,-0.1,0.0,18,opponent,278
19.0,0.25,0.6666666666666666,1.0,2.0,6.0,3.0,0.0,0.0,0.0,1.0,0.0,0.0,0.0,0.0,0.0,0.0,RETREAT,-0.1,0.0,19,opponent,278
20.0,0.2857142857142857,0.6666666666666666,1.0,2.0,6.0,3.0,0.0,0.0,0.0,0.0,0.0,0.0,0.0,0.0,0.0,1.0,PASS_TURN,0.0,0.0,20,opponent,278
21.0,0.25,0.6666666666666666,0.0,2.0,6.0,2.0,0.0,0.0,0.0,0.0,0.0,0.0,0.0,0.0,0.0,1.0,PASS_TURN,0.0,0.0,21,opponent,278
22.0,0.16666666666666666,0.6666666666666666,0.0,2.0,6.0,2.0,0.0,0.0,0.0,0.0,0.0,0.0,0.0,0.0,0.0,1.0,PASS_TURN,0.0,0.0,22,opponent,278
23.0,0.08333333333333333,0.6666666666666666,0.0,2.0,6.0,2.0,0.0,0.0,0.0,0.0,0.0,0.0,0.0,0.0,0.0,1.0,PASS_TURN,0.0,0.0,23,opponent,278
1.0,1.0,1.0,3.0,1.0,6.0,6.0,2.0,3.0,0.0,0.0,0.0,0.0,1.0,0.0,0.0,0.0,PLAY_BASIC_TO_BENCH,0.2,1.5000000000000004,1,opponent,279
2.0,0.5555555555555556,1.0,4.0,1.0,6.0,6.0,2.0,2.0,0.0,0.0,1.0,0.0,0.0,0.0,0.0,0.0,ATTACH_ENERGY,0.3,0.6999999999999997,2,opponent,279
3.0,0.4444444444444444,1.0,4.0,1.0,6.0,6.0,1.0,2.0,1.0,0.0,0.0,0.0,0.0,0.0,0.0,0.0,ATTACK,1.0,0.1999999999999993,3,opponent,279
4.0,1.0,0.8,3.0,1.0,6.0,5.0,1.0,2.0,0.0,0.0,0.0,1.0,0.0,0.0,0.0,0.0,PLAY_SUPPORTER,0.4,0.0,4,opponent,279
5.0,0.3333333333333333,0.8,3.0,1.0,6.0,5.0,1.0,1.0,0.0,0.0,0.0,1.0,0.0,0.0,0.0,0.0,PLAY_SUPPORTER,0.4,0.0,5,opponent,279
6.0,0.16666666666666666,0.8,3.0,1.0,6.0,5.0,1.0,0.0,0.0,1.0,0.0,0.0,0.0,0.0,0.0,0.0,RETREAT,-0.1,0.0,6,opponent,279
7.0,0.5,0.8,3.0,1.0,6.0,5.0,1.0,0.0,0.0,0.0,1.0,0.0,0.0,0.0,0.0,0.0,ATTACH_ENERGY,0.3,0.2999999999999998,7,opponent,279
8.0,0.375,0.8,3.0,1.0,6.0,5.0,0.0,0.0,0.0,0.0,0.0,0.0,0.0,0.0,0.0,1.0,PASS_TURN,0.0,0.0,8,opponent,279
9.0,0.125,0.8,3.0,1.0,6.0,5.0,0.0,0.0,0.0,1.0,0.0,0.0,0.0,0.0,0.0,0.0,RETREAT,-0.1,0.0,9,opponent,279
10.0,0.125,0.8,2.0,1.0,6.0,4.0,0.0,0.0,0.0,1.0,0.0,0.0,0.0,0.0,0.0,0.0,RETREAT,-0.1,0.0,10,opponent,279
11.0,0.7142857142857143,0.8,2.0,1.0,6.0,4.0,0.0,0.0,0.0,0.0,0.0,0.0,0.0,0.0,0.0,1.0,PASS_TURN,0.0,0.0,11,opponent,279
12.0,0.5714285714285714,0.8,2.0,1.0,6.0,4.0,0.0,0.0,0.0,0.0,0.0,0.0,0.0,0.0,0.0,1.0,PASS_TURN,0.0,0.0,12,opponent,279
13.0,0.42857142857142855,0.8,2.0,1.0,6.0,4.0,0.0,0.0,0.0,1.0,0.0,0.0,0.0,0.0,0.0,0.0,RETREAT,-0.1,0.0,13,opponent,279
14.0,0.42857142857142855,0.8,1.0,1.0,6.0,3.0,0.0,0.0,0.0,0.0,0.0,0.0,0.0,0.0,0.0,1.0,PASS_TURN,0.0,0.0,14,opponent,279
15.0,0.2857142857142857,0.8,1.0,1.0,6.0,3.0,0.0,0.0,0.0,1.0,0.0,0.0,0.0,0.0,0.0,0.0,RETREAT,-0.1,0.0,15,opponent,279
16.0,0.5,0.8,1.0,1.0,6.0,3.0,0.0,0.0,0.0,0.0,0.0,0.0,0.0,0.0,0.0,1.0,PASS_TURN,0.0,0.0,16,opponent,279
17.0,0.3333333333333333,0.8,1.0,1.0,6.0,3.0,0.0,0.0,0.0,0.0,0.0,0.0,0.0,0.0,0.0,1.0,PASS_TURN,0.0,0.0,17,opponent,279
18.0,0.2857142857142857,0.8,0.0,1.0,6.0,2.0,0.0,0.0,0.0,0.0,0.0,0.0,0.0,0.0,0.0,1.0,PASS_TURN,0.0,0.0,18,opponent,279
1.0,1.0,1.0,1.0,0.0,6.0,6.0,2.0,3.0,0.0,0.0,1.0,0.0,0.0,0.0,0.0,0.0,ATTACH_ENERGY,0.3,0.6999999999999997,1,opponent,280
2.0,0.6666666666666666,1.0,1.0,0.0,6.0,6.0,1.0,3.0,0.0,0.0,1.0,0.0,0.0,0.0,0.0,0.0,ATTACH_ENERGY,0.3,0.6999999999999997,2,opponent,280
3.0,0.3333333333333333,1.0,1.0,0.0,6.0,6.0,0.0,3.0,0.0,0.0,0.0,1.0,0.0,0.0,0.0,0.0,PLAY_SUPPORTER,0.4,0.0,3,opponent,280
4.0,0.16666666666666666,1.0,1.0,0.0,6.0,6.0,0.0,2.0,0.0,1.0,0.0,0.0,0.0,0.0,0.0,0.0,RETREAT,-0.1,0.0,4,opponent,280
5.0,0.75,1.0,1.0,0.0,6.0,6.0,0.0,2.0,0.0,0.0,0.0,1.0,0.0,0.0,0.0,0.0,PLAY_SUPPORTER,0.4,0.0,5,opponent,280
6.0,0.5,1.0,1.0,0.0,6.0,6.0,0.0,1.0,0.0,0.0,0.0,1.0,0.0,0.0,0.0,0.0,PLAY_SUPPORTER,0.4,0.0,6,opponent,280
7.0,0.4166666666666667,1.0,1.0,0.0,6.0,6.0,0.0,0.0,0.0,0.0,0.0,0.0,0.0,0.0,0.0,1.0,PASS_TURN,0.0,0.0,7,opponent,280
8.0,0.25,1.0,1.0,0.0,6.0,6.0,0.0,0.0,0.0,1.0,0.0,0.0,0.0,0.0,0.0,0.0,RETREAT,-0.1,0.0,8,opponent,280
9.0,0.25,1.0,0.0,0.0,6.0,5.0,0.0,0.0,0.0,0.0,0.0,0.0,0.0,0.0,0.0,1.0,PASS_TURN,0.0,0.0,9,opponent,280
10.0,0.08333333333333333,1.0,0.0,0.0,6.0,5.0,0.0,0.0,0.0,0.0,0.0,0.0,0.0,0.0,0.0,1.0,PASS_TURN,0.0,0.0,10,opponent,280
11.0,0.08333333333333333,1.0,0.0,0.0,6.0,5.0,0.0,0.0,0.0,0.0,0.0,0.0,0.0,0.0,0.0,1.0,PASS_TURN,0.0,0.0,11,opponent,280
1.0,1.0,1.0,3.0,2.0,6.0,6.0,3.0,6.0,0.0,0.0,1.0,0.0,0.0,0.0,0.0,0.0,ATTACH_ENERGY,0.3,0.6999999999999993,1,opponent,281
2.0,0.7777777777777778,1.0,3.0,2.0,6.0,6.0,2.0,6.0,0.0,0.0,1.0,0.0,0.0,0.0,0.0,0.0,ATTACH_ENERGY,0.3,0.6999999999999997,2,opponent,281
3.0,0.7777777777777778,1.0,3.0,2.0,6.0,6.0,1.0,6.0,0.0,0.0,1.0,0.0,0.0,0.0,0.0,0.0,ATTACH_ENERGY,0.3,0.7000000000000011,3,opponent,281
4.0,0.3333333333333333,1.0,3.0,2.0,6.0,6.0,0.0,6.0,1.0,0.0,0.0,0.0,0.0,0.0,0.0,0.0,ATTACK,3.0,0.5999999999999996,4,opponent,281
5.0,0.1111111111111111,0.3333333333333333,3.0,2.0,6.0,6.0,0.0,6.0,1.0,0.0,0.0,0.0,0.0,0.0,0.0,0.0,ATTACK,8.0,-2.2,5,opponent,281
6.0,1.0,1.0,2.0,1.0,5.0,5.0,0.0,6.0,0.0,0.0,0.0,1.0,0.0,0.0,0.0,0.0,PLAY_SUPPORTER,0.4,0.0,6,opponent,281
7.0,1.0,1.0,2.0,1.0,5.0,5.0,0.0,5.0,0.0,0.0,0.0,1.0,0.0,0.0,0.0,0.0,PLAY_SUPPORTER,0.4,0.0,7,opponent,281
8.0,0.8333333333333334,1.0,2.0,1.0,5.0,5.0,0.0,4.0,0.0,0.0,0.0,1.0,0.0,0.0,0.0,0.0,PLAY_SUPPORTER,0.4,0.0,8,opponent,281
9.0,0.5833333333333334,1.0,2.0,1.0,5.0,5.0,0.0,3.0,0.0,0.0,0.0,1.0,0.0,0.0,0.0,0.0,PLAY_SUPPORTER,0.4,0.0,9,opponent,281
10.0,0.5833333333333334,1.0,2.0,1.0,5.0,5.0,0.0,2.0,0.0,0.0,0.0,1.0,0.0,0.0,0.0,0.0,PLAY_SUPPORTER,0.4,0.0,10,opponent,281
11.0,0.3333333333333333,1.0,2.0,1.0,5.0,5.0,0.0,1.0,0.0,0.0,0.0,1.0,0.0,0.0,0.0,0.0,PLAY_SUPPORTER,0.4,0.0,11,opponent,281
12.0,0.25,1.0,2.0,1.0,5.0,5.0,0.0,0.0,0.0,1.0,0.0,0.0,0.0,0.0,0.0,0.0,RETREAT,-0.1,0.0,12,opponent,281
13.0,0.5714285714285714,1.0,2.0,1.0,5.0,5.0,0.0,0.0,0.0,0.0,0.0,0.0,0.0,0.0,0.0,1.0,PASS_TURN,0.0,0.0,13,opponent,281
14.0,0.14285714285714285,1.0,2.0,1.0,5.0,5.0,0.0,0.0,0.0,1.0,0.0,0.0,0.0,0.0,0.0,0.0,RETREAT,-0.1,0.0,14,opponent,281
15.0,0.08333333333333333,1.0,2.0,1.0,5.0,5.0,0.0,0.0,0.0,1.0,0.0,0.0,0.0,0.0,0.0,0.0,RETREAT,-0.1,0.0,15,opponent,281
16.0,0.14285714285714285,1.0,2.0,1.0,5.0,5.0,0.0,0.0,0.0,1.0,0.0,0.0,0.0,0.0,0.0,0.0,RETREAT,-0.1,0.0,16,opponent,281
17.0,0.08333333333333333,1.0,2.0,1.0,5.0,5.0,0.0,0.0,0.0,0.0,0.0,0.0,0.0,0.0,0.0,1.0,PASS_TURN,0.0,0.0,17,opponent,281
18.0,0.14285714285714285,1.0,1.0,1.0,5.0,4.0,0.0,0.0,0.0,1.0,0.0,0.0,0.0,0.0,0.0,0.0,RETREAT,-0.1,0.0,18,opponent,281
19.0,0.9166666666666666,1.0,1.0,1.0,5.0,4.0,0.0,0.0,0.0,0.0,0.0,0.0,0.0,0.0,0.0,1.0,PASS_TURN,0.0,0.0,19,opponent,281
20.0,0.8333333333333334,1.0,1.0,1.0,5.0,4.0,0.0,0.0,0.0,0.0,0.0,0.0,0.0,0.0,0.0,1.0,PASS_TURN,0.0,0.0,20,opponent,281
21.0,0.6666666666666666,1.0,1.0,1.0,5.0,4.0,0.0,0.0,0.0,1.0,0.0,0.0,0.0,0.0,0.0,0.0,RETREAT,-0.1,0.0,21,opponent,281
22.0,0.14285714285714285,1.0,1.0,1.0,5.0,4.0,0.0,0.0,0.0,1.0,0.0,0.0,0.0,0.0,0.0,0.0,RETREAT,-0.1,0.0,22,opponent,281
23.0,0.5833333333333334,1.0,1.0,1.0,5.0,4.0,0.0,0.0,0.0,0.0,0.0,0.0,0.0,0.0,0.0,1.0,PASS_TURN,0.0,0.0,23,opponent,281
24.0,0.25,1.0,1.0,1.0,5.0,4.0,0.0,0.0,0.0,1.0,0.0,0.0,0.0,0.0,0.0,0.0,RETREAT,-0.1,0.0,24,opponent,281
25.0,0.25,1.0,0.0,1.0,5.0,3.0,0.0,0.0,0.0,0.0,0.0,0.0,0.0,0.0,0.0,1.0,PASS_TURN,0.0,0.0,25,opponent,281
26.0,0.25,1.0,0.0,1.0,5.0,3.0,0.0,0.0,0.0,0.0,0.0,0.0,0.0,0.0,0.0,1.0,PASS_TURN,0.0,0.0,26,opponent,281
27.0,0.25,1.0,0.0,1.0,5.0,3.0,0.0,0.0,0.0,0.0,0.0,0.0,0.0,0.0,0.0,1.0,PASS_TURN,0.0,0.0,27,opponent,281
1.0,1.0,1.0,1.0,2.0,6.0,6.0,0.0,7.0,0.0,0.0,0.0,1.0,0.0,0.0,0.0,0.0,PLAY_SUPPORTER,0.4,0.0,1,opponent,282
2.0,0.5,1.0,1.0,2.0,6.0,6.0,0.0,6.0,0.0,0.0,0.0,1.0,0.0,0.0,0.0,0.0,PLAY_SUPPORTER,0.4,0.0,2,opponent,282
3.0,0.375,1.0,1.0,2.0,6.0,6.0,0.0,5.0,0.0,1.0,0.0,0.0,0.0,0.0,0.0,0.0,RETREAT,-0.1,0.0,3,opponent,282
4.0,0.7142857142857143,1.0,1.0,2.0,6.0,6.0,0.0,5.0,0.0,0.0,0.0,1.0,0.0,0.0,0.0,0.0,PLAY_SUPPORTER,0.4,0.0,4,opponent,282
5.0,0.6428571428571429,1.0,1.0,2.0,6.0,6.0,0.0,4.0,0.0,0.0,0.0,1.0,0.0,0.0,0.0,0.0,PLAY_SUPPORTER,0.4,0.0,5,opponent,282
6.0,0.6428571428571429,1.0,1.0,2.0,6.0,6.0,0.0,3.0,0.0,0.0,0.0,1.0,0.0,0.0,0.0,0.0,PLAY_SUPPORTER,0.4,0.0,6,opponent,282
7.0,0.6428571428571429,1.0,1.0,2.0,6.0,6.0,0.0,2.0,0.0,0.0,0.0,1.0,0.0,0.0,0.0,0.0,PLAY_SUPPORTER,0.4,0.0,7,opponent,282
8.0,0.6428571428571429,1.0,1.0,2.0,6.0,6.0,0.0,1.0,0.0,0.0,0.0,1.0,0.0,0.0,0.0,0.0,PLAY_SUPPORTER,0.4,0.0,8,opponent,282
9.0,0.6428571428571429,1.0,1.0,2.0,6.0,6.0,0.0,0.0,0.0,0.0,0.0,0.0,0.0,0.0,0.0,1.0,PASS_TURN,0.0,0.0,9,opponent,282
10.0,0.5,1.0,1.0,2.0,6.0,6.0,0.0,0.0,0.0,0.0,0.0,0.0,0.0,0.0,0.0,1.0,PASS_TURN,0.0,0.0,10,opponent,282
11.0,0.21428571428571427,1.0,1.0,2.0,6.0,6.0,0.0,0.0,0.0,1.0,0.0,0.0,0.0,0.0,0.0,0.0,RETREAT,-0.1,0.0,11,opponent,282
12.0,0.21428571428571427,1.0,0.0,2.0,6.0,5.0,0.0,0.0,0.0,0.0,0.0,0.0,0.0,0.0,0.0,1.0,PASS_TURN,0.0,0.0,12,opponent,282
13.0,0.14285714285714285,1.0,0.0,2.0,6.0,5.0,0.0,0.0,0.0,0.0,0.0,0.0,0.0,0.0,0.0,1.0,PASS_TURN,0.0,0.0,13,opponent,282
1.0,1.0,1.0,0.0,0.0,6.0,6.0,0.0,6.0,0.0,0.0,0.0,1.0,0.0,0.0,0.0,0.0,PLAY_SUPPORTER,0.4,0.0,1,opponent,283
2.0,1.0,1.0,0.0,0.0,6.0,6.0,0.0,5.0,0.0,0.0,0.0,1.0,0.0,0.0,0.0,0.0,PLAY_SUPPORTER,0.4,0.0,2,opponent,283
3.0,1.0,1.0,0.0,0.0,6.0,6.0,0.0,4.0,0.0,0.0,0.0,1.0,0.0,0.0,0.0,0.0,PLAY_SUPPORTER,0.4,0.0,3,opponent,283
4.0,0.7857142857142857,1.0,0.0,0.0,6.0,6.0,0.0,3.0,0.0,0.0,0.0,1.0,0.0,0.0,0.0,0.0,PLAY_SUPPORTER,0.4,0.0,4,opponent,283
5.0,0.5714285714285714,1.0,0.0,0.0,6.0,6.0,0.0,2.0,0.0,0.0,0.0,1.0,0.0,0.0,0.0,0.0,PLAY_SUPPORTER,0.4,0.0,5,opponent,283
6.0,0.5,1.0,0.0,0.0,6.0,6.0,0.0,1.0,0.0,0.0,0.0,1.0,0.0,0.0,0.0,0.0,PLAY_SUPPORTER,0.4,0.0,6,opponent,283
7.0,0.21428571428571427,1.0,0.0,0.0,6.0,6.0,0.0,0.0,0.0,0.0,0.0,0.0,0.0,0.0,0.0,1.0,PASS_TURN,0.0,0.0,7,opponent,283
8.0,0.14285714285714285,1.0,0.0,0.0,6.0,6.0,0.0,0.0,0.0,0.0,0.0,0.0,0.0,0.0,0.0,1.0,PASS_TURN,0.0,0.0,8,opponent,283
1.0,1.0,1.0,3.0,1.0,6.0,6.0,1.0,6.0,0.0,0.0,1.0,0.0,0.0,0.0,0.0,0.0,ATTACH_ENERGY,0.3,0.7000000000000002,1,opponent,284
2.0,0.8888888888888888,1.0,3.0,1.0,6.0,6.0,0.0,6.0,0.0,0.0,0.0,0.0,0.0,0.0,0.0,1.0,PASS_TURN,0.0,0.0,2,opponent,284
3.0,0.7777777777777778,1.0,3.0,1.0,6.0,6.0,0.0,6.0,1.0,0.0,0.0,0.0,0.0,0.0,0.0,0.0,ATTACK,0.5,0.10000000000000053,3,opponent,284
4.0,0.5555555555555556,0.9,3.0,1.0,6.0,6.0,0.0,6.0,1.0,0.0,0.0,0.0,0.0,0.0,0.0,0.0,ATTACK,0.5,0.09999999999999964,4,opponent,284
5.0,0.3333333333333333,0.8,3.0,1.0,6.0,6.0,0.0,6.0,0.0,0.0,0.0,1.0,0.0,0.0,0.0,0.0,PLAY_SUPPORTER,0.4,0.0,5,opponent,284
6.0,1.0,0.8,2.0,1.0,6.0,5.0,0.0,5.0,0.0,0.0,0.0,1.0,0.0,0.0,0.0,0.0,PLAY_SUPPORTER,0.4,0.0,6,opponent,284
7.0,0.8,0.8,2.0,1.0,6.0,5.0,0.0,4.0,0.0,0.0,0.0,1.0,0.0,0.0,0.0,0.0,PLAY_SUPPORTER,0.4,0.0,7,opponent,284
8.0,0.5,0.8,2.0,1.0,6.0,5.0,0.0,3.0,0.0,0.0,0.0,1.0,0.0,0.0,0.0,0.0,PLAY_SUPPORTER,0.4,0.0,8,opponent,284
9.0,0.5,0.8,2.0,1.0,6.0,5.0,0.0,2.0,0.0,0.0,0.0,1.0,0.0,0.0,0.0,0.0,PLAY_SUPPORTER,0.4,0.0,9,opponent,284
10.0,0.1,0.8,2.0,1.0,6.0,5.0,0.0,1.0,0.0,1.0,0.0,0.0,0.0,0.0,0.0,0.0,RETREAT,-0.1,0.0,10,opponent,284
11.0,0.75,0.8,2.0,1.0,6.0,5.0,0.0,1.0,0.0,0.0,0.0,1.0,0.0,0.0,0.0,0.0,PLAY_SUPPORTER,0.4,0.0,11,opponent,284
12.0,0.375,0.8,2.0,1.0,6.0,5.0,0.0,0.0,0.0,0.0,0.0,0.0,0.0,0.0,0.0,1.0,PASS_TURN,0.0,0.0,12,opponent,284
13.0,0.1,0.8,1.0,1.0,6.0,4.0,0.0,0.0,0.0,0.0,0.0,0.0,0.0,0.0,0.0,1.0,PASS_TURN,0.0,0.0,13,opponent,284
14.0,1.0,0.8,0.0,1.0,6.0,3.0,0.0,0.0,0.0,0.0,0.0,0.0,0.0,0.0,0.0,1.0,PASS_TURN,0.0,0.0,14,opponent,284
15.0,0.8333333333333334,0.8,0.0,1.0,6.0,3.0,0.0,0.0,0.0,0.0,0.0,0.0,0.0,0.0,0.0,1.0,PASS_TURN,0.0,0.0,15,opponent,284
16.0,0.5,0.8,0.0,1.0,6.0,3.0,0.0,0.0,0.0,0.0,0.0,0.0,0.0,0.0,0.0,1.0,PASS_TURN,0.0,0.0,16,opponent,284
17.0,0.3333333333333333,0.8,0.0,1.0,6.0,3.0,0.0,0.0,0.0,0.0,0.0,0.0,0.0,0.0,0.0,1.0,PASS_TURN,0.0,0.0,17,opponent,284
18.0,0.25,0.8,0.0,1.0,6.0,3.0,0.0,0.0,0.0,0.0,0.0,0.0,0.0,0.0,0.0,1.0,PASS_TURN,0.0,0.0,18,opponent,284
1.0,1.0,1.0,1.0,0.0,6.0,6.0,3.0,7.0,0.0,0.0,1.0,0.0,0.0,0.0,0.0,0.0,ATTACH_ENERGY,0.3,0.7000000000000002,1,me,285
2.0,0.3333333333333333,1.0,1.0,0.0,6.0,6.0,2.0,7.0,1.0,0.0,0.0,0.0,0.0,0.0,0.0,0.0,ATTACK,1.5,0.30000000000000004,2,me,285
3.0,1.0,0.5714285714285714,0.0,0.0,6.0,5.0,2.0,7.0,0.0,0.0,1.0,0.0,0.0,0.0,0.0,0.0,ATTACH_ENERGY,0.3,0.6999999999999997,3,me,285
4.0,0.8333333333333334,0.5714285714285714,0.0,0.0,6.0,5.0,1.0,7.0,1.0,0.0,0.0,0.0,0.0,0.0,0.0,0.0,ATTACK,1.0,0.19999999999999973,4,me,285
5.0,0.6666666666666666,0.2857142857142857,0.0,0.0,6.0,5.0,1.0,7.0,1.0,0.0,0.0,0.0,0.0,0.0,0.0,0.0,ATTACK,6.0,-2.8,5,me,285
1.0,1.0,1.0,2.0,1.0,6.0,6.0,0.0,5.0,0.0,0.0,0.0,1.0,0.0,0.0,0.0,0.0,PLAY_SUPPORTER,0.4,0.0,1,opponent,286
2.0,0.9166666666666666,1.0,2.0,1.0,6.0,6.0,0.0,4.0,0.0,0.0,0.0,1.0,0.0,0.0,0.0,0.0,PLAY_SUPPORTER,0.4,0.0,2,opponent,286
3.0,0.8333333333333334,1.0,2.0,1.0,6.0,6.0,0.0,3.0,0.0,0.0,0.0,1.0,0.0,0.0,0.0,0.0,PLAY_SUPPORTER,0.4,0.0,3,opponent,286
4.0,0.5833333333333334,1.0,2.0,1.0,6.0,6.0,0.0,2.0,0.0,0.0,0.0,1.0,0.0,0.0,0.0,0.0,PLAY_SUPPORTER,0.4,0.0,4,opponent,286
5.0,0.4166666666666667,1.0,2.0,1.0,6.0,6.0,0.0,1.0,0.0,0.0,0.0,1.0,0.0,0.0,0.0,0.0,PLAY_SUPPORTER,0.4,0.0,5,opponent,286
6.0,0.4166666666666667,1.0,2.0,1.0,6.0,6.0,0.0,0.0,0.0,0.0,0.0,0.0,0.0,0.0,0.0,1.0,PASS_TURN,0.0,0.0,6,opponent,286
7.0,0.3333333333333333,1.0,2.0,1.0,6.0,6.0,0.0,0.0,0.0,0.0,0.0,0.0,0.0,0.0,0.0,1.0,PASS_TURN,0.0,0.0,7,opponent,286
8.0,0.3333333333333333,1.0,2.0,1.0,6.0,6.0,0.0,0.0,0.0,0.0,0.0,0.0,0.0,0.0,0.0,1.0,PASS_TURN,0.0,0.0,8,opponent,286
9.0,0.25,1.0,2.0,1.0,6.0,6.0,0.0,0.0,0.0,1.0,0.0,0.0,0.0,0.0,0.0,0.0,RETREAT,-0.1,0.0,9,opponent,286
10.0,0.7142857142857143,1.0,2.0,1.0,6.0,6.0,0.0,0.0,0.0,0.0,0.0,0.0,0.0,0.0,0.0,1.0,PASS_TURN,0.0,0.0,10,opponent,286
11.0,0.7142857142857143,1.0,2.0,1.0,6.0,6.0,0.0,0.0,0.0,0.0,0.0,0.0,0.0,0.0,0.0,1.0,PASS_TURN,0.0,0.0,11,opponent,286
12.0,0.6428571428571429,1.0,2.0,1.0,6.0,6.0,0.0,0.0,0.0,0.0,0.0,0.0,0.0,0.0,0.0,1.0,PASS_TURN,0.0,0.0,12,opponent,286
13.0,0.5714285714285714,1.0,2.0,1.0,6.0,6.0,0.0,0.0,0.0,0.0,0.0,0.0,0.0,0.0,0.0,1.0,PASS_TURN,0.0,0.0,13,opponent,286
14.0,0.35714285714285715,1.0,2.0,1.0,6.0,6.0,0.0,0.0,0.0,0.0,0.0,0.0,0.0,0.0,0.0,1.0,PASS_TURN,0.0,0.0,14,opponent,286
15.0,0.2857142857142857,1.0,2.0,1.0,6.0,6.0,0.0,0.0,0.0,1.0,0.0,0.0,0.0,0.0,0.0,0.0,RETREAT,-0.1,0.0,15,opponent,286
16.0,0.2857142857142857,1.0,1.0,1.0,6.0,5.0,0.0,0.0,0.0,1.0,0.0,0.0,0.0,0.0,0.0,0.0,RETREAT,-0.1,0.0,16,opponent,286
17.0,0.625,1.0,1.0,1.0,6.0,5.0,0.0,0.0,0.0,0.0,0.0,0.0,0.0,0.0,0.0,1.0,PASS_TURN,0.0,0.0,17,opponent,286
18.0,0.125,1.0,1.0,1.0,6.0,5.0,0.0,0.0,0.0,1.0,0.0,0.0,0.0,0.0,0.0,0.0,RETREAT,-0.1,0.0,18,opponent,286
19.0,0.07142857142857142,1.0,1.0,1.0,6.0,5.0,0.0,0.0,0.0,1.0,0.0,0.0,0.0,0.0,0.0,0.0,RETREAT,-0.1,0.0,19,opponent,286
20.0,0.07142857142857142,1.0,0.0,1.0,6.0,4.0,0.0,0.0,0.0,0.0,0.0,0.0,0.0,0.0,0.0,1.0,PASS_TURN,0.0,0.0,20,opponent,286
1.0,1.0,1.0,0.0,1.0,6.0,6.0,2.0,4.0,0.0,0.0,1.0,0.0,0.0,0.0,0.0,0.0,ATTACH_ENERGY,0.3,0.7000000000000001,1,opponent,287
2.0,0.9,1.0,0.0,1.0,6.0,6.0,1.0,4.0,1.0,0.0,0.0,0.0,0.0,0.0,0.0,0.0,ATTACK,1.0,0.19999999999999996,2,opponent,287
3.0,0.8,0.8571428571428571,0.0,1.0,6.0,6.0,1.0,4.0,1.0,0.0,0.0,0.0,0.0,0.0,0.0,0.0,ATTACK,1.0,0.20000000000000018,3,opponent,287
4.0,0.7,0.7142857142857143,0.0,1.0,6.0,6.0,1.0,4.0,1.0,0.0,0.0,0.0,0.0,0.0,0.0,0.0,ATTACK,1.0,0.19999999999999996,4,opponent,287
5.0,0.6,0.5714285714285714,0.0,1.0,6.0,6.0,1.0,4.0,1.0,0.0,0.0,0.0,0.0,0.0,0.0,0.0,ATTACK,1.0,0.19999999999999996,5,opponent,287
6.0,0.5,0.42857142857142855,0.0,1.0,6.0,6.0,1.0,4.0,1.0,0.0,0.0,0.0,0.0,0.0,0.0,0.0,ATTACK,1.0,0.19999999999999996,6,opponent,287
7.0,0.5,0.2857142857142857,0.0,1.0,6.0,6.0,1.0,4.0,1.0,0.0,0.0,0.0,0.0,0.0,0.0,0.0,ATTACK,1.0,0.19999999999999996,7,opponent,287
8.0,0.3,0.14285714285714285,0.0,1.0,6.0,6.0,1.0,4.0,1.0,0.0,0.0,0.0,0.0,0.0,0.0,0.0,ATTACK,6.0,-2.3,8,opponent,287
1.0,1.0,1.0,0.0,2.0,6.0,6.0,2.0,7.0,0.0,0.0,1.0,0.0,0.0,0.0,0.0,0.0,ATTACH_ENERGY,0.3,0.6999999999999997,1,opponent,288
2.0,0.875,1.0,0.0,2.0,6.0,6.0,1.0,7.0,1.0,0.0,0.0,0.0,0.0,0.0,0.0,0.0,ATTACK,1.5,0.2999999999999998,2,opponent,288
3.0,0.5,0.7857142857142857,0.0,2.0,6.0,6.0,1.0,7.0,1.0,0.0,0.0,0.0,0.0,0.0,0.0,0.0,ATTACK,1.5,0.2999999999999998,3,opponent,288
4.0,0.375,0.5714285714285714,0.0,2.0,6.0,6.0,1.0,7.0,1.0,0.0,0.0,0.0,0.0,0.0,0.0,0.0,ATTACK,1.5,0.2999999999999998,4,opponent,288
5.0,0.375,0.35714285714285715,0.0,2.0,6.0,6.0,1.0,7.0,1.0,0.0,0.0,0.0,0.0,0.0,0.0,0.0,ATTACK,1.5,0.30000000000000027,5,opponent,288
6.0,0.125,0.14285714285714285,0.0,2.0,6.0,6.0,1.0,7.0,1.0,0.0,0.0,0.0,0.0,0.0,0.0,0.0,ATTACK,6.5,-2.3,6,opponent,288
1.0,1.0,1.0,2.0,2.0,6.0,6.0,0.0,3.0,0.0,0.0,0.0,1.0,0.0,0.0,0.0,0.0,PLAY_SUPPORTER,0.4,0.0,1,opponent,289
2.0,0.5,1.0,2.0,2.0,6.0,6.0,0.0,2.0,0.0,0.0,0.0,1.0,0.0,0.0,0.0,0.0,PLAY_SUPPORTER,0.4,0.0,2,opponent,289
3.0,0.5,1.0,2.0,2.0,6.0,6.0,0.0,1.0,0.0,0.0,0.0,1.0,0.0,0.0,0.0,0.0,PLAY_SUPPORTER,0.4,0.0,3,opponent,289
4.0,0.375,1.0,2.0,2.0,6.0,6.0,0.0,0.0,0.0,0.0,0.0,0.0,0.0,0.0,0.0,1.0,PASS_TURN,0.0,0.0,4,opponent,289
5.0,0.125,1.0,2.0,2.0,6.0,6.0,0.0,0.0,0.0,1.0,0.0,0.0,0.0,0.0,0.0,0.0,RETREAT,-0.1,0.0,5,opponent,289
6.0,0.6666666666666666,1.0,2.0,2.0,6.0,6.0,0.0,0.0,0.0,0.0,0.0,0.0,0.0,0.0,0.0,1.0,PASS_TURN,0.0,0.0,6,opponent,289
7.0,0.5555555555555556,1.0,2.0,2.0,6.0,6.0,0.0,0.0,0.0,0.0,0.0,0.0,0.0,0.0,0.0,1.0,PASS_TURN,0.0,0.0,7,opponent,289
8.0,0.4444444444444444,1.0,2.0,2.0,6.0,6.0,0.0,0.0,0.0,0.0,0.0,0.0,0.0,0.0,0.0,1.0,PASS_TURN,0.0,0.0,8,opponent,289
9.0,0.4444444444444444,1.0,2.0,2.0,6.0,6.0,0.0,0.0,0.0,0.0,0.0,0.0,0.0,0.0,0.0,1.0,PASS_TURN,0.0,0.0,9,opponent,289
10.0,0.4444444444444444,1.0,2.0,2.0,6.0,6.0,0.0,0.0,0.0,0.0,0.0,0.0,0.0,0.0,0.0,1.0,PASS_TURN,0.0,0.0,10,opponent,289
11.0,0.3333333333333333,1.0,2.0,2.0,6.0,6.0,0.0,0.0,0.0,0.0,0.0,0.0,0.0,0.0,0.0,1.0,PASS_TURN,0.0,0.0,11,opponent,289
12.0,0.2222222222222222,1.0,2.0,2.0,6.0,6.0,0.0,0.0,0.0,1.0,0.0,0.0,0.0,0.0,0.0,0.0,RETREAT,-0.1,0.0,12,opponent,289
13.0,0.2222222222222222,1.0,1.0,2.0,6.0,5.0,0.0,0.0,0.0,1.0,0.0,0.0,0.0,0.0,0.0,0.0,RETREAT,-0.1,0.0,13,opponent,289
14.0,0.5555555555555556,1.0,1.0,2.0,6.0,5.0,0.0,0.0,0.0,1.0,0.0,0.0,0.0,0.0,0.0,0.0,RETREAT,-0.1,0.0,14,opponent,289
15.0,0.5555555555555556,1.0,0.0,2.0,6.0,4.0,0.0,0.0,0.0,0.0,0.0,0.0,0.0,0.0,0.0,1.0,PASS_TURN,0.0,0.0,15,opponent,289
16.0,0.1111111111111111,1.0,0.0,2.0,6.0,4.0,0.0,0.0,0.0,0.0,0.0,0.0,0.0,0.0,0.0,1.0,PASS_TURN,0.0,0.0,16,opponent,289
17.0,0.1111111111111111,1.0,0.0,2.0,6.0,4.0,0.0,0.0,0.0,0.0,0.0,0.0,0.0,0.0,0.0,1.0,PASS_TURN,0.0,0.0,17,opponent,289
1.0,1.0,1.0,0.0,0.0,6.0,6.0,2.0,5.0,0.0,0.0,1.0,0.0,0.0,0.0,0.0,0.0,ATTACH_ENERGY,0.3,0.7000000000000001,1,opponent,290
2.0,0.875,1.0,0.0,0.0,6.0,6.0,1.0,5.0,0.0,0.0,1.0,0.0,0.0,0.0,0.0,0.0,ATTACH_ENERGY,0.3,0.7,2,opponent,290
3.0,0.625,1.0,0.0,0.0,6.0,6.0,0.0,5.0,1.0,0.0,0.0,0.0,0.0,0.0,0.0,0.0,ATTACK,0.5,0.10000000000000009,3,opponent,290
4.0,0.375,0.8571428571428571,0.0,0.0,6.0,6.0,0.0,5.0,1.0,0.0,0.0,0.0,0.0,0.0,0.0,0.0,ATTACK,0.5,0.09999999999999987,4,opponent,290
1.0,1.0,1.0,3.0,2.0,6.0,6.0,3.0,4.0,0.0,0.0,1.0,0.0,0.0,0.0,0.0,0.0,ATTACH_ENERGY,0.3,0.6999999999999997,1,opponent,291
2.0,0.875,1.0,3.0,2.0,6.0,6.0,2.0,4.0,0.0,0.0,1.0,0.0,0.0,0.0,0.0,0.0,ATTACH_ENERGY,0.3,0.6999999999999997,2,opponent,291
3.0,0.5,1.0,3.0,2.0,6.0,6.0,1.0,4.0,0.0,0.0,1.0,0.0,0.0,0.0,0.0,0.0,ATTACH_ENERGY,0.3,0.7000000000000002,3,opponent,291
4.0,0.5,1.0,3.0,2.0,6.0,6.0,0.0,4.0,1.0,0.0,0.0,0.0,0.0,0.0,0.0,0.0,ATTACK,4.0,0.8000000000000007,4,opponent,291
5.0,0.375,0.42857142857142855,3.0,2.0,6.0,6.0,0.0,4.0,0.0,0.0,0.0,1.0,0.0,0.0,0.0,0.0,PLAY_SUPPORTER,0.4,0.0,5,opponent,291
6.0,0.25,0.42857142857142855,3.0,2.0,6.0,6.0,0.0,3.0,1.0,0.0,0.0,0.0,0.0,0.0,0.0,0.0,ATTACK,9.0,-1.9000000000000004,6,opponent,291
7.0,1.0,1.0,2.0,1.0,5.0,5.0,0.0,3.0,0.0,0.0,0.0,1.0,0.0,0.0,0.0,0.0,PLAY_SUPPORTER,0.4,0.0,7,opponent,291
8.0,0.8333333333333334,1.0,2.0,1.0,5.0,5.0,0.0,2.0,0.0,0.0,0.0,1.0,0.0,0.0,0.0,0.0,PLAY_SUPPORTER,0.4,0.0,8,opponent,291
9.0,0.8333333333333334,1.0,2.0,1.0,5.0,5.0,0.0,1.0,0.0,0.0,0.0,1.0,0.0,0.0,0.0,0.0,PLAY_SUPPORTER,0.4,0.0,9,opponent,291
10.0,0.8333333333333334,1.0,2.0,1.0,5.0,5.0,0.0,0.0,0.0,0.0,0.0,0.0,0.0,0.0,0.0,1.0,PASS_TURN,0.0,0.0,10,opponent,291
11.0,0.3333333333333333,1.0,2.0,1.0,5.0,5.0,0.0,0.0,0.0,0.0,0.0,0.0,0.0,0.0,0.0,1.0,PASS_TURN,0.0,0.0,11,opponent,291
12.0,1.0,1.0,1.0,1.0,5.0,4.0,0.0,0.0,0.0,0.0,0.0,0.0,0.0,0.0,0.0,1.0,PASS_TURN,0.0,0.0,12,opponent,291
13.0,0.7,1.0,1.0,1.0,5.0,4.0,0.0,0.0,0.0,0.0,0.0,0.0,0.0,0.0,0.0,1.0,PASS_TURN,0.0,0.0,13,opponent,291
14.0,0.7,1.0,1.0,1.0,5.0,4.0,0.0,0.0,0.0,0.0,0.0,0.0,0.0,0.0,0.0,1.0,PASS_TURN,0.0,0.0,14,opponent,291
15.0,0.6,1.0,1.0,1.0,5.0,4.0,0.0,0.0,0.0,0.0,0.0,0.0,0.0,0.0,0.0,1.0,PASS_TURN,0.0,0.0,15,opponent,291
16.0,0.4,1.0,1.0,1.0,5.0,4.0,0.0,0.0,0.0,0.0,0.0,0.0,0.0,0.0,0.0,1.0,PASS_TURN,0.0,0.0,16,opponent,291
17.0,0.1,1.0,1.0,1.0,5.0,4.0,0.0,0.0,0.0,1.0,0.0,0.0,0.0,0.0,0.0,0.0,RETREAT,-0.1,0.0,17,opponent,291
18.0,0.7857142857142857,1.0,1.0,1.0,5.0,4.0,0.0,0.0,0.0,1.0,0.0,0.0,0.0,0.0,0.0,0.0,RETREAT,-0.1,0.0,18,opponent,291
19.0,0.7857142857142857,1.0,0.0,1.0,5.0,3.0,0.0,0.0,0.0,0.0,0.0,0.0,0.0,0.0,0.0,1.0,PASS_TURN,0.0,0.0,19,opponent,291
20.0,0.7142857142857143,1.0,0.0,1.0,5.0,3.0,0.0,0.0,0.0,0.0,0.0,0.0,0.0,0.0,0.0,1.0,PASS_TURN,0.0,0.0,20,opponent,291
21.0,0.5714285714285714,1.0,0.0,1.0,5.0,3.0,0.0,0.0,0.0,0.0,0.0,0.0,0.0,0.0,0.0,1.0,PASS_TURN,0.0,0.0,21,opponent,291
22.0,0.5,1.0,0.0,1.0,5.0,3.0,0.0,0.0,0.0,0.0,0.0,0.0,0.0,0.0,0.0,1.0,PASS_TURN,0.0,0.0,22,opponent,291
23.0,0.42857142857142855,1.0,0.0,1.0,5.0,3.0,0.0,0.0,0.0,0.0,0.0,0.0,0.0,0.0,0.0,1.0,PASS_TURN,0.0,0.0,23,opponent,291
24.0,0.42857142857142855,1.0,0.0,1.0,5.0,3.0,0.0,0.0,0.0,0.0,0.0,0.0,0.0,0.0,0.0,1.0,PASS_TURN,0.0,0.0,24,opponent,291
25.0,0.2857142857142857,1.0,0.0,1.0,5.0,3.0,0.0,0.0,0.0,0.0,0.0,0.0,0.0,0.0,0.0,1.0,PASS_TURN,0.0,0.0,25,opponent,291
26.0,0.14285714285714285,1.0,0.0,1.0,5.0,3.0,0.0,0.0,0.0,0.0,0.0,0.0,0.0,0.0,0.0,1.0,PASS_TURN,0.0,0.0,26,opponent,291
1.0,1.0,1.0,2.0,1.0,6.0,6.0,3.0,3.0,0.0,0.0,1.0,0.0,0.0,0.0,0.0,0.0,ATTACH_ENERGY,0.3,0.7000000000000002,1,opponent,292
2.0,1.0,1.0,2.0,1.0,6.0,6.0,2.0,3.0,1.0,0.0,0.0,0.0,0.0,0.0,0.0,0.0,ATTACK,1.0,0.20000000000000018,2,opponent,292
3.0,0.9166666666666666,0.8333333333333334,2.0,1.0,6.0,6.0,2.0,3.0,1.0,0.0,0.0,0.0,0.0,0.0,0.0,0.0,ATTACK,1.0,0.19999999999999973,3,opponent,292
4.0,0.9166666666666666,0.6666666666666666,2.0,1.0,6.0,6.0,2.0,3.0,1.0,0.0,0.0,0.0,0.0,0.0,0.0,0.0,ATTACK,1.0,0.20000000000000018,4,opponent,292
5.0,0.8333333333333334,0.5,2.0,1.0,6.0,6.0,2.0,3.0,1.0,0.0,0.0,0.0,0.0,0.0,0.0,0.0,ATTACK,1.0,0.19999999999999996,5,opponent,292
6.0,0.8333333333333334,0.3333333333333333,2.0,1.0,6.0,6.0,2.0,3.0,1.0,0.0,0.0,0.0,0.0,0.0,0.0,0.0,ATTACK,1.0,0.19999999999999973,6,opponent,292
7.0,0.8333333333333334,0.16666666666666666,2.0,1.0,6.0,6.0,2.0,3.0,0.0,1.0,0.0,0.0,0.0,0.0,0.0,0.0,RETREAT,-0.1,0.0,7,opponent,292
8.0,0.8571428571428571,0.16666666666666666,2.0,1.0,6.0,6.0,2.0,3.0,0.0,0.0,0.0,1.0,0.0,0.0,0.0,0.0,PLAY_SUPPORTER,0.4,0.0,8,opponent,292
9.0,0.42857142857142855,0.16666666666666666,2.0,1.0,6.0,6.0,2.0,2.0,0.0,0.0,0.0,1.0,0.0,0.0,0.0,0.0,PLAY_SUPPORTER,0.4,0.0,9,opponent,292
10.0,0.14285714285714285,0.16666666666666666,2.0,1.0,6.0,6.0,2.0,1.0,0.0,1.0,0.0,0.0,0.0,0.0,0.0,0.0,RETREAT,-0.1,0.0,10,opponent,292
11.0,0.6,0.16666666666666666,2.0,1.0,6.0,6.0,2.0,1.0,0.0,0.0,0.0,1.0,0.0,0.0,0.0,0.0,PLAY_SUPPORTER,0.4,0.0,11,opponent,292
12.0,0.4,0.16666666666666666,2.0,1.0,6.0,6.0,2.0,0.0,0.0,0.0,1.0,0.0,0.0,0.0,0.0,0.0,ATTACH_ENERGY,0.3,0.2999999999999998,12,opponent,292
13.0,0.4,0.16666666666666666,2.0,1.0,6.0,6.0,1.0,0.0,1.0,0.0,0.0,0.0,0.0,0.0,0.0,0.0,ATTACK,6.0,-2.3,13,opponent,292
14.0,0.3,1.0,2.0,0.0,5.0,6.0,1.0,0.0,0.0,0.0,1.0,0.0,0.0,0.0,0.0,0.0,ATTACH_ENERGY,0.3,0.2999999999999998,14,opponent,292
15.0,0.1,1.0,2.0,0.0,5.0,6.0,0.0,0.0,0.0,1.0,0.0,0.0,0.0,0.0,0.0,0.0,RETREAT,-0.1,0.0,15,opponent,292
16.0,0.1,1.0,1.0,0.0,5.0,5.0,0.0,0.0,0.0,1.0,0.0,0.0,0.0,0.0,0.0,0.0,RETREAT,-0.1,0.0,16,opponent,292
17.0,0.6666666666666666,1.0,1.0,0.0,5.0,5.0,0.0,0.0,1.0,0.0,0.0,0.0,0.0,0.0,0.0,0.0,ATTACK,1.0,0.20000000000000018,17,opponent,292
18.0,0.3333333333333333,0.8,1.0,0.0,5.0,5.0,0.0,0.0,1.0,0.0,0.0,0.0,0.0,0.0,0.0,0.0,ATTACK,1.0,0.19999999999999996,18,opponent,292
19.0,0.25,0.6,1.0,0.0,5.0,5.0,0.0,0.0,0.0,1.0,0.0,0.0,0.0,0.0,0.0,0.0,RETREAT,-0.1,0.0,19,opponent,292
20.0,0.25,0.6,0.0,0.0,5.0,4.0,0.0,0.0,1.0,0.0,0.0,0.0,0.0,0.0,0.0,0.0,ATTACK,1.0,0.19999999999999973,20,opponent,292
21.0,0.25,0.4,0.0,0.0,5.0,4.0,0.0,0.0,1.0,0.0,0.0,0.0,0.0,0.0,0.0,0.0,ATTACK,1.0,0.20000000000000018,21,opponent,292
1.0,1.0,1.0,2.0,2.0,6.0,6.0,1.0,6.0,0.0,0.0,1.0,0.0,0.0,0.0,0.0,0.0,ATTACH_ENERGY,0.3,0.7000000000000002,1,opponent,293
2.0,0.75,1.0,2.0,2.0,6.0,6.0,0.0,6.0,1.0,0.0,0.0,0.0,0.0,0.0,0.0,0.0,ATTACK,1.5,0.30000000000000004,2,opponent,293
3.0,0.5833333333333334,0.5714285714285714,2.0,2.0,6.0,6.0,0.0,6.0,1.0,0.0,0.0,0.0,0.0,0.0,0.0,0.0,ATTACK,1.5,0.2999999999999998,3,opponent,293
4.0,0.5833333333333334,0.14285714285714285,2.0,2.0,6.0,6.0,0.0,6.0,1.0,0.0,0.0,0.0,0.0,0.0,0.0,0.0,ATTACK,6.5,-2.3999999999999995,4,opponent,293
5.0,0.3333333333333333,1.0,2.0,1.0,5.0,6.0,0.0,6.0,1.0,0.0,0.0,0.0,0.0,0.0,0.0,0.0,ATTACK,1.5,0.3000000000000005,5,opponent,293
6.0,0.08333333333333333,0.5714285714285714,2.0,1.0,5.0,6.0,0.0,6.0,1.0,0.0,0.0,0.0,0.0,0.0,0.0,0.0,ATTACK,1.5,0.3000000000000005,6,opponent,293
7.0,1.0,0.14285714285714285,1.0,1.0,5.0,5.0,0.0,6.0,0.0,0.0,0.0,1.0,0.0,0.0,0.0,0.0,PLAY_SUPPORTER,0.4,0.0,7,opponent,293
8.0,0.5,0.14285714285714285,1.0,1.0,5.0,5.0,0.0,5.0,0.0,0.0,0.0,1.0,0.0,0.0,0.0,0.0,PLAY_SUPPORTER,0.4,0.0,8,opponent,293
9.0,0.375,0.14285714285714285,1.0,1.0,5.0,5.0,0.0,4.0,0.0,0.0,0.0,1.0,0.0,0.0,0.0,0.0,PLAY_SUPPORTER,0.4,0.0,9,opponent,293
10.0,0.125,0.14285714285714285,1.0,1.0,5.0,5.0,0.0,3.0,0.0,1.0,0.0,0.0,0.0,0.0,0.0,0.0,RETREAT,-0.1,0.0,10,opponent,293
11.0,0.5,0.14285714285714285,1.0,1.0,5.0,5.0,0.0,3.0,0.0,0.0,0.0,1.0,0.0,0.0,0.0,0.0,PLAY_SUPPORTER,0.4,0.0,11,opponent,293
12.0,0.3333333333333333,0.14285714285714285,1.0,1.0,5.0,5.0,0.0,2.0,0.0,0.0,0.0,1.0,0.0,0.0,0.0,0.0,PLAY_SUPPORTER,0.4,0.0,12,opponent,293
13.0,0.3333333333333333,0.14285714285714285,1.0,1.0,5.0,5.0,0.0,1.0,0.0,0.0,0.0,1.0,0.0,0.0,0.0,0.0,PLAY_SUPPORTER,0.4,0.0,13,opponent,293
14.0,0.3333333333333333,0.14285714285714285,1.0,1.0,5.0,5.0,0.0,0.0,0.0,0.0,0.0,0.0,0.0,0.0,0.0,1.0,PASS_TURN,0.0,0.0,14,opponent,293
15.0,0.3333333333333333,0.14285714285714285,1.0,1.0,5.0,5.0,0.0,0.0,0.0,0.0,0.0,0.0,0.0,0.0,0.0,1.0,PASS_TURN,0.0,0.0,15,opponent,293
16.0,0.125,0.14285714285714285,0.0,1.0,5.0,4.0,0.0,0.0,0.0,0.0,0.0,0.0,0.0,0.0,0.0,1.0,PASS_TURN,0.0,0.0,16,opponent,293
1.0,1.0,1.0,0.0,1.0,6.0,6.0,0.0,3.0,0.0,0.0,0.0,0.0,0.0,0.0,0.0,1.0,PASS_TURN,0.0,0.0,1,opponent,294
2.0,0.8888888888888888,1.0,0.0,1.0,6.0,6.0,0.0,3.0,0.0,0.0,0.0,1.0,0.0,0.0,0.0,0.0,PLAY_SUPPORTER,0.4,0.0,2,opponent,294
3.0,0.8888888888888888,1.0,0.0,1.0,6.0,6.0,0.0,2.0,0.0,0.0,0.0,1.0,0.0,0.0,0.0,0.0,PLAY_SUPPORTER,0.4,0.0,3,opponent,294
4.0,0.5555555555555556,1.0,0.0,1.0,6.0,6.0,0.0,1.0,0.0,0.0,0.0,1.0,0.0,0.0,0.0,0.0,PLAY_SUPPORTER,0.4,0.0,4,opponent,294
5.0,0.3333333333333333,1.0,0.0,1.0,6.0,6.0,0.0,0.0,0.0,0.0,0.0,0.0,0.0,0.0,0.0,1.0,PASS_TURN,0.0,0.0,5,opponent,294
1.0,1.0,1.0,3.0,3.0,6.0,6.0,0.0,4.0,0.0,0.0,0.0,1.0,0.0,0.0,0.0,0.0,PLAY_SUPPORTER,0.4,0.0,1,opponent,295
2.0,1.0,1.0,3.0,3.0,6.0,6.0,0.0,3.0,0.0,0.0,0.0,1.0,0.0,0.0,0.0,0.0,PLAY_SUPPORTER,0.4,0.0,2,opponent,295
3.0,0.9285714285714286,1.0,3.0,3.0,6.0,6.0,0.0,2.0,0.0,0.0,0.0,1.0,0.0,0.0,0.0,0.0,PLAY_SUPPORTER,0.4,0.0,3,opponent,295
4.0,0.9285714285714286,1.0,3.0,3.0,6.0,6.0,0.0,1.0,0.0,0.0,0.0,1.0,0.0,0.0,0.0,0.0,PLAY_SUPPORTER,0.4,0.0,4,opponent,295
5.0,0.8571428571428571,1.0,3.0,3.0,6.0,6.0,0.0,0.0,0.0,0.0,0.0,0.0,0.0,0.0,0.0,1.0,PASS_TURN,0.0,0.0,5,opponent,295
6.0,0.5714285714285714,1.0,3.0,3.0,6.0,6.0,0.0,0.0,0.0,0.0,0.0,0.0,0.0,0.0,0.0,1.0,PASS_TURN,0.0,0.0,6,opponent,295
7.0,0.5714285714285714,1.0,3.0,3.0,6.0,6.0,0.0,0.0,0.0,0.0,0.0,0.0,0.0,0.0,0.0,1.0,PASS_TURN,0.0,0.0,7,opponent,295
8.0,0.2857142857142857,1.0,3.0,3.0,6.0,6.0,0.0,0.0,0.0,1.0,0.0,0.0,0.0,0.0,0.0,0.0,RETREAT,-0.1,0.0,8,opponent,295
9.0,0.5,1.0,3.0,3.0,6.0,6.0,0.0,0.0,0.0,1.0,0.0,0.0,0.0,0.0,0.0,0.0,RETREAT,-0.1,0.0,9,opponent,295
10.0,0.6666666666666666,1.0,3.0,3.0,6.0,6.0,0.0,0.0,0.0,0.0,0.0,0.0,0.0,0.0,0.0,1.0,PASS_TURN,0.0,0.0,10,opponent,295
11.0,0.6666666666666666,1.0,3.0,3.0,6.0,6.0,0.0,0.0,0.0,0.0,0.0,0.0,0.0,0.0,0.0,1.0,PASS_TURN,0.0,0.0,11,opponent,295
12.0,0.5,1.0,3.0,3.0,6.0,6.0,0.0,0.0,0.0,0.0,0.0,0.0,0.0,0.0,0.0,1.0,PASS_TURN,0.0,0.0,12,opponent,295
13.0,0.16666666666666666,1.0,3.0,3.0,6.0,6.0,0.0,0.0,0.0,1.0,0.0,0.0,0.0,0.0,0.0,0.0,RETREAT,-0.1,0.0,13,opponent,295
14.0,0.2857142857142857,1.0,3.0,3.0,6.0,6.0,0.0,0.0,0.0,1.0,0.0,0.0,0.0,0.0,0.0,0.0,RETREAT,-0.1,0.0,14,opponent,295
15.0,0.2857142857142857,1.0,2.0,3.0,6.0,5.0,0.0,0.0,0.0,1.0,0.0,0.0,0.0,0.0,0.0,0.0,RETREAT,-0.1,0.0,15,opponent,295
16.0,0.25,1.0,2.0,3.0,6.0,5.0,0.0,0.0,0.0,1.0,0.0,0.0,0.0,0.0,0.0,0.0,RETREAT,-0.1,0.0,16,opponent,295
17.0,0.07142857142857142,1.0,2.0,3.0,6.0,5.0,0.0,0.0,0.0,1.0,0.0,0.0,0.0,0.0,0.0,0.0,RETREAT,-0.1,0.0,17,opponent,295
18.0,0.07142857142857142,1.0,1.0,3.0,6.0,4.0,0.0,0.0,0.0,1.0,0.0,0.0,0.0,0.0,0.0,0.0,RETREAT,-0.1,0.0,18,opponent,295
19.0,0.875,1.0,1.0,3.0,6.0,4.0,0.0,0.0,0.0,1.0,0.0,0.0,0.0,0.0,0.0,0.0,RETREAT,-0.1,0.0,19,opponent,295
20.0,0.875,1.0,0.0,3.0,6.0,3.0,0.0,0.0,0.0,0.0,0.0,0.0,0.0,0.0,0.0,1.0,PASS_TURN,0.0,0.0,20,opponent,295
21.0,0.5,1.0,0.0,3.0,6.0,3.0,0.0,0.0,0.0,0.0,0.0,0.0,0.0,0.0,0.0,1.0,PASS_TURN,0.0,0.0,21,opponent,295
22.0,0.25,1.0,0.0,3.0,6.0,3.0,0.0,0.0,0.0,0.0,0.0,0.0,0.0,0.0,0.0,1.0,PASS_TURN,0.0,0.0,22,opponent,295
1.0,1.0,1.0,2.0,3.0,6.0,6.0,2.0,5.0,0.0,0.0,1.0,0.0,0.0,0.0,0.0,0.0,ATTACH_ENERGY,0.3,0.7000000000000001,1,opponent,296
2.0,0.7142857142857143,1.0,2.0,3.0,6.0,6.0,1.0,5.0,1.0,0.0,0.0,0.0,0.0,0.0,0.0,0.0,ATTACK,1.0,0.19999999999999996,2,opponent,296
3.0,0.5714285714285714,0.8333333333333334,2.0,3.0,6.0,6.0,1.0,5.0,1.0,0.0,0.0,0.0,0.0,0.0,0.0,0.0,ATTACK,1.0,0.19999999999999996,3,opponent,296
4.0,0.35714285714285715,0.6666666666666666,2.0,3.0,6.0,6.0,1.0,5.0,1.0,0.0,0.0,0.0,0.0,0.0,0.0,0.0,ATTACK,1.0,0.19999999999999996,4,opponent,296
5.0,0.21428571428571427,0.5,2.0,3.0,6.0,6.0,1.0,5.0,0.0,1.0,0.0,0.0,0.0,0.0,0.0,0.0,RETREAT,-0.1,0.0,5,opponent,296
6.0,0.7142857142857143,0.5,2.0,3.0,6.0,6.0,1.0,5.0,0.0,0.0,0.0,1.0,0.0,0.0,0.0,0.0,PLAY_SUPPORTER,0.4,0.0,6,opponent,296
7.0,0.7142857142857143,0.5,2.0,3.0,6.0,6.0,1.0,4.0,0.0,0.0,0.0,1.0,0.0,0.0,0.0,0.0,PLAY_SUPPORTER,0.4,0.0,7,opponent,296
8.0,0.5,0.5,2.0,3.0,6.0,6.0,1.0,3.0,0.0,0.0,0.0,1.0,0.0,0.0,0.0,0.0,PLAY_SUPPORTER,0.4,0.0,8,opponent,296
9.0,0.42857142857142855,0.5,2.0,3.0,6.0,6.0,1.0,2.0,0.0,0.0,0.0,1.0,0.0,0.0,0.0,0.0,PLAY_SUPPORTER,0.4,0.0,9,opponent,296
10.0,0.35714285714285715,0.5,2.0,3.0,6.0,6.0,1.0,1.0,0.0,0.0,0.0,1.0,0.0,0.0,0.0,0.0,PLAY_SUPPORTER,0.4,0.0,10,opponent,296
11.0,0.07142857142857142,0.5,2.0,3.0,6.0,6.0,1.0,0.0,0.0,0.0,1.0,0.0,0.0,0.0,0.0,0.0,ATTACH_ENERGY,0.3,0.30000000000000027,11,opponent,296
12.0,0.07142857142857142,0.5,2.0,3.0,6.0,6.0,0.0,0.0,0.0,1.0,0.0,0.0,0.0,0.0,0.0,0.0,RETREAT,-0.1,0.0,12,opponent,296
13.0,0.21428571428571427,0.5,2.0,3.0,6.0,6.0,0.0,0.0,0.0,1.0,0.0,0.0,0.0,0.0,0.0,0.0,RETREAT,-0.1,0.0,13,opponent,296
14.0,0.21428571428571427,0.5,1.0,3.0,6.0,5.0,0.0,0.0,0.0,1.0,0.0,0.0,0.0,0.0,0.0,0.0,RETREAT,-0.1,0.0,14,opponent,296
15.0,0.5,0.5,1.0,3.0,6.0,5.0,0.0,0.0,1.0,0.0,0.0,0.0,0.0,0.0,0.0,0.0,ATTACK,0.5,0.10000000000000009,15,opponent,296
16.0,0.5,0.4166666666666667,1.0,3.0,6.0,5.0,0.0,0.0,1.0,0.0,0.0,0.0,0.0,0.0,0.0,0.0,ATTACK,0.5,0.09999999999999964,16,opponent,296
17.0,0.375,0.3333333333333333,1.0,3.0,6.0,5.0,0.0,0.0,1.0,0.0,0.0,0.0,0.0,0.0,0.0,0.0,ATTACK,0.5,0.09999999999999964,17,opponent,296
18.0,0.21428571428571427,0.25,0.0,3.0,6.0,4.0,0.0,0.0,1.0,0.0,0.0,0.0,0.0,0.0,0.0,0.0,ATTACK,1.0,0.20000000000000018,18,opponent,296
19.0,0.21428571428571427,0.08333333333333333,0.0,3.0,6.0,4.0,0.0,0.0,1.0,0.0,0.0,0.0,0.0,0.0,0.0,0.0,ATTACK,6.0,-2.4000000000000004,19,opponent,296
20.0,0.07142857142857142,1.0,0.0,2.0,5.0,4.0,0.0,0.0,1.0,0.0,0.0,0.0,0.0,0.0,0.0,0.0,ATTACK,1.0,0.19999999999999973,20,opponent,296
1.0,1.0,1.0,1.0,2.0,6.0,6.0,2.0,7.0,0.0,0.0,1.0,0.0,0.0,0.0,0.0,0.0,ATTACH_ENERGY,0.3,0.7,1,opponent,297
2.0,1.0,1.0,1.0,2.0,6.0,6.0,1.0,7.0,0.0,0.0,1.0,0.0,0.0,0.0,0.0,0.0,ATTACH_ENERGY,0.3,0.7000000000000004,2,opponent,297
3.0,0.8333333333333334,1.0,1.0,2.0,6.0,6.0,0.0,7.0,0.0,0.0,0.0,0.0,1.0,0.0,0.0,0.0,PLAY_BASIC_TO_BENCH,0.2,2.0999999999999996,3,opponent,297
4.0,0.5,1.0,2.0,2.0,6.0,6.0,0.0,6.0,1.0,0.0,0.0,0.0,0.0,0.0,0.0,0.0,ATTACK,0.5,0.09999999999999998,4,opponent,297
5.0,0.5,0.9,2.0,2.0,6.0,6.0,0.0,6.0,1.0,0.0,0.0,0.0,0.0,0.0,0.0,0.0,ATTACK,0.5,0.09999999999999987,5,opponent,297
6.0,0.16666666666666666,0.8,2.0,2.0,6.0,6.0,0.0,6.0,0.0,1.0,0.0,0.0,0.0,0.0,0.0,0.0,RETREAT,-0.1,0.0,6,opponent,297
7.0,0.6666666666666666,0.8,2.0,2.0,6.0,6.0,0.0,6.0,0.0,0.0,0.0,1.0,0.0,0.0,0.0,0.0,PLAY_SUPPORTER,0.4,0.0,7,opponent,297
8.0,0.16666666666666666,0.8,2.0,2.0,6.0,6.0,0.0,5.0,0.0,1.0,0.0,0.0,0.0,0.0,0.0,0.0,RETREAT,-0.1,0.0,8,opponent,297
9.0,0.16666666666666666,0.8,1.0,2.0,6.0,5.0,0.0,5.0,0.0,1.0,0.0,0.0,0.0,0.0,0.0,0.0,RETREAT,-0.1,0.0,9,opponent,297
10.0,1.0,0.8,1.0,2.0,6.0,5.0,0.0,5.0,0.0,0.0,0.0,1.0,0.0,0.0,0.0,0.0,PLAY_SUPPORTER,0.4,0.0,10,opponent,297
11.0,0.75,0.8,1.0,2.0,6.0,5.0,0.0,4.0,0.0,1.0,0.0,0.0,0.0,0.0,0.0,0.0,RETREAT,-0.1,0.0,11,opponent,297
12.0,0.75,0.8,0.0,2.0,6.0,4.0,0.0,4.0,0.0,0.0,0.0,0.0,1.0,0.0,0.0,0.0,PLAY_BASIC_TO_BENCH,0.2,1.8999999999999995,12,opponent,297
13.0,0.75,0.8,1.0,2.0,6.0,4.0,0.0,3.0,0.0,0.0,0.0,1.0,0.0,0.0,0.0,0.0,PLAY_SUPPORTER,0.4,0.0,13,opponent,297
14.0,0.75,0.8,1.0,2.0,6.0,4.0,0.0,2.0,0.0,0.0,0.0,1.0,0.0,0.0,0.0,0.0,PLAY_SUPPORTER,0.4,0.0,14,opponent,297
15.0,0.5,0.8,1.0,2.0,6.0,4.0,0.0,1.0,0.0,0.0,0.0,1.0,0.0,0.0,0.0,0.0,PLAY_SUPPORTER,0.4,0.0,15,opponent,297
16.0,0.4166666666666667,0.8,1.0,2.0,6.0,4.0,0.0,0.0,0.0,0.0,0.0,0.0,0.0,0.0,0.0,1.0,PASS_TURN,0.0,0.0,16,opponent,297
17.0,0.3333333333333333,0.8,1.0,2.0,6.0,4.0,0.0,0.0,0.0,0.0,0.0,0.0,0.0,0.0,0.0,1.0,PASS_TURN,0.0,0.0,17,opponent,297
18.0,0.25,0.8,1.0,2.0,6.0,4.0,0.0,0.0,0.0,1.0,0.0,0.0,0.0,0.0,0.0,0.0,RETREAT,-0.1,0.0,18,opponent,297
19.0,0.8571428571428571,0.8,1.0,2.0,6.0,4.0,0.0,0.0,0.0,0.0,0.0,0.0,0.0,0.0,0.0,1.0,PASS_TURN,0.0,0.0,19,opponent,297
20.0,0.7857142857142857,0.8,1.0,2.0,6.0,4.0,0.0,0.0,0.0,0.0,0.0,0.0,0.0,0.0,0.0,1.0,PASS_TURN,0.0,0.0,20,opponent,297
21.0,0.5,0.8,1.0,2.0,6.0,4.0,0.0,0.0,0.0,0.0,0.0,0.0,0.0,0.0,0.0,1.0,PASS_TURN,0.0,0.0,21,opponent,297
22.0,0.35714285714285715,0.8,1.0,2.0,6.0,4.0,0.0,0.0,0.0,0.0,0.0,0.0,0.0,0.0,0.0,1.0,PASS_TURN,0.0,0.0,22,opponent,297
23.0,0.07142857142857142,0.8,1.0,2.0,6.0,4.0,0.0,0.0,0.0,1.0,0.0,0.0,0.0,0.0,0.0,0.0,RETREAT,-0.1,0.0,23,opponent,297
24.0,0.07142857142857142,0.8,0.0,2.0,6.0,3.0,0.0,0.0,0.0,0.0,0.0,0.0,0.0,0.0,0.0,1.0,PASS_TURN,0.0,0.0,24,opponent,297
1.0,1.0,1.0,1.0,3.0,6.0,6.0,1.0,4.0,0.0,0.0,1.0,0.0,0.0,0.0,0.0,0.0,ATTACH_ENERGY,0.3,0.7000000000000002,1,opponent,298
2.0,0.6,1.0,1.0,3.0,6.0,6.0,0.0,4.0,1.0,0.0,0.0,0.0,0.0,0.0,0.0,0.0,ATTACK,1.0,0.2000000000000004,2,opponent,298
3.0,0.4,0.75,1.0,3.0,6.0,6.0,0.0,4.0,1.0,0.0,0.0,0.0,0.0,0.0,0.0,0.0,ATTACK,1.0,0.2000000000000004,3,opponent,298
4.0,0.2,0.5,1.0,3.0,6.0,6.0,0.0,4.0,0.0,1.0,0.0,0.0,0.0,0.0,0.0,0.0,RETREAT,-0.1,0.0,4,opponent,298
5.0,0.9285714285714286,0.5,1.0,3.0,6.0,6.0,0.0,4.0,0.0,0.0,0.0,1.0,0.0,0.0,0.0,0.0,PLAY_SUPPORTER,0.4,0.0,5,opponent,298
6.0,0.9285714285714286,0.5,1.0,3.0,6.0,6.0,0.0,3.0,0.0,0.0,0.0,1.0,0.0,0.0,0.0,0.0,PLAY_SUPPORTER,0.4,0.0,6,opponent,298
7.0,0.9285714285714286,0.5,1.0,3.0,6.0,6.0,0.0,2.0,0.0,0.0,0.0,1.0,0.0,0.0,0.0,0.0,PLAY_SUPPORTER,0.4,0.0,7,opponent,298
8.0,0.8571428571428571,0.5,1.0,3.0,6.0,6.0,0.0,1.0,0.0,0.0,0.0,1.0,0.0,0.0,0.0,0.0,PLAY_SUPPORTER,0.4,0.0,8,opponent,298
9.0,0.8571428571428571,0.5,1.0,3.0,6.0,6.0,0.0,0.0,0.0,0.0,0.0,0.0,0.0,0.0,0.0,1.0,PASS_TURN,0.0,0.0,9,opponent,298
10.0,0.5714285714285714,0.5,1.0,3.0,6.0,6.0,0.0,0.0,0.0,0.0,0.0,0.0,0.0,0.0,0.0,1.0,PASS_TURN,0.0,0.0,10,opponent,298
11.0,0.2857142857142857,0.5,1.0,3.0,6.0,6.0,0.0,0.0,0.0,0.0,0.0,0.0,0.0,0.0,0.0,1.0,PASS_TURN,0.0,0.0,11,opponent,298
12.0,0.14285714285714285,0.5,1.0,3.0,6.0,6.0,0.0,0.0,0.0,1.0,0.0,0.0,0.0,0.0,0.0,0.0,RETREAT,-0.1,0.0,12,opponent,298
13.0,0.14285714285714285,0.5,0.0,3.0,6.0,5.0,0.0,0.0,0.0,0.0,0.0,0.0,0.0,0.0,0.0,1.0,PASS_TURN,0.0,0.0,13,opponent,298
14.0,0.14285714285714285,0.5,0.0,3.0,6.0,5.0,0.0,0.0,0.0,0.0,0.0,0.0,0.0,0.0,0.0,1.0,PASS_TURN,0.0,0.0,14,opponent,298
15.0,0.07142857142857142,0.5,0.0,3.0,6.0,5.0,0.0,0.0,0.0,0.0,0.0,0.0,0.0,0.0,0.0,1.0,PASS_TURN,0.0,0.0,15,opponent,298
1.0,1.0,1.0,1.0,1.0,6.0,6.0,3.0,2.0,0.0,0.0,1.0,0.0,0.0,0.0,0.0,0.0,ATTACH_ENERGY,0.3,0.7,1,opponent,299
2.0,0.8,1.0,1.0,1.0,6.0,6.0,2.0,2.0,0.0,0.0,1.0,0.0,0.0,0.0,0.0,0.0,ATTACH_ENERGY,0.3,0.7,2,opponent,299
3.0,0.4,1.0,1.0,1.0,6.0,6.0,1.0,2.0,1.0,0.0,0.0,0.0,0.0,0.0,0.0,0.0,ATTACK,1.0,0.19999999999999996,3,opponent,299
4.0,1.0,0.7777777777777778,0.0,1.0,6.0,5.0,1.0,2.0,0.0,0.0,0.0,1.0,0.0,0.0,0.0,0.0,PLAY_SUPPORTER,0.4,0.0,4,opponent,299
5.0,0.8,0.7777777777777778,0.0,1.0,6.0,5.0,1.0,1.0,0.0,0.0,0.0,1.0,0.0,0.0,0.0,0.0,PLAY_SUPPORTER,0.4,0.0,5,opponent,299
6.0,0.6,0.7777777777777778,0.0,1.0,6.0,5.0,1.0,0.0,0.0,0.0,1.0,0.0,0.0,0.0,0.0,0.0,ATTACH_ENERGY,0.3,0.30000000000000004,6,opponent,299
7.0,0.6,0.7777777777777778,0.0,1.0,6.0,5.0,0.0,0.0,1.0,0.0,0.0,0.0,0.0,0.0,0.0,0.0,ATTACK,1.0,0.1999999999999995,7,opponent,299
8.0,0.3,0.5555555555555556,0.0,1.0,6.0,5.0,0.0,0.0,1.0,0.0,0.0,0.0,0.0,0.0,0.0,0.0,ATTACK,1.0,0.19999999999999996,8,opponent,299
9.0,0.2,0.3333333333333333,0.0,1.0,6.0,5.0,0.0,0.0,1.0,0.0,0.0,0.0,0.0,0.0,0.0,0.0,ATTACK,1.0,0.1999999999999995,9,opponent,299
10.0,0.2,0.1111111111111111,0.0,1.0,6.0,5.0,0.0,0.0,1.0,0.0,0.0,0.0,0.0,0.0,0.0,0.0,ATTACK,6.0,-2.3999999999999995,10,opponent,299
1.0,1.0,1.0,2.0,1.0,6.0,6.0,2.0,5.0,0.0,0.0,1.0,0.0,0.0,0.0,0.0,0.0,ATTACH_ENERGY,0.3,0.7000000000000002,1,opponent,300
2.0,0.9166666666666666,1.0,2.0,1.0,6.0,6.0,1.0,5.0,1.0,0.0,0.0,0.0,0.0,0.0,0.0,0.0,ATTACK,1.0,0.19999999999999973,2,opponent,300
3.0,0.5833333333333334,0.7142857142857143,2.0,1.0,6.0,6.0,1.0,5.0,1.0,0.0,0.0,0.0,0.0,0.0,0.0,0.0,ATTACK,1.0,0.20000000000000018,3,opponent,300
4.0,0.4166666666666667,0.42857142857142855,2.0,1.0,6.0,6.0,1.0,5.0,1.0,0.0,0.0,0.0,0.0,0.0,0.0,0.0,ATTACK,1.0,0.20000000000000018,4,opponent,300
5.0,0.4166666666666667,0.14285714285714285,2.0,1.0,6.0,6.0,1.0,5.0,0.0,1.0,0.0,0.0,0.0,0.0,0.0,0.0,RETREAT,-0.1,0.0,5,opponent,300
6.0,0.6,0.14285714285714285,2.0,1.0,6.0,6.0,1.0,5.0,0.0,0.0,0.0,1.0,0.0,0.0,0.0,0.0,PLAY_SUPPORTER,0.4,0.0,6,opponent,300
7.0,0.6,0.14285714285714285,2.0,1.0,6.0,6.0,1.0,4.0,0.0,0.0,0.0,1.0,0.0,0.0,0.0,0.0,PLAY_SUPPORTER,0.4,0.0,7,opponent,300
8.0,0.6,0.14285714285714285,2.0,1.0,6.0,6.0,1.0,3.0,0.0,0.0,0.0,1.0,0.0,0.0,0.0,0.0,PLAY_SUPPORTER,0.4,0.0,8,opponent,300
9.0,0.3,0.14285714285714285,2.0,1.0,6.0,6.0,1.0,2.0,0.0,0.0,0.0,1.0,0.0,0.0,0.0,0.0,PLAY_SUPPORTER,0.4,0.0,9,opponent,300
10.0,0.1,0.14285714285714285,2.0,1.0,6.0,6.0,1.0,1.0,0.0,1.0,0.0,0.0,0.0,0.0,0.0,0.0,RETREAT,-0.1,0.0,10,opponent,300
11.0,1.0,0.14285714285714285,2.0,1.0,6.0,6.0,1.0,1.0,0.0,0.0,0.0,1.0,0.0,0.0,0.0,0.0,PLAY_SUPPORTER,0.4,0.0,11,opponent,300
12.0,0.8333333333333334,0.14285714285714285,2.0,1.0,6.0,6.0,1.0,0.0,0.0,0.0,1.0,0.0,0.0,0.0,0.0,0.0,ATTACH_ENERGY,0.3,0.30000000000000004,12,opponent,300
13.0,0.5,0.14285714285714285,2.0,1.0,6.0,6.0,0.0,0.0,1.0,0.0,0.0,0.0,0.0,0.0,0.0,0.0,ATTACK,6.5,-2.4000000000000004,13,opponent,300
14.0,0.16666666666666666,1.0,2.0,0.0,5.0,6.0,0.0,0.0,1.0,0.0,0.0,0.0,0.0,0.0,0.0,0.0,ATTACK,1.5,0.30000000000000027,14,opponent,300
15.0,0.1,0.7857142857142857,1.0,0.0,5.0,5.0,0.0,0.0,0.0,0.0,0.0,0.0,0.0,0.0,0.0,1.0,PASS_TURN,0.0,0.0,15,opponent,300
16.0,0.1,0.7857142857142857,1.0,0.0,5.0,5.0,0.0,0.0,0.0,1.0,0.0,0.0,0.0,0.0,0.0,0.0,RETREAT,-0.1,0.0,16,opponent,300
17.0,0.3333333333333333,0.7857142857142857,1.0,0.0,5.0,5.0,0.0,0.0,1.0,0.0,0.0,0.0,0.0,0.0,0.0,0.0,ATTACK,1.0,0.19999999999999996,17,opponent,300
18.0,0.08333333333333333,0.6428571428571429,1.0,0.0,5.0,5.0,0.0,0.0,0.0,1.0,0.0,0.0,0.0,0.0,0.0,0.0,RETREAT,-0.1,0.0,18,opponent,300
19.0,0.1,0.6428571428571429,1.0,0.0,5.0,5.0,0.0,0.0,0.0,1.0,0.0,0.0,0.0,0.0,0.0,0.0,RETREAT,-0.1,0.0,19,opponent,300
20.0,0.1,0.6428571428571429,0.0,0.0,5.0,4.0,0.0,0.0,0.0,0.0,0.0,0.0,0.0,0.0,0.0,1.0,PASS_TURN,0.0,0.0,20,opponent,300
21.0,0.1,0.6428571428571429,0.0,0.0,5.0,4.0,0.0,0.0,0.0,0.0,0.0,0.0,0.0,0.0,0.0,1.0,PASS_TURN,0.0,0.0,21,opponent,300
1.0,1.0,1.0,2.0,2.0,6.0,6.0,3.0,5.0,0.0,0.0,0.0,0.0,0.0,0.0,0.0,1.0,PASS_TURN,0.0,0.0,1,opponent,301
2.0,0.7777777777777778,1.0,2.0,2.0,6.0,6.0,3.0,5.0,0.0,0.0,1.0,0.0,0.0,0.0,0.0,0.0,ATTACH_ENERGY,0.3,0.7000000000000002,2,opponent,301
3.0,0.3333333333333333,1.0,2.0,2.0,6.0,6.0,2.0,5.0,1.0,0.0,0.0,0.0,0.0,0.0,0.0,0.0,ATTACK,1.0,0.19999999999999996,3,opponent,301
4.0,0.2222222222222222,0.7777777777777778,2.0,2.0,6.0,6.0,2.0,5.0,0.0,1.0,0.0,0.0,0.0,0.0,0.0,0.0,RETREAT,-0.1,0.0,4,opponent,301
5.0,0.5714285714285714,0.7777777777777778,2.0,2.0,6.0,6.0,2.0,5.0,0.0,0.0,0.0,0.0,1.0,0.0,0.0,0.0,PLAY_BASIC_TO_BENCH,0.2,1.7,5,opponent,301
6.0,0.2857142857142857,0.7777777777777778,3.0,2.0,6.0,6.0,2.0,4.0,0.0,1.0,0.0,0.0,0.0,0.0,0.0,0.0,RETREAT,-0.1,0.0,6,opponent,301
7.0,0.2857142857142857,0.7777777777777778,2.0,2.0,6.0,5.0,2.0,4.0,0.0,1.0,0.0,0.0,0.0,0.0,0.0,0.0,RETREAT,-0.1,0.0,7,opponent,301
8.0,0.625,0.7777777777777778,2.0,2.0,6.0,5.0,2.0,4.0,0.0,0.0,0.0,1.0,0.0,0.0,0.0,0.0,PLAY_SUPPORTER,0.4,0.0,8,opponent,301
9.0,0.125,0.7777777777777778,2.0,2.0,6.0,5.0,2.0,3.0,0.0,1.0,0.0,0.0,0.0,0.0,0.0,0.0,RETREAT,-0.1,0.0,9,opponent,301
10.0,0.125,0.7777777777777778,1.0,2.0,6.0,4.0,2.0,3.0,0.0,1.0,0.0,0.0,0.0,0.0,0.0,0.0,RETREAT,-0.1,0.0,10,opponent,301
11.0,0.8333333333333334,0.7777777777777778,1.0,2.0,6.0,4.0,2.0,3.0,0.0,0.0,0.0,1.0,0.0,0.0,0.0,0.0,PLAY_SUPPORTER,0.4,0.0,11,opponent,301
12.0,0.8333333333333334,0.7777777777777778,1.0,2.0,6.0,4.0,2.0,2.0,0.0,0.0,0.0,1.0,0.0,0.0,0.0,0.0,PLAY_SUPPORTER,0.4,0.0,12,opponent,301
13.0,0.6666666666666666,0.7777777777777778,1.0,2.0,6.0,4.0,2.0,1.0,0.0,0.0,0.0,1.0,0.0,0.0,0.0,0.0,PLAY_SUPPORTER,0.4,0.0,13,opponent,301
14.0,0.3333333333333333,0.7777777777777778,1.0,2.0,6.0,4.0,2.0,0.0,0.0,0.0,1.0,0.0,0.0,0.0,0.0,0.0,ATTACH_ENERGY,0.3,0.2999999999999998,14,opponent,301
15.0,0.16666666666666666,0.7777777777777778,1.0,2.0,6.0,4.0,1.0,0.0,0.0,1.0,0.0,0.0,0.0,0.0,0.0,0.0,RETREAT,-0.1,0.0,15,opponent,301
16.0,0.16666666666666666,0.7777777777777778,0.0,2.0,6.0,3.0,1.0,0.0,0.0,0.0,1.0,0.0,0.0,0.0,0.0,0.0,ATTACH_ENERGY,0.3,0.2999999999999998,16,opponent,301
1.0,1.0,1.0,2.0,3.0,6.0,6.0,3.0,2.0,0.0,0.0,1.0,0.0,0.0,0.0,0.0,0.0,ATTACH_ENERGY,0.3,0.7000000000000002,1,opponent,302
2.0,1.0,1.0,2.0,3.0,6.0,6.0,2.0,2.0,0.0,0.0,1.0,0.0,0.0,0.0,0.0,0.0,ATTACH_ENERGY,0.3,0.6999999999999998,2,opponent,302
3.0,0.8571428571428571,1.0,2.0,3.0,6.0,6.0,1.0,2.0,0.0,0.0,1.0,0.0,0.0,0.0,0.0,0.0,ATTACH_ENERGY,0.3,0.6999999999999998,3,opponent,302
4.0,0.8571428571428571,1.0,2.0,3.0,6.0,6.0,0.0,2.0,0.0,1.0,0.0,0.0,0.0,0.0,0.0,0.0,RETREAT,-0.1,0.0,4,opponent,302
5.0,1.0,1.0,2.0,3.0,6.0,6.0,0.0,2.0,1.0,0.0,0.0,0.0,0.0,0.0,0.0,0.0,ATTACK,1.0,0.19999999999999996,5,opponent,302
6.0,0.3333333333333333,0.75,2.0,3.0,6.0,6.0,0.0,2.0,0.0,0.0,0.0,1.0,0.0,0.0,0.0,0.0,PLAY_SUPPORTER,0.4,0.0,6,opponent,302
7.0,1.0,0.75,1.0,3.0,6.0,5.0,0.0,1.0,0.0,0.0,0.0,1.0,0.0,0.0,0.0,0.0,PLAY_SUPPORTER,0.4,0.0,7,opponent,302
8.0,0.7857142857142857,0.75,1.0,3.0,6.0,5.0,0.0,0.0,0.0,0.0,0.0,0.0,0.0,0.0,0.0,1.0,PASS_TURN,0.0,0.0,8,opponent,302
9.0,0.6428571428571429,0.75,1.0,3.0,6.0,5.0,0.0,0.0,0.0,0.0,0.0,0.0,0.0,0.0,0.0,1.0,PASS_TURN,0.0,0.0,9,opponent,302
10.0,0.42857142857142855,0.75,1.0,3.0,6.0,5.0,0.0,0.0,0.0,0.0,0.0,0.0,0.0,0.0,0.0,1.0,PASS_TURN,0.0,0.0,10,opponent,302
11.0,0.35714285714285715,0.75,1.0,3.0,6.0,5.0,0.0,0.0,0.0,0.0,0.0,0.0,0.0,0.0,0.0,1.0,PASS_TURN,0.0,0.0,11,opponent,302
12.0,0.07142857142857142,0.75,1.0,3.0,6.0,5.0,0.0,0.0,0.0,1.0,0.0,0.0,0.0,0.0,0.0,0.0,RETREAT,-0.1,0.0,12,opponent,302
13.0,0.7142857142857143,0.75,1.0,3.0,6.0,5.0,0.0,0.0,1.0,0.0,0.0,0.0,0.0,0.0,0.0,0.0,ATTACK,0.5,0.10000000000000009,13,opponent,302
14.0,0.42857142857142855,0.625,1.0,3.0,6.0,5.0,0.0,0.0,1.0,0.0,0.0,0.0,0.0,0.0,0.0,0.0,ATTACK,0.5,0.10000000000000009,14,opponent,302
15.0,0.2857142857142857,0.5,1.0,3.0,6.0,5.0,0.0,0.0,0.0,1.0,0.0,0.0,0.0,0.0,0.0,0.0,RETREAT,-0.1,0.0,15,opponent,302
16.0,0.2857142857142857,0.5,0.0,3.0,6.0,4.0,0.0,0.0,0.0,0.0,0.0,0.0,0.0,0.0,0.0,1.0,PASS_TURN,0.0,0.0,16,opponent,302
17.0,0.21428571428571427,0.5,0.0,3.0,6.0,4.0,0.0,0.0,0.0,0.0,0.0,0.0,0.0,0.0,0.0,1.0,PASS_TURN,0.0,0.0,17,opponent,302
18.0,0.07142857142857142,0.5,0.0,3.0,6.0,4.0,0.0,0.0,0.0,0.0,0.0,0.0,0.0,0.0,0.0,1.0,PASS_TURN,0.0,0.0,18,opponent,302
1.0,1.0,1.0,2.0,2.0,6.0,6.0,0.0,5.0,0.0,0.0,0.0,1.0,0.0,0.0,0.0,0.0,PLAY_SUPPORTER,0.4,0.0,1,opponent,303
2.0,0.7857142857142857,1.0,2.0,2.0,6.0,6.0,0.0,4.0,0.0,0.0,0.0,1.0,0.0,0.0,0.0,0.0,PLAY_SUPPORTER,0.4,0.0,2,opponent,303
3.0,0.5,1.0,2.0,2.0,6.0,6.0,0.0,3.0,0.0,0.0,0.0,1.0,0.0,0.0,0.0,0.0,PLAY_SUPPORTER,0.4,0.0,3,opponent,303
4.0,0.5,1.0,2.0,2.0,6.0,6.0,0.0,2.0,0.0,0.0,0.0,0.0,1.0,0.0,0.0,0.0,PLAY_BASIC_TO_BENCH,0.2,1.7,4,opponent,303
5.0,0.35714285714285715,1.0,3.0,2.0,6.0,6.0,0.0,1.0,0.0,0.0,0.0,1.0,0.0,0.0,0.0,0.0,PLAY_SUPPORTER,0.4,0.0,5,opponent,303
6.0,0.14285714285714285,1.0,3.0,2.0,6.0,6.0,0.0,0.0,0.0,1.0,0.0,0.0,0.0,0.0,0.0,0.0,RETREAT,-0.1,0.0,6,opponent,303
7.0,0.9,1.0,3.0,2.0,6.0,6.0,0.0,0.0,0.0,0.0,0.0,0.0,0.0,0.0,0.0,1.0,PASS_TURN,0.0,0.0,7,opponent,303
8.0,0.9,1.0,3.0,2.0,6.0,6.0,0.0,0.0,0.0,0.0,0.0,0.0,0.0,0.0,0.0,1.0,PASS_TURN,0.0,0.0,8,opponent,303
9.0,0.7,1.0,3.0,2.0,6.0,6.0,0.0,0.0,0.0,0.0,0.0,0.0,0.0,0.0,0.0,1.0,PASS_TURN,0.0,0.0,9,opponent,303
10.0,0.5,1.0,3.0,2.0,6.0,6.0,0.0,0.0,0.0,0.0,0.0,0.0,0.0,0.0,0.0,1.0,PASS_TURN,0.0,0.0,10,opponent,303
11.0,0.5,1.0,3.0,2.0,6.0,6.0,0.0,0.0,0.0,0.0,0.0,0.0,0.0,0.0,0.0,1.0,PASS_TURN,0.0,0.0,11,opponent,303
12.0,0.3,1.0,3.0,2.0,6.0,6.0,0.0,0.0,0.0,1.0,0.0,0.0,0.0,0.0,0.0,0.0,RETREAT,-0.1,0.0,12,opponent,303
13.0,0.625,1.0,3.0,2.0,6.0,6.0,0.0,0.0,0.0,0.0,0.0,0.0,0.0,0.0,0.0,1.0,PASS_TURN,0.0,0.0,13,opponent,303
14.0,0.625,1.0,3.0,2.0,6.0,6.0,0.0,0.0,0.0,0.0,0.0,0.0,0.0,0.0,0.0,1.0,PASS_TURN,0.0,0.0,14,opponent,303
15.0,0.375,1.0,3.0,2.0,6.0,6.0,0.0,0.0,0.0,0.0,0.0,0.0,0.0,0.0,0.0,1.0,PASS_TURN,0.0,0.0,15,opponent,303
16.0,0.125,1.0,3.0,2.0,6.0,6.0,0.0,0.0,0.0,1.0,0.0,0.0,0.0,0.0,0.0,0.0,RETREAT,-0.1,0.0,16,opponent,303
17.0,0.07142857142857142,1.0,3.0,2.0,6.0,6.0,0.0,0.0,0.0,0.0,0.0,0.0,0.0,0.0,0.0,1.0,PASS_TURN,0.0,0.0,17,opponent,303
18.0,0.125,1.0,2.0,2.0,6.0,5.0,0.0,0.0,0.0,1.0,0.0,0.0,0.0,0.0,0.0,0.0,RETREAT,-0.1,0.0,18,opponent,303
19.0,0.8,1.0,2.0,2.0,6.0,5.0,0.0,0.0,0.0,0.0,0.0,0.0,0.0,0.0,0.0,1.0,PASS_TURN,0.0,0.0,19,opponent,303
20.0,0.6,1.0,2.0,2.0,6.0,5.0,0.0,0.0,0.0,0.0,0.0,0.0,0.0,0.0,0.0,1.0,PASS_TURN,0.0,0.0,20,opponent,303
21.0,0.3,1.0,2.0,2.0,6.0,5.0,0.0,0.0,0.0,0.0,0.0,0.0,0.0,0.0,0.0,1.0,PASS_TURN,0.0,0.0,21,opponent,303
22.0,0.2,1.0,2.0,2.0,6.0,5.0,0.0,0.0,0.0,1.0,0.0,0.0,0.0,0.0,0.0,0.0,RETREAT,-0.1,0.0,22,opponent,303
23.0,0.2,1.0,1.0,2.0,6.0,4.0,0.0,0.0,0.0,1.0,0.0,0.0,0.0,0.0,0.0,0.0,RETREAT,-0.1,0.0,23,opponent,303
24.0,0.2,1.0,0.0,2.0,6.0,3.0,0.0,0.0,0.0,0.0,0.0,0.0,0.0,0.0,0.0,1.0,PASS_TURN,0.0,0.0,24,opponent,303
25.0,0.1,1.0,0.0,2.0,6.0,3.0,0.0,0.0,0.0,0.0,0.0,0.0,0.0,0.0,0.0,1.0,PASS_TURN,0.0,0.0,25,opponent,303
1.0,1.0,1.0,0.0,0.0,6.0,6.0,1.0,7.0,0.0,0.0,1.0,0.0,0.0,0.0,0.0,0.0,ATTACH_ENERGY,0.3,0.7000000000000002,1,opponent,304
2.0,0.9285714285714286,1.0,0.0,0.0,6.0,6.0,0.0,7.0,1.0,0.0,0.0,0.0,0.0,0.0,0.0,0.0,ATTACK,0.5,0.10000000000000009,2,opponent,304
3.0,0.7142857142857143,0.8888888888888888,0.0,0.0,6.0,6.0,0.0,7.0,1.0,0.0,0.0,0.0,0.0,0.0,0.0,0.0,ATTACK,0.5,0.09999999999999998,3,opponent,304
4.0,0.42857142857142855,0.7777777777777778,0.0,0.0,6.0,6.0,0.0,7.0,0.0,0.0,0.0,1.0,0.0,0.0,0.0,0.0,PLAY_SUPPORTER,0.4,0.0,4,opponent,304
5.0,0.14285714285714285,0.7777777777777778,0.0,0.0,6.0,6.0,0.0,6.0,0.0,0.0,0.0,1.0,0.0,0.0,0.0,0.0,PLAY_SUPPORTER,0.4,0.0,5,opponent,304
1.0,1.0,1.0,3.0,1.0,6.0,6.0,2.0,6.0,0.0,0.0,1.0,0.0,0.0,0.0,0.0,0.0,ATTACH_ENERGY,0.3,0.7000000000000002,1,opponent,305
2.0,0.5714285714285714,1.0,3.0,1.0,6.0,6.0,1.0,6.0,0.0,0.0,1.0,0.0,0.0,0.0,0.0,0.0,ATTACH_ENERGY,0.3,0.7000000000000011,2,opponent,305
3.0,1.0,1.0,2.0,1.0,6.0,5.0,0.0,6.0,0.0,1.0,0.0,0.0,0.0,0.0,0.0,0.0,RETREAT,-0.1,0.0,3,opponent,305
4.0,0.8,1.0,2.0,1.0,6.0,5.0,0.0,6.0,0.0,0.0,0.0,1.0,0.0,0.0,0.0,0.0,PLAY_SUPPORTER,0.4,0.0,4,opponent,305
5.0,0.8,1.0,2.0,1.0,6.0,5.0,0.0,5.0,0.0,0.0,0.0,1.0,0.0,0.0,0.0,0.0,PLAY_SUPPORTER,0.4,0.0,5,opponent,305
6.0,0.7,1.0,2.0,1.0,6.0,5.0,0.0,4.0,0.0,0.0,0.0,1.0,0.0,0.0,0.0,0.0,PLAY_SUPPORTER,0.4,0.0,6,opponent,305
7.0,0.7,1.0,2.0,1.0,6.0,5.0,0.0,3.0,0.0,0.0,0.0,1.0,0.0,0.0,0.0,0.0,PLAY_SUPPORTER,0.4,0.0,7,opponent,305
8.0,0.6,1.0,2.0,1.0,6.0,5.0,0.0,2.0,0.0,0.0,0.0,1.0,0.0,0.0,0.0,0.0,PLAY_SUPPORTER,0.4,0.0,8,opponent,305
9.0,0.6,1.0,2.0,1.0,6.0,5.0,0.0,1.0,0.0,0.0,0.0,1.0,0.0,0.0,0.0,0.0,PLAY_SUPPORTER,0.4,0.0,9,opponent,305
10.0,0.6,1.0,2.0,1.0,6.0,5.0,0.0,0.0,0.0,1.0,0.0,0.0,0.0,0.0,0.0,0.0,RETREAT,-0.1,0.0,10,opponent,305
11.0,0.7142857142857143,1.0,2.0,1.0,6.0,5.0,0.0,0.0,0.0,0.0,0.0,0.0,0.0,0.0,0.0,1.0,PASS_TURN,0.0,0.0,11,opponent,305
12.0,0.7142857142857143,1.0,2.0,1.0,6.0,5.0,0.0,0.0,0.0,0.0,0.0,0.0,0.0,0.0,0.0,1.0,PASS_TURN,0.0,0.0,12,opponent,305
13.0,0.42857142857142855,1.0,2.0,1.0,6.0,5.0,0.0,0.0,0.0,0.0,0.0,0.0,0.0,0.0,0.0,1.0,PASS_TURN,0.0,0.0,13,opponent,305
14.0,0.42857142857142855,1.0,2.0,1.0,6.0,5.0,0.0,0.0,0.0,0.0,0.0,0.0,0.0,0.0,0.0,1.0,PASS_TURN,0.0,0.0,14,opponent,305
15.0,0.21428571428571427,1.0,2.0,1.0,6.0,5.0,0.0,0.0,0.0,1.0,0.0,0.0,0.0,0.0,0.0,0.0,RETREAT,-0.1,0.0,15,opponent,305
16.0,0.4,1.0,2.0,1.0,6.0,5.0,0.0,0.0,0.0,0.0,0.0,0.0,0.0,0.0,0.0,1.0,PASS_TURN,0.0,0.0,16,opponent,305
17.0,0.1,1.0,2.0,1.0,6.0,5.0,0.0,0.0,0.0,1.0,0.0,0.0,0.0,0.0,0.0,0.0,RETREAT,-0.1,0.0,17,opponent,305
18.0,0.14285714285714285,1.0,2.0,1.0,6.0,5.0,0.0,0.0,0.0,1.0,0.0,0.0,0.0,0.0,0.0,0.0,RETREAT,-0.1,0.0,18,opponent,305
19.0,0.1,1.0,2.0,1.0,6.0,5.0,0.0,0.0,0.0,1.0,0.0,0.0,0.0,0.0,0.0,0.0,RETREAT,-0.1,0.0,19,opponent,305
20.0,0.1,1.0,1.0,1.0,6.0,4.0,0.0,0.0,0.0,1.0,0.0,0.0,0.0,0.0,0.0,0.0,RETREAT,-0.1,0.0,20,opponent,305
21.0,0.5,1.0,1.0,1.0,6.0,4.0,0.0,0.0,0.0,0.0,0.0,0.0,0.0,0.0,0.0,1.0,PASS_TURN,0.0,0.0,21,opponent,305
22.0,0.5,1.0,1.0,1.0,6.0,4.0,0.0,0.0,0.0,0.0,0.0,0.0,0.0,0.0,0.0,1.0,PASS_TURN,0.0,0.0,22,opponent,305
23.0,0.5,1.0,1.0,1.0,6.0,4.0,0.0,0.0,0.0,0.0,0.0,0.0,0.0,0.0,0.0,1.0,PASS_TURN,0.0,0.0,23,opponent,305
24.0,0.5,1.0,1.0,1.0,6.0,4.0,0.0,0.0,0.0,0.0,0.0,0.0,0.0,0.0,0.0,1.0,PASS_TURN,0.0,0.0,24,opponent,305
25.0,0.3333333333333333,1.0,1.0,1.0,6.0,4.0,0.0,0.0,0.0,0.0,0.0,0.0,0.0,0.0,0.0,1.0,PASS_TURN,0.0,0.0,25,opponent,305
26.0,0.1,1.0,0.0,1.0,6.0,3.0,0.0,0.0,0.0,0.0,0.0,0.0,0.0,0.0,0.0,1.0,PASS_TURN,0.0,0.0,26,opponent,305
27.0,0.1,1.0,0.0,1.0,6.0,3.0,0.0,0.0,0.0,0.0,0.0,0.0,0.0,0.0,0.0,1.0,PASS_TURN,0.0,0.0,27,opponent,305
28.0,0.1,1.0,0.0,1.0,6.0,3.0,0.0,0.0,0.0,0.0,0.0,0.0,0.0,0.0,0.0,1.0,PASS_TURN,0.0,0.0,28,opponent,305
1.0,1.0,1.0,3.0,3.0,6.0,6.0,2.0,6.0,0.0,0.0,1.0,0.0,0.0,0.0,0.0,0.0,ATTACH_ENERGY,0.3,0.6999999999999997,1,opponent,306
2.0,1.0,1.0,3.0,3.0,6.0,6.0,1.0,6.0,0.0,0.0,1.0,0.0,0.0,0.0,0.0,0.0,ATTACH_ENERGY,0.3,0.6999999999999997,2,opponent,306
3.0,0.8571428571428571,1.0,3.0,3.0,6.0,6.0,0.0,6.0,1.0,0.0,0.0,0.0,0.0,0.0,0.0,0.0,ATTACK,0.5,0.10000000000000009,3,opponent,306
4.0,0.7142857142857143,0.9,3.0,3.0,6.0,6.0,0.0,6.0,1.0,0.0,0.0,0.0,0.0,0.0,0.0,0.0,ATTACK,0.5,0.10000000000000009,4,opponent,306
5.0,0.5,0.8,3.0,3.0,6.0,6.0,0.0,6.0,1.0,0.0,0.0,0.0,0.0,0.0,0.0,0.0,ATTACK,0.5,0.10000000000000009,5,opponent,306
6.0,0.35714285714285715,0.7,3.0,3.0,6.0,6.0,0.0,6.0,1.0,0.0,0.0,0.0,0.0,0.0,0.0,0.0,ATTACK,0.5,0.09999999999999987,6,opponent,306
7.0,0.35714285714285715,0.6,3.0,3.0,6.0,6.0,0.0,6.0,1.0,0.0,0.0,0.0,0.0,0.0,0.0,0.0,ATTACK,0.5,0.10000000000000009,7,opponent,306
8.0,0.35714285714285715,0.5,3.0,3.0,6.0,6.0,0.0,6.0,1.0,0.0,0.0,0.0,0.0,0.0,0.0,0.0,ATTACK,0.5,0.10000000000000009,8,opponent,306
9.0,0.35714285714285715,0.4,3.0,3.0,6.0,6.0,0.0,6.0,1.0,0.0,0.0,0.0,0.0,0.0,0.0,0.0,ATTACK,0.5,0.10000000000000009,9,opponent,306
10.0,0.35714285714285715,0.3,3.0,3.0,6.0,6.0,0.0,6.0,0.0,1.0,0.0,0.0,0.0,0.0,0.0,0.0,RETREAT,-0.1,0.0,10,opponent,306
11.0,0.5555555555555556,0.3,3.0,3.0,6.0,6.0,0.0,6.0,0.0,0.0,0.0,1.0,0.0,0.0,0.0,0.0,PLAY_SUPPORTER,0.4,0.0,11,opponent,306
12.0,0.1111111111111111,0.3,3.0,3.0,6.0,6.0,0.0,5.0,0.0,1.0,0.0,0.0,0.0,0.0,0.0,0.0,RETREAT,-0.1,0.0,12,opponent,306
13.0,0.8333333333333334,0.3,3.0,3.0,6.0,6.0,0.0,5.0,0.0,0.0,0.0,1.0,0.0,0.0,0.0,0.0,PLAY_SUPPORTER,0.4,0.0,13,opponent,306
14.0,0.5,0.3,3.0,3.0,6.0,6.0,0.0,4.0,0.0,0.0,0.0,1.0,0.0,0.0,0.0,0.0,PLAY_SUPPORTER,0.4,0.0,14,opponent,306
15.0,0.16666666666666666,0.3,3.0,3.0,6.0,6.0,0.0,3.0,0.0,1.0,0.0,0.0,0.0,0.0,0.0,0.0,RETREAT,-0.1,0.0,15,opponent,306
16.0,0.16666666666666666,0.3,2.0,3.0,6.0,5.0,0.0,3.0,0.0,1.0,0.0,0.0,0.0,0.0,0.0,0.0,RETREAT,-0.1,0.0,16,opponent,306
17.0,0.6666666666666666,0.3,2.0,3.0,6.0,5.0,0.0,3.0,0.0,0.0,0.0,1.0,0.0,0.0,0.0,0.0,PLAY_SUPPORTER,0.4,0.0,17,opponent,306
18.0,0.4166666666666667,0.3,2.0,3.0,6.0,5.0,0.0,2.0,0.0,0.0,0.0,1.0,0.0,0.0,0.0,0.0,PLAY_SUPPORTER,0.4,0.0,18,opponent,306
19.0,0.25,0.3,2.0,3.0,6.0,5.0,0.0,1.0,0.0,0.0,0.0,0.0,0.0,0.0,0.0,1.0,PASS_TURN,0.0,0.0,19,opponent,306
20.0,0.16666666666666666,0.3,1.0,3.0,6.0,4.0,0.0,1.0,0.0,1.0,0.0,0.0,0.0,0.0,0.0,0.0,RETREAT,-0.1,0.0,20,opponent,306
21.0,0.35714285714285715,0.3,1.0,3.0,6.0,4.0,0.0,1.0,1.0,0.0,0.0,0.0,0.0,0.0,0.0,0.0,ATTACK,0.5,0.10000000000000009,21,opponent,306
22.0,0.21428571428571427,0.2,1.0,3.0,6.0,4.0,0.0,1.0,0.0,0.0,0.0,0.0,0.0,0.0,0.0,1.0,PASS_TURN,0.0,0.0,22,opponent,306
23.0,0.16666666666666666,0.2,0.0,3.0,6.0,3.0,0.0,1.0,0.0,0.0,0.0,1.0,0.0,0.0,0.0,0.0,PLAY_SUPPORTER,0.4,0.0,23,opponent,306
24.0,0.08333333333333333,0.2,0.0,3.0,6.0,3.0,0.0,0.0,0.0,0.0,0.0,0.0,0.0,0.0,0.0,1.0,PASS_TURN,0.0,0.0,24,opponent,306
1.0,1.0,1.0,1.0,1.0,6.0,6.0,3.0,3.0,0.0,0.0,1.0,0.0,0.0,0.0,0.0,0.0,ATTACH_ENERGY,0.3,0.7,1,opponent,307
2.0,0.5,1.0,1.0,1.0,6.0,6.0,2.0,3.0,1.0,0.0,0.0,0.0,0.0,0.0,0.0,0.0,ATTACK,1.0,0.19999999999999996,2,opponent,307
3.0,0.25,0.8333333333333334,1.0,1.0,6.0,6.0,2.0,3.0,0.0,1.0,0.0,0.0,0.0,0.0,0.0,0.0,RETREAT,-0.1,0.0,3,opponent,307
4.0,0.9166666666666666,0.8333333333333334,1.0,1.0,6.0,6.0,2.0,3.0,0.0,0.0,0.0,1.0,0.0,0.0,0.0,0.0,PLAY_SUPPORTER,0.4,0.0,4,opponent,307
5.0,0.9166666666666666,0.8333333333333334,1.0,1.0,6.0,6.0,2.0,2.0,0.0,0.0,0.0,1.0,0.0,0.0,0.0,0.0,PLAY_SUPPORTER,0.4,0.0,5,opponent,307
6.0,0.8333333333333334,0.8333333333333334,1.0,1.0,6.0,6.0,2.0,1.0,0.0,0.0,0.0,1.0,0.0,0.0,0.0,0.0,PLAY_SUPPORTER,0.4,0.0,6,opponent,307
7.0,0.6666666666666666,0.8333333333333334,1.0,1.0,6.0,6.0,2.0,0.0,0.0,1.0,0.0,0.0,0.0,0.0,0.0,0.0,RETREAT,-0.1,0.0,7,opponent,307
8.0,0.125,0.8333333333333334,1.0,1.0,6.0,6.0,2.0,0.0,0.0,1.0,0.0,0.0,0.0,0.0,0.0,0.0,RETREAT,-0.1,0.0,8,opponent,307
9.0,0.5,0.8333333333333334,1.0,1.0,6.0,6.0,2.0,0.0,0.0,0.0,1.0,0.0,0.0,0.0,0.0,0.0,ATTACH_ENERGY,0.3,0.29999999999999993,9,opponent,307
10.0,0.25,0.8333333333333334,1.0,1.0,6.0,6.0,1.0,0.0,1.0,0.0,0.0,0.0,0.0,0.0,0.0,0.0,ATTACK,1.5,0.30000000000000004,10,opponent,307
11.0,0.125,0.5833333333333334,0.0,1.0,6.0,5.0,1.0,0.0,0.0,0.0,1.0,0.0,0.0,0.0,0.0,0.0,ATTACH_ENERGY,0.3,0.30000000000000004,11,opponent,307
1.0,1.0,1.0,2.0,0.0,6.0,6.0,3.0,6.0,0.0,0.0,1.0,0.0,0.0,0.0,0.0,0.0,ATTACH_ENERGY,0.3,0.7000000000000002,1,me,308
2.0,1.0,1.0,2.0,0.0,6.0,6.0,2.0,6.0,1.0,0.0,0.0,0.0,0.0,0.0,0.0,0.0,ATTACK,1.5,0.2999999999999998,2,me,308
3.0,1.0,0.5,2.0,0.0,6.0,6.0,2.0,6.0,1.0,0.0,0.0,0.0,0.0,0.0,0.0,0.0,ATTACK,6.5,-2.6999999999999993,3,me,308
1.0,1.0,1.0,2.0,1.0,6.0,6.0,2.0,2.0,0.0,0.0,1.0,0.0,0.0,0.0,0.0,0.0,ATTACH_ENERGY,0.3,0.6999999999999997,1,opponent,309
2.0,0.6666666666666666,1.0,2.0,1.0,6.0,6.0,1.0,2.0,1.0,0.0,0.0,0.0,0.0,0.0,0.0,0.0,ATTACK,1.0,0.20000000000000018,2,opponent,309
3.0,0.3333333333333333,0.75,2.0,1.0,6.0,6.0,1.0,2.0,0.0,0.0,1.0,0.0,0.0,0.0,0.0,0.0,ATTACH_ENERGY,0.3,0.6999999999999997,3,opponent,309
4.0,0.25,0.75,2.0,1.0,6.0,6.0,0.0,2.0,0.0,0.0,0.0,1.0,0.0,0.0,0.0,0.0,PLAY_SUPPORTER,0.4,0.0,4,opponent,309
5.0,0.25,0.75,2.0,1.0,6.0,6.0,0.0,1.0,0.0,1.0,0.0,0.0,0.0,0.0,0.0,0.0,RETREAT,-0.1,0.0,5,opponent,309
6.0,0.5714285714285714,0.75,2.0,1.0,6.0,6.0,0.0,1.0,0.0,0.0,0.0,0.0,0.0,0.0,0.0,1.0,PASS_TURN,0.0,0.0,6,opponent,309
7.0,0.25,0.75,1.0,1.0,6.0,5.0,0.0,1.0,0.0,1.0,0.0,0.0,0.0,0.0,0.0,0.0,RETREAT,-0.1,0.0,7,opponent,309
8.0,0.7777777777777778,0.75,1.0,1.0,6.0,5.0,0.0,1.0,0.0,1.0,0.0,0.0,0.0,0.0,0.0,0.0,RETREAT,-0.1,0.0,8,opponent,309
9.0,0.25,0.75,1.0,1.0,6.0,5.0,0.0,1.0,0.0,1.0,0.0,0.0,0.0,0.0,0.0,0.0,RETREAT,-0.1,0.0,9,opponent,309
10.0,0.3333333333333333,0.75,1.0,1.0,6.0,5.0,0.0,1.0,0.0,1.0,0.0,0.0,0.0,0.0,0.0,0.0,RETREAT,-0.1,0.0,10,opponent,309
11.0,0.3333333333333333,0.75,0.0,1.0,6.0,4.0,0.0,1.0,0.0,0.0,0.0,1.0,0.0,0.0,0.0,0.0,PLAY_SUPPORTER,0.4,0.0,11,opponent,309
1.0,1.0,1.0,3.0,1.0,6.0,6.0,0.0,5.0,0.0,0.0,0.0,1.0,0.0,0.0,0.0,0.0,PLAY_SUPPORTER,0.4,0.0,1,opponent,310
2.0,0.6,1.0,3.0,1.0,6.0,6.0,0.0,4.0,0.0,0.0,0.0,1.0,0.0,0.0,0.0,0.0,PLAY_SUPPORTER,0.4,0.0,2,opponent,310
3.0,0.2,1.0,3.0,1.0,6.0,6.0,0.0,3.0,0.0,1.0,0.0,0.0,0.0,0.0,0.0,0.0,RETREAT,-0.1,0.0,3,opponent,310
4.0,0.75,1.0,3.0,1.0,6.0,6.0,0.0,3.0,0.0,0.0,0.0,1.0,0.0,0.0,0.0,0.0,PLAY_SUPPORTER,0.4,0.0,4,opponent,310
5.0,0.5833333333333334,1.0,3.0,1.0,6.0,6.0,0.0,2.0,0.0,0.0,0.0,1.0,0.0,0.0,0.0,0.0,PLAY_SUPPORTER,0.4,0.0,5,opponent,310
6.0,0.25,1.0,3.0,1.0,6.0,6.0,0.0,1.0,0.0,1.0,0.0,0.0,0.0,0.0,0.0,0.0,RETREAT,-0.1,0.0,6,opponent,310
7.0,0.25,1.0,2.0,1.0,6.0,5.0,0.0,1.0,0.0,1.0,0.0,0.0,0.0,0.0,0.0,0.0,RETREAT,-0.1,0.0,7,opponent,310
8.0,0.7,1.0,2.0,1.0,6.0,5.0,0.0,1.0,0.0,0.0,0.0,0.0,1.0,0.0,0.0,0.0,PLAY_BASIC_TO_BENCH,0.2,1.7000000000000002,8,opponent,310
9.0,0.5,1.0,3.0,1.0,6.0,5.0,0.0,0.0,0.0,0.0,0.0,0.0,0.0,0.0,0.0,1.0,PASS_TURN,0.0,0.0,9,opponent,310
10.0,0.3,1.0,3.0,1.0,6.0,5.0,0.0,0.0,0.0,0.0,0.0,0.0,0.0,0.0,0.0,1.0,PASS_TURN,0.0,0.0,10,opponent,310
11.0,0.2,1.0,3.0,1.0,6.0,5.0,0.0,0.0,0.0,1.0,0.0,0.0,0.0,0.0,0.0,0.0,RETREAT,-0.1,0.0,11,opponent,310
12.0,0.25,1.0,3.0,1.0,6.0,5.0,0.0,0.0,0.0,1.0,0.0,0.0,0.0,0.0,0.0,0.0,RETREAT,-0.1,0.0,12,opponent,310
13.0,0.1,1.0,3.0,1.0,6.0,5.0,0.0,0.0,0.0,1.0,0.0,0.0,0.0,0.0,0.0,0.0,RETREAT,-0.1,0.0,13,opponent,310
14.0,0.08333333333333333,1.0,3.0,1.0,6.0,5.0,0.0,0.0,0.0,1.0,0.0,0.0,0.0,0.0,0.0,0.0,RETREAT,-0.1,0.0,14,opponent,310
15.0,0.08333333333333333,1.0,2.0,1.0,6.0,4.0,0.0,0.0,0.0,1.0,0.0,0.0,0.0,0.0,0.0,0.0,RETREAT,-0.1,0.0,15,opponent,310
16.0,0.625,1.0,2.0,1.0,6.0,4.0,0.0,0.0,0.0,0.0,0.0,0.0,0.0,0.0,0.0,1.0,PASS_TURN,0.0,0.0,16,opponent,310
17.0,0.5,1.0,2.0,1.0,6.0,4.0,0.0,0.0,0.0,0.0,0.0,0.0,0.0,0.0,0.0,1.0,PASS_TURN,0.0,0.0,17,opponent,310
18.0,0.125,1.0,2.0,1.0,6.0,4.0,0.0,0.0,0.0,1.0,0.0,0.0,0.0,0.0,0.0,0.0,RETREAT,-0.1,0.0,18,opponent,310
19.0,0.125,1.0,1.0,1.0,6.0,3.0,0.0,0.0,0.0,1.0,0.0,0.0,0.0,0.0,0.0,0.0,RETREAT,-0.1,0.0,19,opponent,310
20.0,0.8333333333333334,1.0,1.0,1.0,6.0,3.0,0.0,0.0,0.0,0.0,0.0,0.0,0.0,0.0,0.0,1.0,PASS_TURN,0.0,0.0,20,opponent,310
21.0,0.5,1.0,1.0,1.0,6.0,3.0,0.0,0.0,0.0,0.0,0.0,0.0,0.0,0.0,0.0,1.0,PASS_TURN,0.0,0.0,21,opponent,310
22.0,0.3333333333333333,1.0,1.0,1.0,6.0,3.0,0.0,0.0,0.0,0.0,0.0,0.0,0.0,0.0,0.0,1.0,PASS_TURN,0.0,0.0,22,opponent,310
23.0,0.16666666666666666,1.0,1.0,1.0,6.0,3.0,0.0,0.0,0.0,1.0,0.0,0.0,0.0,0.0,0.0,0.0,RETREAT,-0.1,0.0,23,opponent,310
24.0,0.16666666666666666,1.0,0.0,1.0,6.0,2.0,0.0,0.0,0.0,0.0,0.0,0.0,0.0,0.0,0.0,1.0,PASS_TURN,0.0,0.0,24,opponent,310
1.0,1.0,1.0,2.0,1.0,6.0,6.0,0.0,3.0,0.0,0.0,0.0,1.0,0.0,0.0,0.0,0.0,PLAY_SUPPORTER,0.4,0.0,1,opponent,311
2.0,1.0,1.0,2.0,1.0,6.0,6.0,0.0,2.0,0.0,0.0,0.0,1.0,0.0,0.0,0.0,0.0,PLAY_SUPPORTER,0.4,0.0,2,opponent,311
3.0,0.9166666666666666,1.0,2.0,1.0,6.0,6.0,0.0,1.0,0.0,0.0,0.0,1.0,0.0,0.0,0.0,0.0,PLAY_SUPPORTER,0.4,0.0,3,opponent,311
4.0,0.6666666666666666,1.0,2.0,1.0,6.0,6.0,0.0,0.0,0.0,0.0,0.0,0.0,0.0,0.0,0.0,1.0,PASS_TURN,0.0,0.0,4,opponent,311
5.0,0.5833333333333334,1.0,2.0,1.0,6.0,6.0,0.0,0.0,0.0,0.0,0.0,0.0,0.0,0.0,0.0,1.0,PASS_TURN,0.0,0.0,5,opponent,311
6.0,0.3333333333333333,1.0,2.0,1.0,6.0,6.0,0.0,0.0,0.0,0.0,0.0,0.0,0.0,0.0,0.0,1.0,PASS_TURN,0.0,0.0,6,opponent,311
7.0,0.16666666666666666,1.0,2.0,1.0,6.0,6.0,0.0,0.0,0.0,1.0,0.0,0.0,0.0,0.0,0.0,0.0,RETREAT,-0.1,0.0,7,opponent,311
8.0,0.9285714285714286,1.0,2.0,1.0,6.0,6.0,0.0,0.0,0.0,0.0,0.0,0.0,0.0,0.0,0.0,1.0,PASS_TURN,0.0,0.0,8,opponent,311
9.0,0.7857142857142857,1.0,2.0,1.0,6.0,6.0,0.0,0.0,0.0,0.0,0.0,0.0,0.0,0.0,0.0,1.0,PASS_TURN,0.0,0.0,9,opponent,311
10.0,0.7142857142857143,1.0,2.0,1.0,6.0,6.0,0.0,0.0,0.0,0.0,0.0,0.0,0.0,0.0,0.0,1.0,PASS_TURN,0.0,0.0,10,opponent,311
11.0,0.5,1.0,2.0,1.0,6.0,6.0,0.0,0.0,0.0,0.0,0.0,0.0,0.0,0.0,0.0,1.0,PASS_TURN,0.0,0.0,11,opponent,311
12.0,0.21428571428571427,1.0,2.0,1.0,6.0,6.0,0.0,0.0,0.0,1.0,0.0,0.0,0.0,0.0,0.0,0.0,RETREAT,-0.1,0.0,12,opponent,311
13.0,0.21428571428571427,1.0,1.0,1.0,6.0,5.0,0.0,0.0,0.0,1.0,0.0,0.0,0.0,0.0,0.0,0.0,RETREAT,-0.1,0.0,13,opponent,311
14.0,0.5555555555555556,1.0,1.0,1.0,6.0,5.0,0.0,0.0,0.0,0.0,0.0,0.0,0.0,0.0,0.0,1.0,PASS_TURN,0.0,0.0,14,opponent,311
15.0,0.1111111111111111,1.0,1.0,1.0,6.0,5.0,0.0,0.0,0.0,1.0,0.0,0.0,0.0,0.0,0.0,0.0,RETREAT,-0.1,0.0,15,opponent,311
16.0,0.1111111111111111,1.0,0.0,1.0,6.0,4.0,0.0,0.0,0.0,0.0,0.0,0.0,0.0,0.0,0.0,1.0,PASS_TURN,0.0,0.0,16,opponent,311
1.0,1.0,1.0,1.0,1.0,6.0,6.0,2.0,7.0,0.0,0.0,1.0,0.0,0.0,0.0,0.0,0.0,ATTACH_ENERGY,0.3,0.7,1,opponent,312
2.0,0.8333333333333334,1.0,1.0,1.0,6.0,6.0,1.0,7.0,0.0,0.0,1.0,0.0,0.0,0.0,0.0,0.0,ATTACH_ENERGY,0.3,0.7000000000000001,2,opponent,312
3.0,0.6666666666666666,1.0,1.0,1.0,6.0,6.0,0.0,7.0,1.0,0.0,0.0,0.0,0.0,0.0,0.0,0.0,ATTACK,0.5,0.10000000000000009,3,opponent,312
4.0,0.4166666666666667,0.9285714285714286,1.0,1.0,6.0,6.0,0.0,7.0,1.0,0.0,0.0,0.0,0.0,0.0,0.0,0.0,ATTACK,0.5,0.10000000000000009,4,opponent,312
5.0,0.25,0.8571428571428571,1.0,1.0,6.0,6.0,0.0,7.0,0.0,1.0,0.0,0.0,0.0,0.0,0.0,0.0,RETREAT,-0.1,0.0,5,opponent,312
6.0,0.5714285714285714,0.8571428571428571,1.0,1.0,6.0,6.0,0.0,7.0,0.0,0.0,0.0,1.0,0.0,0.0,0.0,0.0,PLAY_SUPPORTER,0.4,0.0,6,opponent,312
7.0,0.5714285714285714,0.8571428571428571,1.0,1.0,6.0,6.0,0.0,6.0,0.0,0.0,0.0,1.0,0.0,0.0,0.0,0.0,PLAY_SUPPORTER,0.4,0.0,7,opponent,312
8.0,0.5714285714285714,0.8571428571428571,1.0,1.0,6.0,6.0,0.0,5.0,0.0,0.0,0.0,1.0,0.0,0.0,0.0,0.0,PLAY_SUPPORTER,0.4,0.0,8,opponent,312
9.0,0.42857142857142855,0.8571428571428571,1.0,1.0,6.0,6.0,0.0,4.0,0.0,0.0,0.0,1.0,0.0,0.0,0.0,0.0,PLAY_SUPPORTER,0.4,0.0,9,opponent,312
10.0,0.25,0.8571428571428571,0.0,1.0,6.0,5.0,0.0,3.0,0.0,0.0,0.0,1.0,0.0,0.0,0.0,0.0,PLAY_SUPPORTER,0.4,0.0,10,opponent,312
1.0,1.0,1.0,2.0,0.0,6.0,6.0,0.0,6.0,0.0,0.0,0.0,1.0,0.0,0.0,0.0,0.0,PLAY_SUPPORTER,0.4,0.0,1,opponent,313
2.0,1.0,1.0,2.0,0.0,6.0,6.0,0.0,5.0,0.0,0.0,0.0,1.0,0.0,0.0,0.0,0.0,PLAY_SUPPORTER,0.4,0.0,2,opponent,313
3.0,0.7777777777777778,1.0,2.0,0.0,6.0,6.0,0.0,4.0,0.0,1.0,0.0,0.0,0.0,0.0,0.0,0.0,RETREAT,-0.1,0.0,3,opponent,313
4.0,1.0,1.0,2.0,0.0,6.0,6.0,0.0,4.0,0.0,0.0,0.0,1.0,0.0,0.0,0.0,0.0,PLAY_SUPPORTER,0.4,0.0,4,opponent,313
5.0,1.0,1.0,2.0,0.0,6.0,6.0,0.0,3.0,0.0,0.0,0.0,1.0,0.0,0.0,0.0,0.0,PLAY_SUPPORTER,0.4,0.0,5,opponent,313
6.0,1.0,1.0,2.0,0.0,6.0,6.0,0.0,2.0,0.0,0.0,0.0,1.0,0.0,0.0,0.0,0.0,PLAY_SUPPORTER,0.4,0.0,6,opponent,313
7.0,1.0,1.0,2.0,0.0,6.0,6.0,0.0,1.0,0.0,0.0,0.0,1.0,0.0,0.0,0.0,0.0,PLAY_SUPPORTER,0.4,0.0,7,opponent,313
8.0,1.0,1.0,2.0,0.0,6.0,6.0,0.0,0.0,0.0,0.0,0.0,0.0,0.0,0.0,0.0,1.0,PASS_TURN,0.0,0.0,8,opponent,313
9.0,0.42857142857142855,1.0,2.0,0.0,6.0,6.0,0.0,0.0,0.0,0.0,0.0,0.0,0.0,0.0,0.0,1.0,PASS_TURN,0.0,0.0,9,opponent,313
10.0,0.14285714285714285,1.0,2.0,0.0,6.0,6.0,0.0,0.0,0.0,1.0,0.0,0.0,0.0,0.0,0.0,0.0,RETREAT,-0.1,0.0,10,opponent,313
11.0,1.0,1.0,2.0,0.0,6.0,6.0,0.0,0.0,0.0,1.0,0.0,0.0,0.0,0.0,0.0,0.0,RETREAT,-0.1,0.0,11,opponent,313
12.0,1.0,1.0,1.0,0.0,6.0,5.0,0.0,0.0,0.0,0.0,0.0,0.0,0.0,0.0,0.0,1.0,PASS_TURN,0.0,0.0,12,opponent,313
13.0,0.875,1.0,1.0,0.0,6.0,5.0,0.0,0.0,0.0,0.0,0.0,0.0,0.0,0.0,0.0,1.0,PASS_TURN,0.0,0.0,13,opponent,313
14.0,0.75,1.0,1.0,0.0,6.0,5.0,0.0,0.0,0.0,0.0,0.0,0.0,0.0,0.0,0.0,1.0,PASS_TURN,0.0,0.0,14,opponent,313
15.0,0.75,1.0,1.0,0.0,6.0,5.0,0.0,0.0,0.0,0.0,0.0,0.0,0.0,0.0,0.0,1.0,PASS_TURN,0.0,0.0,15,opponent,313
16.0,0.625,1.0,1.0,0.0,6.0,5.0,0.0,0.0,0.0,0.0,0.0,0.0,0.0,0.0,0.0,1.0,PASS_TURN,0.0,0.0,16,opponent,313
17.0,0.5,1.0,1.0,0.0,6.0,5.0,0.0,0.0,0.0,0.0,0.0,0.0,0.0,0.0,0.0,1.0,PASS_TURN,0.0,0.0,17,opponent,313
18.0,0.7777777777777778,1.0,0.0,0.0,6.0,4.0,0.0,0.0,0.0,0.0,0.0,0.0,0.0,0.0,0.0,1.0,PASS_TURN,0.0,0.0,18,opponent,313
19.0,0.6666666666666666,1.0,0.0,0.0,6.0,4.0,0.0,0.0,0.0,0.0,0.0,0.0,0.0,0.0,0.0,1.0,PASS_TURN,0.0,0.0,19,opponent,313
20.0,0.6666666666666666,1.0,0.0,0.0,6.0,4.0,0.0,0.0,0.0,0.0,0.0,0.0,0.0,0.0,0.0,1.0,PASS_TURN,0.0,0.0,20,opponent,313
21.0,0.2222222222222222,1.0,0.0,0.0,6.0,4.0,0.0,0.0,0.0,0.0,0.0,0.0,0.0,0.0,0.0,1.0,PASS_TURN,0.0,0.0,21,opponent,313
1.0,1.0,1.0,0.0,3.0,6.0,6.0,0.0,5.0,0.0,0.0,0.0,0.0,0.0,0.0,0.0,1.0,PASS_TURN,0.0,0.0,1,opponent,314
2.0,0.7777777777777778,1.0,0.0,3.0,6.0,6.0,0.0,5.0,0.0,0.0,0.0,1.0,0.0,0.0,0.0,0.0,PLAY_SUPPORTER,0.4,0.0,2,opponent,314
3.0,0.3333333333333333,1.0,0.0,3.0,6.0,6.0,0.0,4.0,0.0,0.0,0.0,1.0,0.0,0.0,0.0,0.0,PLAY_SUPPORTER,0.4,0.0,3,opponent,314
4.0,0.3333333333333333,1.0,0.0,3.0,6.0,6.0,0.0,3.0,0.0,0.0,0.0,1.0,0.0,0.0,0.0,0.0,PLAY_SUPPORTER,0.4,0.0,4,opponent,314
1.0,1.0,1.0,0.0,0.0,6.0,6.0,3.0,4.0,0.0,0.0,1.0,0.0,0.0,0.0,0.0,0.0,ATTACH_ENERGY,0.3,0.7,1,opponent,315
2.0,0.75,1.0,0.0,0.0,6.0,6.0,2.0,4.0,0.0,0.0,1.0,0.0,0.0,0.0,0.0,0.0,ATTACH_ENERGY,0.3,0.7,2,opponent,315
3.0,0.75,1.0,0.0,0.0,6.0,6.0,1.0,4.0,1.0,0.0,0.0,0.0,0.0,0.0,0.0,0.0,ATTACK,0.5,0.10000000000000009,3,opponent,315
4.0,0.75,0.875,0.0,0.0,6.0,6.0,1.0,4.0,1.0,0.0,0.0,0.0,0.0,0.0,0.0,0.0,ATTACK,0.5,0.09999999999999987,4,opponent,315
5.0,0.625,0.75,0.0,0.0,6.0,6.0,1.0,4.0,1.0,0.0,0.0,0.0,0.0,0.0,0.0,0.0,ATTACK,0.5,0.09999999999999998,5,opponent,315
6.0,0.125,0.625,0.0,0.0,6.0,6.0,1.0,4.0,0.0,0.0,0.0,1.0,0.0,0.0,0.0,0.0,PLAY_SUPPORTER,0.4,0.0,6,opponent,315
1.0,1.0,1.0,3.0,3.0,6.0,6.0,0.0,5.0,0.0,0.0,0.0,1.0,0.0,0.0,0.0,0.0,PLAY_SUPPORTER,0.4,0.0,1,opponent,316
2.0,0.9285714285714286,1.0,3.0,3.0,6.0,6.0,0.0,4.0,0.0,0.0,0.0,1.0,0.0,0.0,0.0,0.0,PLAY_SUPPORTER,0.4,0.0,2,opponent,316
3.0,0.7857142857142857,1.0,3.0,3.0,6.0,6.0,0.0,3.0,0.0,0.0,0.0,1.0,0.0,0.0,0.0,0.0,PLAY_SUPPORTER,0.4,0.0,3,opponent,316
4.0,0.7857142857142857,1.0,3.0,3.0,6.0,6.0,0.0,2.0,0.0,0.0,0.0,1.0,0.0,0.0,0.0,0.0,PLAY_SUPPORTER,0.4,0.0,4,opponent,316
5.0,0.5714285714285714,1.0,3.0,3.0,6.0,6.0,0.0,1.0,0.0,0.0,0.0,1.0,0.0,0.0,0.0,0.0,PLAY_SUPPORTER,0.4,0.0,5,opponent,316
6.0,0.2857142857142857,1.0,3.0,3.0,6.0,6.0,0.0,0.0,0.0,1.0,0.0,0.0,0.0,0.0,0.0,0.0,RETREAT,-0.1,0.0,6,opponent,316
7.0,0.8333333333333334,1.0,3.0,3.0,6.0,6.0,0.0,0.0,0.0,0.0,0.0,0.0,0.0,0.0,0.0,1.0,PASS_TURN,0.0,0.0,7,opponent,316
8.0,0.5833333333333334,1.0,3.0,3.0,6.0,6.0,0.0,0.0,0.0,0.0,0.0,0.0,0.0,0.0,0.0,1.0,PASS_TURN,0.0,0.0,8,opponent,316
9.0,0.4166666666666667,1.0,3.0,3.0,6.0,6.0,0.0,0.0,0.0,0.0,0.0,0.0,0.0,0.0,0.0,1.0,PASS_TURN,0.0,0.0,9,opponent,316
10.0,0.08333333333333333,1.0,3.0,3.0,6.0,6.0,0.0,0.0,0.0,1.0,0.0,0.0,0.0,0.0,0.0,0.0,RETREAT,-0.1,0.0,10,opponent,316
11.0,0.14285714285714285,1.0,3.0,3.0,6.0,6.0,0.0,0.0,0.0,1.0,0.0,0.0,0.0,0.0,0.0,0.0,RETREAT,-0.1,0.0,11,opponent,316
12.0,0.14285714285714285,1.0,2.0,3.0,6.0,5.0,0.0,0.0,0.0,1.0,0.0,0.0,0.0,0.0,0.0,0.0,RETREAT,-0.1,0.0,12,opponent,316
13.0,0.8888888888888888,1.0,2.0,3.0,6.0,5.0,0.0,0.0,0.0,0.0,0.0,0.0,0.0,0.0,0.0,1.0,PASS_TURN,0.0,0.0,13,opponent,316
14.0,0.4444444444444444,1.0,2.0,3.0,6.0,5.0,0.0,0.0,0.0,1.0,0.0,0.0,0.0,0.0,0.0,0.0,RETREAT,-0.1,0.0,14,opponent,316
15.0,0.14285714285714285,1.0,2.0,3.0,6.0,5.0,0.0,0.0,0.0,1.0,0.0,0.0,0.0,0.0,0.0,0.0,RETREAT,-0.1,0.0,15,opponent,316
16.0,0.4444444444444444,1.0,2.0,3.0,6.0,5.0,0.0,0.0,0.0,0.0,0.0,0.0,0.0,0.0,0.0,1.0,PASS_TURN,0.0,0.0,16,opponent,316
17.0,0.1111111111111111,1.0,2.0,3.0,6.0,5.0,0.0,0.0,0.0,0.0,0.0,0.0,0.0,0.0,0.0,1.0,PASS_TURN,0.0,0.0,17,opponent,316
18.0,0.1111111111111111,1.0,2.0,3.0,6.0,5.0,0.0,0.0,0.0,1.0,0.0,0.0,0.0,0.0,0.0,0.0,RETREAT,-0.1,0.0,18,opponent,316
19.0,0.14285714285714285,1.0,2.0,3.0,6.0,5.0,0.0,0.0,0.0,1.0,0.0,0.0,0.0,0.0,0.0,0.0,RETREAT,-0.1,0.0,19,opponent,316
20.0,0.14285714285714285,1.0,1.0,3.0,6.0,4.0,0.0,0.0,0.0,1.0,0.0,0.0,0.0,0.0,0.0,0.0,RETREAT,-0.1,0.0,20,opponent,316
21.0,0.8888888888888888,1.0,1.0,3.0,6.0,4.0,0.0,0.0,0.0,0.0,0.0,0.0,0.0,0.0,0.0,1.0,PASS_TURN,0.0,0.0,21,opponent,316
22.0,0.5555555555555556,1.0,1.0,3.0,6.0,4.0,0.0,0.0,0.0,0.0,0.0,0.0,0.0,0.0,0.0,1.0,PASS_TURN,0.0,0.0,22,opponent,316
23.0,0.4444444444444444,1.0,1.0,3.0,6.0,4.0,0.0,0.0,0.0,0.0,0.0,0.0,0.0,0.0,0.0,1.0,PASS_TURN,0.0,0.0,23,opponent,316
24.0,0.1111111111111111,1.0,1.0,3.0,6.0,4.0,0.0,0.0,0.0,1.0,0.0,0.0,0.0,0.0,0.0,0.0,RETREAT,-0.1,0.0,24,opponent,316
25.0,0.1111111111111111,1.0,0.0,3.0,6.0,3.0,0.0,0.0,0.0,0.0,0.0,0.0,0.0,0.0,0.0,1.0,PASS_TURN,0.0,0.0,25,opponent,316
1.0,1.0,1.0,1.0,1.0,6.0,6.0,2.0,5.0,0.0,0.0,1.0,0.0,0.0,0.0,0.0,0.0,ATTACH_ENERGY,0.3,0.7,1,opponent,317
2.0,0.6666666666666666,1.0,1.0,1.0,6.0,6.0,1.0,5.0,0.0,0.0,1.0,0.0,0.0,0.0,0.0,0.0,ATTACH_ENERGY,0.3,0.7000000000000002,2,opponent,317
3.0,0.3333333333333333,1.0,1.0,1.0,6.0,6.0,0.0,5.0,0.0,0.0,0.0,1.0,0.0,0.0,0.0,0.0,PLAY_SUPPORTER,0.4,0.0,3,opponent,317
4.0,0.3333333333333333,1.0,1.0,1.0,6.0,6.0,0.0,4.0,0.0,0.0,0.0,1.0,0.0,0.0,0.0,0.0,PLAY_SUPPORTER,0.4,0.0,4,opponent,317
5.0,1.0,1.0,0.0,1.0,6.0,5.0,0.0,3.0,0.0,0.0,0.0,1.0,0.0,0.0,0.0,0.0,PLAY_SUPPORTER,0.4,0.0,5,opponent,317
6.0,0.6,1.0,0.0,1.0,6.0,5.0,0.0,2.0,0.0,0.0,0.0,1.0,0.0,0.0,0.0,0.0,PLAY_SUPPORTER,0.4,0.0,6,opponent,317
7.0,0.4,1.0,0.0,1.0,6.0,5.0,0.0,1.0,0.0,0.0,0.0,1.0,0.0,0.0,0.0,0.0,PLAY_SUPPORTER,0.4,0.0,7,opponent,317
1.0,1.0,1.0,0.0,1.0,6.0,6.0,1.0,6.0,0.0,0.0,1.0,0.0,0.0,0.0,0.0,0.0,ATTACH_ENERGY,0.3,0.7000000000000001,1,opponent,318
2.0,0.7142857142857143,1.0,0.0,1.0,6.0,6.0,0.0,6.0,1.0,0.0,0.0,0.0,0.0,0.0,0.0,0.0,ATTACK,0.5,0.09999999999999987,2,opponent,318
3.0,0.5,0.8571428571428571,0.0,1.0,6.0,6.0,0.0,6.0,1.0,0.0,0.0,0.0,0.0,0.0,0.0,0.0,ATTACK,0.5,0.09999999999999987,3,opponent,318
4.0,0.5,0.7142857142857143,0.0,1.0,6.0,6.0,0.0,6.0,1.0,0.0,0.0,0.0,0.0,0.0,0.0,0.0,ATTACK,0.5,0.10000000000000009,4,opponent,318
5.0,0.2857142857142857,0.5714285714285714,0.0,1.0,6.0,6.0,0.0,6.0,0.0,0.0,0.0,1.0,0.0,0.0,0.0,0.0,PLAY_SUPPORTER,0.4,0.0,5,opponent,318
6.0,0.14285714285714285,0.5714285714285714,0.0,1.0,6.0,6.0,0.0,5.0,0.0,0.0,0.0,0.0,1.0,0.0,0.0,0.0,PLAY_BASIC_TO_BENCH,0.2,1.2,6,opponent,318
7.0,0.07142857142857142,0.5714285714285714,1.0,1.0,6.0,6.0,0.0,4.0,0.0,1.0,0.0,0.0,0.0,0.0,0.0,0.0,RETREAT,-0.1,0.0,7,opponent,318
8.0,0.7142857142857143,0.5714285714285714,1.0,1.0,6.0,6.0,0.0,4.0,0.0,0.0,0.0,1.0,0.0,0.0,0.0,0.0,PLAY_SUPPORTER,0.4,0.0,8,opponent,318
9.0,0.14285714285714285,0.5714285714285714,1.0,1.0,6.0,6.0,0.0,3.0,0.0,1.0,0.0,0.0,0.0,0.0,0.0,0.0,RETREAT,-0.1,0.0,9,opponent,318
10.0,0.14285714285714285,0.5714285714285714,0.0,1.0,6.0,5.0,0.0,3.0,0.0,0.0,0.0,1.0,0.0,0.0,0.0,0.0,PLAY_SUPPORTER,0.4,0.0,10,opponent,318
11.0,0.14285714285714285,0.5714285714285714,0.0,1.0,6.0,5.0,0.0,2.0,0.0,0.0,0.0,1.0,0.0,0.0,0.0,0.0,PLAY_SUPPORTER,0.4,0.0,11,opponent,318
1.0,1.0,1.0,3.0,2.0,6.0,6.0,3.0,2.0,0.0,0.0,1.0,0.0,0.0,0.0,0.0,0.0,ATTACH_ENERGY,0.3,0.6999999999999993,1,opponent,319
2.0,1.0,1.0,3.0,2.0,6.0,6.0,2.0,2.0,1.0,0.0,0.0,0.0,0.0,0.0,0.0,0.0,ATTACK,1.0,0.20000000000000107,2,opponent,319
3.0,0.7857142857142857,0.7142857142857143,3.0,2.0,6.0,6.0,2.0,2.0,1.0,0.0,0.0,0.0,0.0,0.0,0.0,0.0,ATTACK,1.0,0.20000000000000018,3,opponent,319
4.0,0.5,0.42857142857142855,3.0,2.0,6.0,6.0,2.0,2.0,1.0,0.0,0.0,0.0,0.0,0.0,0.0,0.0,ATTACK,1.0,0.19999999999999973,4,opponent,319
5.0,0.2857142857142857,0.14285714285714285,3.0,2.0,6.0,6.0,2.0,2.0,1.0,0.0,0.0,0.0,0.0,0.0,0.0,0.0,ATTACK,6.0,-2.4,5,opponent,319
6.0,1.0,1.0,2.0,1.0,5.0,5.0,2.0,2.0,0.0,0.0,0.0,1.0,0.0,0.0,0.0,0.0,PLAY_SUPPORTER,0.4,0.0,6,opponent,319
7.0,0.5555555555555556,1.0,2.0,1.0,5.0,5.0,2.0,1.0,0.0,0.0,0.0,1.0,0.0,0.0,0.0,0.0,PLAY_SUPPORTER,0.4,0.0,7,opponent,319
8.0,0.2222222222222222,1.0,2.0,1.0,5.0,5.0,2.0,0.0,0.0,1.0,0.0,0.0,0.0,0.0,0.0,0.0,RETREAT,-0.1,0.0,8,opponent,319
9.0,0.875,1.0,2.0,1.0,5.0,5.0,2.0,0.0,0.0,0.0,1.0,0.0,0.0,0.0,0.0,0.0,ATTACH_ENERGY,0.3,0.30000000000000004,9,opponent,319
10.0,0.375,1.0,2.0,1.0,5.0,5.0,1.0,0.0,1.0,0.0,0.0,0.0,0.0,0.0,0.0,0.0,ATTACK,1.0,0.19999999999999996,10,opponent,319
11.0,0.125,0.75,2.0,1.0,5.0,5.0,1.0,0.0,0.0,1.0,0.0,0.0,0.0,0.0,0.0,0.0,RETREAT,-0.1,0.0,11,opponent,319
12.0,0.125,0.75,1.0,1.0,5.0,4.0,1.0,0.0,0.0,0.0,0.0,0.0,0.0,0.0,0.0,1.0,PASS_TURN,0.0,0.0,12,opponent,319
13.0,0.125,0.75,1.0,1.0,5.0,4.0,1.0,0.0,0.0,1.0,0.0,0.0,0.0,0.0,0.0,0.0,RETREAT,-0.1,0.0,13,opponent,319
14.0,0.8888888888888888,0.75,1.0,1.0,5.0,4.0,1.0,0.0,0.0,0.0,1.0,0.0,0.0,0.0,0.0,0.0,ATTACH_ENERGY,0.3,0.30000000000000027,14,opponent,319
15.0,0.7777777777777778,0.75,1.0,1.0,5.0,4.0,0.0,0.0,1.0,0.0,0.0,0.0,0.0,0.0,0.0,0.0,ATTACK,1.0,0.20000000000000018,15,opponent,319
16.0,0.5555555555555556,0.5,1.0,1.0,5.0,4.0,0.0,0.0,0.0,1.0,0.0,0.0,0.0,0.0,0.0,0.0,RETREAT,-0.1,0.0,16,opponent,319
17.0,0.5555555555555556,0.5,0.0,1.0,5.0,3.0,0.0,0.0,1.0,0.0,0.0,0.0,0.0,0.0,0.0,0.0,ATTACK,1.0,0.1999999999999993,17,opponent,319
18.0,0.2222222222222222,0.25,0.0,1.0,5.0,3.0,0.0,0.0,1.0,0.0,0.0,0.0,0.0,0.0,0.0,0.0,ATTACK,6.0,-2.3,18,opponent,319
19.0,0.1111111111111111,1.0,0.0,0.0,4.0,3.0,0.0,0.0,1.0,0.0,0.0,0.0,0.0,0.0,0.0,0.0,ATTACK,1.0,0.20000000000000018,19,opponent,319
1.0,1.0,1.0,1.0,1.0,6.0,6.0,3.0,3.0,0.0,0.0,1.0,0.0,0.0,0.0,0.0,0.0,ATTACH_ENERGY,0.3,0.7000000000000001,1,opponent,320
2.0,0.9,1.0,1.0,1.0,6.0,6.0,2.0,3.0,0.0,0.0,1.0,0.0,0.0,0.0,0.0,0.0,ATTACH_ENERGY,0.3,0.7000000000000002,2,opponent,320
3.0,0.9,1.0,1.0,1.0,6.0,6.0,1.0,3.0,0.0,0.0,1.0,0.0,0.0,0.0,0.0,0.0,ATTACH_ENERGY,0.3,0.6999999999999997,3,opponent,320
4.0,0.6,1.0,1.0,1.0,6.0,6.0,0.0,3.0,1.0,0.0,0.0,0.0,0.0,0.0,0.0,0.0,ATTACK,0.5,0.10000000000000009,4,opponent,320
5.0,0.5,0.8571428571428571,1.0,1.0,6.0,6.0,0.0,3.0,1.0,0.0,0.0,0.0,0.0,0.0,0.0,0.0,ATTACK,0.5,0.09999999999999998,5,opponent,320
6.0,0.5,0.7142857142857143,1.0,1.0,6.0,6.0,0.0,3.0,1.0,0.0,0.0,0.0,0.0,0.0,0.0,0.0,ATTACK,0.5,0.10000000000000009,6,opponent,320
7.0,0.3,0.5714285714285714,1.0,1.0,6.0,6.0,0.0,3.0,0.0,0.0,0.0,1.0,0.0,0.0,0.0,0.0,PLAY_SUPPORTER,0.4,0.0,7,opponent,320
8.0,1.0,0.5714285714285714,0.0,1.0,6.0,5.0,0.0,2.0,0.0,0.0,0.0,1.0,0.0,0.0,0.0,0.0,PLAY_SUPPORTER,0.4,0.0,8,opponent,320
9.0,0.7777777777777778,0.5714285714285714,0.0,1.0,6.0,5.0,0.0,1.0,0.0,0.0,0.0,1.0,0.0,0.0,0.0,0.0,PLAY_SUPPORTER,0.4,0.0,9,opponent,320
10.0,0.3333333333333333,0.5714285714285714,0.0,1.0,6.0,5.0,0.0,0.0,0.0,0.0,0.0,0.0,0.0,0.0,0.0,1.0,PASS_TURN,0.0,0.0,10,opponent,320
11.0,0.1111111111111111,0.5714285714285714,0.0,1.0,6.0,5.0,0.0,0.0,0.0,0.0,0.0,0.0,0.0,0.0,0.0,1.0,PASS_TURN,0.0,0.0,11,opponent,320
1.0,1.0,1.0,2.0,1.0,6.0,6.0,1.0,2.0,0.0,0.0,1.0,0.0,0.0,0.0,0.0,0.0,ATTACH_ENERGY,0.3,0.7000000000000002,1,opponent,321
2.0,0.9166666666666666,1.0,2.0,1.0,6.0,6.0,0.0,2.0,1.0,0.0,0.0,0.0,0.0,0.0,0.0,0.0,ATTACK,1.0,0.19999999999999973,2,opponent,321
3.0,0.6666666666666666,0.8571428571428571,2.0,1.0,6.0,6.0,0.0,2.0,1.0,0.0,0.0,0.0,0.0,0.0,0.0,0.0,ATTACK,1.0,0.20000000000000018,3,opponent,321
4.0,0.5833333333333334,0.7142857142857143,2.0,1.0,6.0,6.0,0.0,2.0,1.0,0.0,0.0,0.0,0.0,0.0,0.0,0.0,ATTACK,1.0,0.19999999999999973,4,opponent,321
5.0,0.4166666666666667,0.5714285714285714,2.0,1.0,6.0,6.0,0.0,2.0,1.0,0.0,0.0,0.0,0.0,0.0,0.0,0.0,ATTACK,1.0,0.19999999999999996,5,opponent,321
6.0,0.3333333333333333,0.42857142857142855,2.0,1.0,6.0,6.0,0.0,2.0,0.0,0.0,0.0,1.0,0.0,0.0,0.0,0.0,PLAY_SUPPORTER,0.4,0.0,6,opponent,321
7.0,0.08333333333333333,0.42857142857142855,2.0,1.0,6.0,6.0,0.0,1.0,0.0,0.0,0.0,0.0,1.0,0.0,0.0,0.0,PLAY_BASIC_TO_BENCH,0.2,1.3999999999999997,7,opponent,321
8.0,0.08333333333333333,0.42857142857142855,3.0,1.0,6.0,6.0,0.0,0.0,0.0,1.0,0.0,0.0,0.0,0.0,0.0,0.0,RETREAT,-0.1,0.0,8,opponent,321
9.0,0.625,0.42857142857142855,3.0,1.0,6.0,6.0,0.0,0.0,0.0,1.0,0.0,0.0,0.0,0.0,0.0,0.0,RETREAT,-0.1,0.0,9,opponent,321
10.0,1.0,0.42857142857142855,3.0,1.0,6.0,6.0,0.0,0.0,0.0,0.0,0.0,0.0,0.0,0.0,0.0,1.0,PASS_TURN,0.0,0.0,10,opponent,321
11.0,0.9166666666666666,0.42857142857142855,3.0,1.0,6.0,6.0,0.0,0.0,0.0,0.0,0.0,0.0,0.0,0.0,0.0,1.0,PASS_TURN,0.0,0.0,11,opponent,321
12.0,0.5833333333333334,0.42857142857142855,3.0,1.0,6.0,6.0,0.0,0.0,0.0,0.0,0.0,0.0,0.0,0.0,0.0,1.0,PASS_TURN,0.0,0.0,12,opponent,321
13.0,0.25,0.42857142857142855,3.0,1.0,6.0,6.0,0.0,0.0,0.0,1.0,0.0,0.0,0.0,0.0,0.0,0.0,RETREAT,-0.1,0.0,13,opponent,321
14.0,0.375,0.42857142857142855,3.0,1.0,6.0,6.0,0.0,0.0,0.0,0.0,0.0,0.0,0.0,0.0,0.0,1.0,PASS_TURN,0.0,0.0,14,opponent,321
15.0,0.25,0.42857142857142855,3.0,1.0,6.0,6.0,0.0,0.0,0.0,1.0,0.0,0.0,0.0,0.0,0.0,0.0,RETREAT,-0.1,0.0,15,opponent,321
16.0,0.25,0.42857142857142855,2.0,1.0,6.0,5.0,0.0,0.0,0.0,1.0,0.0,0.0,0.0,0.0,0.0,0.0,RETREAT,-0.1,0.0,16,opponent,321
17.0,0.25,0.42857142857142855,1.0,1.0,6.0,4.0,0.0,0.0,0.0,1.0,0.0,0.0,0.0,0.0,0.0,0.0,RETREAT,-0.1,0.0,17,opponent,321
18.0,0.5555555555555556,0.42857142857142855,1.0,1.0,6.0,4.0,0.0,0.0,0.0,0.0,0.0,0.0,0.0,0.0,0.0,1.0,PASS_TURN,0.0,0.0,18,opponent,321
19.0,0.3333333333333333,0.42857142857142855,1.0,1.0,6.0,4.0,0.0,0.0,0.0,1.0,0.0,0.0,0.0,0.0,0.0,0.0,RETREAT,-0.1,0.0,19,opponent,321
20.0,0.3333333333333333,0.42857142857142855,0.0,1.0,6.0,3.0,0.0,0.0,0.0,0.0,0.0,0.0,0.0,0.0,0.0,1.0,PASS_TURN,0.0,0.0,20,opponent,321
1.0,1.0,1.0,0.0,2.0,6.0,6.0,1.0,7.0,0.0,0.0,1.0,0.0,0.0,0.0,0.0,0.0,ATTACH_ENERGY,0.3,0.6999999999999997,1,opponent,322
2.0,0.8888888888888888,1.0,0.0,2.0,6.0,6.0,0.0,7.0,1.0,0.0,0.0,0.0,0.0,0.0,0.0,0.0,ATTACK,1.0,0.20000000000000062,2,opponent,322
3.0,0.8888888888888888,0.7142857142857143,0.0,2.0,6.0,6.0,0.0,7.0,1.0,0.0,0.0,0.0,0.0,0.0,0.0,0.0,ATTACK,1.0,0.19999999999999973,3,opponent,322
4.0,0.7777777777777778,0.42857142857142855,0.0,2.0,6.0,6.0,0.0,7.0,1.0,0.0,0.0,0.0,0.0,0.0,0.0,0.0,ATTACK,1.0,0.20000000000000018,4,opponent,322
5.0,0.6666666666666666,0.14285714285714285,0.0,2.0,6.0,6.0,0.0,7.0,1.0,0.0,0.0,0.0,0.0,0.0,0.0,0.0,ATTACK,6.0,-2.4000000000000004,5,opponent,322
6.0,0.6666666666666666,1.0,0.0,1.0,5.0,6.0,0.0,7.0,1.0,0.0,0.0,0.0,0.0,0.0,0.0,0.0,ATTACK,1.0,0.20000000000000018,6,opponent,322
7.0,0.4444444444444444,0.8,0.0,1.0,5.0,6.0,0.0,7.0,1.0,0.0,0.0,0.0,0.0,0.0,0.0,0.0,ATTACK,1.0,0.20000000000000018,7,opponent,322
8.0,0.2222222222222222,0.6,0.0,1.0,5.0,6.0,0.0,7.0,0.0,0.0,0.0,1.0,0.0,0.0,0.0,0.0,PLAY_SUPPORTER,0.4,0.0,8,opponent,322
9.0,0.2222222222222222,0.6,0.0,1.0,5.0,6.0,0.0,6.0,0.0,0.0,0.0,1.0,0.0,0.0,0.0,0.0,PLAY_SUPPORTER,0.4,0.0,9,opponent,322
1.0,1.0,1.0,2.0,1.0,6.0,6.0,1.0,7.0,0.0,0.0,1.0,0.0,0.0,0.0,0.0,0.0,ATTACH_ENERGY,0.3,0.7000000000000002,1,opponent,323
2.0,0.7142857142857143,1.0,2.0,1.0,6.0,6.0,0.0,7.0,0.0,0.0,0.0,0.0,1.0,0.0,0.0,0.0,PLAY_BASIC_TO_BENCH,0.2,1.5000000000000002,2,opponent,323
3.0,0.7142857142857143,1.0,3.0,1.0,6.0,6.0,0.0,6.0,1.0,0.0,0.0,0.0,0.0,0.0,0.0,0.0,ATTACK,1.0,0.19999999999999973,3,opponent,323
4.0,0.42857142857142855,0.8333333333333334,3.0,1.0,6.0,6.0,0.0,6.0,1.0,0.0,0.0,0.0,0.0,0.0,0.0,0.0,ATTACK,1.0,0.20000000000000018,4,opponent,323
5.0,0.42857142857142855,0.6666666666666666,3.0,1.0,6.0,6.0,0.0,6.0,1.0,0.0,0.0,0.0,0.0,0.0,0.0,0.0,ATTACK,1.0,0.19999999999999996,5,opponent,323
6.0,0.35714285714285715,0.5,3.0,1.0,6.0,6.0,0.0,6.0,1.0,0.0,0.0,0.0,0.0,0.0,0.0,0.0,ATTACK,1.0,0.19999999999999996,6,opponent,323
7.0,0.21428571428571427,0.3333333333333333,3.0,1.0,6.0,6.0,0.0,6.0,0.0,1.0,0.0,0.0,0.0,0.0,0.0,0.0,RETREAT,-0.1,0.0,7,opponent,323
8.0,0.6666666666666666,0.3333333333333333,3.0,1.0,6.0,6.0,0.0,6.0,0.0,0.0,0.0,1.0,0.0,0.0,0.0,0.0,PLAY_SUPPORTER,0.4,0.0,8,opponent,323
9.0,0.16666666666666666,0.3333333333333333,3.0,1.0,6.0,6.0,0.0,5.0,0.0,1.0,0.0,0.0,0.0,0.0,0.0,0.0,RETREAT,-0.1,0.0,9,opponent,323
10.0,0.07142857142857142,0.3333333333333333,3.0,1.0,6.0,6.0,0.0,5.0,0.0,1.0,0.0,0.0,0.0,0.0,0.0,0.0,RETREAT,-0.1,0.0,10,opponent,323
11.0,0.07142857142857142,0.3333333333333333,2.0,1.0,6.0,5.0,0.0,5.0,0.0,1.0,0.0,0.0,0.0,0.0,0.0,0.0,RETREAT,-0.1,0.0,11,opponent,323
12.0,0.8888888888888888,0.3333333333333333,2.0,1.0,6.0,5.0,0.0,5.0,0.0,0.0,0.0,1.0,0.0,0.0,0.0,0.0,PLAY_SUPPORTER,0.4,0.0,12,opponent,323
13.0,0.8888888888888888,0.3333333333333333,2.0,1.0,6.0,5.0,0.0,4.0,0.0,0.0,0.0,0.0,1.0,0.0,0.0,0.0,PLAY_BASIC_TO_BENCH,0.2,1.0999999999999996,13,opponent,323
14.0,0.6666666666666666,0.3333333333333333,3.0,1.0,6.0,5.0,0.0,3.0,0.0,0.0,0.0,1.0,0.0,0.0,0.0,0.0,PLAY_SUPPORTER,0.4,0.0,14,opponent,323
15.0,0.5555555555555556,0.3333333333333333,3.0,1.0,6.0,5.0,0.0,2.0,0.0,0.0,0.0,1.0,0.0,0.0,0.0,0.0,PLAY_SUPPORTER,0.4,0.0,15,opponent,323
16.0,0.1111111111111111,0.3333333333333333,3.0,1.0,6.0,5.0,0.0,1.0,0.0,1.0,0.0,0.0,0.0,0.0,0.0,0.0,RETREAT,-0.1,0.0,16,opponent,323
17.0,0.1111111111111111,0.3333333333333333,2.0,1.0,6.0,4.0,0.0,1.0,0.0,1.0,0.0,0.0,0.0,0.0,0.0,0.0,RETREAT,-0.1,0.0,17,opponent,323
18.0,1.0,0.3333333333333333,2.0,1.0,6.0,4.0,0.0,1.0,0.0,0.0,0.0,1.0,0.0,0.0,0.0,0.0,PLAY_SUPPORTER,0.4,0.0,18,opponent,323
19.0,0.6666666666666666,0.3333333333333333,2.0,1.0,6.0,4.0,0.0,0.0,0.0,0.0,0.0,0.0,0.0,0.0,0.0,1.0,PASS_TURN,0.0,0.0,19,opponent,323
20.0,0.5,0.3333333333333333,2.0,1.0,6.0,4.0,0.0,0.0,0.0,0.0,0.0,0.0,0.0,0.0,0.0,1.0,PASS_TURN,0.0,0.0,20,opponent,323
21.0,0.16666666666666666,0.3333333333333333,2.0,1.0,6.0,4.0,0.0,0.0,0.0,1.0,0.0,0.0,0.0,0.0,0.0,0.0,RETREAT,-0.1,0.0,21,opponent,323
22.0,0.16666666666666666,0.3333333333333333,1.0,1.0,6.0,3.0,0.0,0.0,0.0,1.0,0.0,0.0,0.0,0.0,0.0,0.0,RETREAT,-0.1,0.0,22,opponent,323
23.0,1.0,0.3333333333333333,1.0,1.0,6.0,3.0,0.0,0.0,0.0,0.0,0.0,0.0,0.0,0.0,0.0,1.0,PASS_TURN,0.0,0.0,23,opponent,323
24.0,0.3333333333333333,0.3333333333333333,1.0,1.0,6.0,3.0,0.0,0.0,0.0,0.0,0.0,0.0,0.0,0.0,0.0,1.0,PASS_TURN,0.0,0.0,24,opponent,323
25.0,0.16666666666666666,0.3333333333333333,0.0,1.0,6.0,2.0,0.0,0.0,0.0,0.0,0.0,0.0,0.0,0.0,0.0,1.0,PASS_TURN,0.0,0.0,25,opponent,323
1.0,1.0,1.0,3.0,3.0,6.0,6.0,2.0,3.0,0.0,0.0,1.0,0.0,0.0,0.0,0.0,0.0,ATTACH_ENERGY,0.3,0.7,1,opponent,324
2.0,0.6666666666666666,1.0,3.0,3.0,6.0,6.0,1.0,3.0,1.0,0.0,0.0,0.0,0.0,0.0,0.0,0.0,ATTACK,1.5,0.30000000000000004,2,opponent,324
3.0,0.6666666666666666,0.6666666666666666,3.0,3.0,6.0,6.0,1.0,3.0,1.0,0.0,0.0,0.0,0.0,0.0,0.0,0.0,ATTACK,1.5,0.30000000000000004,3,opponent,324
4.0,0.5,0.3333333333333333,3.0,3.0,6.0,6.0,1.0,3.0,0.0,0.0,0.0,0.0,1.0,0.0,0.0,0.0,PLAY_BASIC_TO_BENCH,0.2,1.5,4,opponent,324
5.0,0.16666666666666666,0.3333333333333333,4.0,3.0,6.0,6.0,1.0,2.0,0.0,0.0,1.0,0.0,0.0,0.0,0.0,0.0,ATTACH_ENERGY,0.3,0.30000000000000004,5,opponent,324
6.0,0.16666666666666666,0.3333333333333333,4.0,3.0,6.0,6.0,0.0,2.0,1.0,0.0,0.0,0.0,0.0,0.0,0.0,0.0,ATTACK,6.5,-2.2,6,opponent,324
7.0,1.0,1.0,3.0,2.0,5.0,5.0,0.0,2.0,0.0,0.0,0.0,1.0,0.0,0.0,0.0,0.0,PLAY_SUPPORTER,0.4,0.0,7,opponent,324
8.0,0.8,1.0,3.0,2.0,5.0,5.0,0.0,1.0,0.0,0.0,0.0,0.0,1.0,0.0,0.0,0.0,PLAY_BASIC_TO_BENCH,0.2,1.8999999999999997,8,opponent,324
9.0,0.5,1.0,4.0,2.0,5.0,5.0,0.0,0.0,0.0,0.0,0.0,0.0,0.0,0.0,0.0,1.0,PASS_TURN,0.0,0.0,9,opponent,324
10.0,0.5,1.0,4.0,2.0,5.0,5.0,0.0,0.0,0.0,0.0,0.0,0.0,0.0,0.0,0.0,1.0,PASS_TURN,0.0,0.0,10,opponent,324
11.0,0.2,1.0,4.0,2.0,5.0,5.0,0.0,0.0,0.0,1.0,0.0,0.0,0.0,0.0,0.0,0.0,RETREAT,-0.1,0.0,11,opponent,324
12.0,1.0,1.0,4.0,2.0,5.0,5.0,0.0,0.0,1.0,0.0,0.0,0.0,0.0,0.0,0.0,0.0,ATTACK,1.0,0.20000000000000018,12,opponent,324
13.0,0.9,0.7142857142857143,4.0,2.0,5.0,5.0,0.0,0.0,1.0,0.0,0.0,0.0,0.0,0.0,0.0,0.0,ATTACK,1.0,0.20000000000000018,13,opponent,324
14.0,0.8,0.42857142857142855,4.0,2.0,5.0,5.0,0.0,0.0,1.0,0.0,0.0,0.0,0.0,0.0,0.0,0.0,ATTACK,1.0,0.20000000000000018,14,opponent,324
15.0,0.6,0.14285714285714285,4.0,2.0,5.0,5.0,0.0,0.0,0.0,1.0,0.0,0.0,0.0,0.0,0.0,0.0,RETREAT,-0.1,0.0,15,opponent,324
16.0,0.3333333333333333,0.14285714285714285,4.0,2.0,5.0,5.0,0.0,0.0,0.0,0.0,0.0,0.0,0.0,0.0,0.0,1.0,PASS_TURN,0.0,0.0,16,opponent,324
17.0,0.2,0.14285714285714285,3.0,2.0,5.0,4.0,0.0,0.0,0.0,1.0,0.0,0.0,0.0,0.0,0.0,0.0,RETREAT,-0.1,0.0,17,opponent,324
18.0,0.6,0.14285714285714285,3.0,2.0,5.0,4.0,0.0,0.0,1.0,0.0,0.0,0.0,0.0,0.0,0.0,0.0,ATTACK,6.0,-2.4000000000000004,18,opponent,324
19.0,0.3,1.0,3.0,1.0,4.0,4.0,0.0,0.0,0.0,0.0,0.0,0.0,0.0,0.0,0.0,1.0,PASS_TURN,0.0,0.0,19,opponent,324
20.0,0.3,1.0,3.0,1.0,4.0,4.0,0.0,0.0,1.0,0.0,0.0,0.0,0.0,0.0,0.0,0.0,ATTACK,1.0,0.19999999999999973,20,opponent,324
21.0,0.1,0.8571428571428571,3.0,1.0,4.0,4.0,0.0,0.0,0.0,1.0,0.0,0.0,0.0,0.0,0.0,0.0,RETREAT,-0.1,0.0,21,opponent,324
22.0,0.7857142857142857,0.8571428571428571,3.0,1.0,4.0,4.0,0.0,0.0,0.0,0.0,0.0,0.0,0.0,0.0,0.0,1.0,PASS_TURN,0.0,0.0,22,opponent,324
23.0,0.7857142857142857,0.8571428571428571,3.0,1.0,4.0,4.0,0.0,0.0,0.0,0.0,0.0,0.0,0.0,0.0,0.0,1.0,PASS_TURN,0.0,0.0,23,opponent,324
24.0,0.7142857142857143,0.8571428571428571,3.0,1.0,4.0,4.0,0.0,0.0,0.0,0.0,0.0,0.0,0.0,0.0,0.0,1.0,PASS_TURN,0.0,0.0,24,opponent,324
25.0,0.5714285714285714,0.8571428571428571,3.0,1.0,4.0,4.0,0.0,0.0,0.0,0.0,0.0,0.0,0.0,0.0,0.0,1.0,PASS_TURN,0.0,0.0,25,opponent,324
26.0,0.2857142857142857,0.8571428571428571,3.0,1.0,4.0,4.0,0.0,0.0,0.0,1.0,0.0,0.0,0.0,0.0,0.0,0.0,RETREAT,-0.1,0.0,26,opponent,324
27.0,0.1,0.8571428571428571,3.0,1.0,4.0,4.0,0.0,0.0,0.0,1.0,0.0,0.0,0.0,0.0,0.0,0.0,RETREAT,-0.1,0.0,27,opponent,324
28.0,0.21428571428571427,0.8571428571428571,3.0,1.0,4.0,4.0,0.0,0.0,0.0,1.0,0.0,0.0,0.0,0.0,0.0,0.0,RETREAT,-0.1,0.0,28,opponent,324
29.0,0.21428571428571427,0.8571428571428571,2.0,1.0,4.0,3.0,0.0,0.0,0.0,1.0,0.0,0.0,0.0,0.0,0.0,0.0,RETREAT,-0.1,0.0,29,opponent,324
30.0,0.21428571428571427,0.8571428571428571,1.0,1.0,4.0,2.0,0.0,0.0,0.0,0.0,0.0,0.0,0.0,0.0,0.0,1.0,PASS_TURN,0.0,0.0,30,opponent,324
31.0,0.14285714285714285,0.8571428571428571,1.0,1.0,4.0,2.0,0.0,0.0,0.0,1.0,0.0,0.0,0.0,0.0,0.0,0.0,RETREAT,-0.1,0.0,31,opponent,324
32.0,0.8571428571428571,0.8571428571428571,1.0,1.0,4.0,2.0,0.0,0.0,0.0,0.0,0.0,0.0,0.0,0.0,0.0,1.0,PASS_TURN,0.0,0.0,32,opponent,324
33.0,0.8571428571428571,0.8571428571428571,1.0,1.0,4.0,2.0,0.0,0.0,0.0,0.0,0.0,0.0,0.0,0.0,0.0,1.0,PASS_TURN,0.0,0.0,33,opponent,324
34.0,0.6428571428571429,0.8571428571428571,1.0,1.0,4.0,2.0,0.0,0.0,0.0,0.0,0.0,0.0,0.0,0.0,0.0,1.0,PASS_TURN,0.0,0.0,34,opponent,324
35.0,0.5714285714285714,0.8571428571428571,1.0,1.0,4.0,2.0,0.0,0.0,0.0,0.0,0.0,0.0,0.0,0.0,0.0,1.0,PASS_TURN,0.0,0.0,35,opponent,324
36.0,0.5,0.8571428571428571,1.0,1.0,4.0,2.0,0.0,0.0,0.0,0.0,0.0,0.0,0.0,0.0,0.0,1.0,PASS_TURN,0.0,0.0,36,opponent,324
37.0,0.35714285714285715,0.8571428571428571,1.0,1.0,4.0,2.0,0.0,0.0,0.0,0.0,0.0,0.0,0.0,0.0,0.0,1.0,PASS_TURN,0.0,0.0,37,opponent,324
38.0,0.21428571428571427,0.8571428571428571,1.0,1.0,4.0,2.0,0.0,0.0,0.0,1.0,0.0,0.0,0.0,0.0,0.0,0.0,RETREAT,-0.1,0.0,38,opponent,324
39.0,0.21428571428571427,0.8571428571428571,0.0,1.0,4.0,1.0,0.0,0.0,0.0,0.0,0.0,0.0,0.0,0.0,0.0,1.0,PASS_TURN,0.0,0.0,39,opponent,324
1.0,1.0,1.0,1.0,1.0,6.0,6.0,0.0,6.0,0.0,0.0,0.0,1.0,0.0,0.0,0.0,0.0,PLAY_SUPPORTER,0.4,0.0,1,opponent,325
2.0,0.6666666666666666,1.0,1.0,1.0,6.0,6.0,0.0,5.0,0.0,0.0,0.0,1.0,0.0,0.0,0.0,0.0,PLAY_SUPPORTER,0.4,0.0,2,opponent,325
3.0,0.16666666666666666,1.0,1.0,1.0,6.0,6.0,0.0,4.0,0.0,1.0,0.0,0.0,0.0,0.0,0.0,0.0,RETREAT,-0.1,0.0,3,opponent,325
4.0,1.0,1.0,1.0,1.0,6.0,6.0,0.0,4.0,0.0,0.0,0.0,1.0,0.0,0.0,0.0,0.0,PLAY_SUPPORTER,0.4,0.0,4,opponent,325
5.0,0.6666666666666666,1.0,1.0,1.0,6.0,6.0,0.0,3.0,0.0,0.0,0.0,1.0,0.0,0.0,0.0,0.0,PLAY_SUPPORTER,0.4,0.0,5,opponent,325
6.0,0.3333333333333333,1.0,1.0,1.0,6.0,6.0,0.0,2.0,0.0,1.0,0.0,0.0,0.0,0.0,0.0,0.0,RETREAT,-0.1,0.0,6,opponent,325
7.0,0.3333333333333333,1.0,0.0,1.0,6.0,5.0,0.0,2.0,0.0,0.0,0.0,1.0,0.0,0.0,0.0,0.0,PLAY_SUPPORTER,0.4,0.0,7,opponent,325
8.0,0.3333333333333333,1.0,0.0,1.0,6.0,5.0,0.0,1.0,0.0,0.0,0.0,1.0,0.0,0.0,0.0,0.0,PLAY_SUPPORTER,0.4,0.0,8,opponent,325
9.0,0.2222222222222222,1.0,0.0,1.0,6.0,5.0,0.0,0.0,0.0,0.0,0.0,0.0,0.0,0.0,0.0,1.0,PASS_TURN,0.0,0.0,9,opponent,325
1.0,1.0,1.0,2.0,0.0,6.0,6.0,1.0,3.0,0.0,0.0,1.0,0.0,0.0,0.0,0.0,0.0,ATTACH_ENERGY,0.3,0.7000000000000002,1,opponent,326
2.0,0.75,1.0,2.0,0.0,6.0,6.0,0.0,3.0,1.0,0.0,0.0,0.0,0.0,0.0,0.0,0.0,ATTACK,0.5,0.10000000000000053,2,opponent,326
3.0,0.4166666666666667,0.9285714285714286,2.0,0.0,6.0,6.0,0.0,3.0,1.0,0.0,0.0,0.0,0.0,0.0,0.0,0.0,ATTACK,0.5,0.10000000000000053,3,opponent,326
4.0,0.3333333333333333,0.8571428571428571,2.0,0.0,6.0,6.0,0.0,3.0,0.0,0.0,0.0,1.0,0.0,0.0,0.0,0.0,PLAY_SUPPORTER,0.4,0.0,4,opponent,326
5.0,0.08333333333333333,0.8571428571428571,2.0,0.0,6.0,6.0,0.0,2.0,0.0,1.0,0.0,0.0,0.0,0.0,0.0,0.0,RETREAT,-0.1,0.0,5,opponent,326
6.0,1.0,0.8571428571428571,2.0,0.0,6.0,6.0,0.0,2.0,0.0,0.0,0.0,1.0,0.0,0.0,0.0,0.0,PLAY_SUPPORTER,0.4,0.0,6,opponent,326
7.0,1.0,0.8571428571428571,2.0,0.0,6.0,6.0,0.0,1.0,0.0,0.0,0.0,1.0,0.0,0.0,0.0,0.0,PLAY_SUPPORTER,0.4,0.0,7,opponent,326
8.0,1.0,0.8571428571428571,2.0,0.0,6.0,6.0,0.0,0.0,0.0,0.0,0.0,0.0,0.0,0.0,0.0,1.0,PASS_TURN,0.0,0.0,8,opponent,326
9.0,1.0,0.8571428571428571,2.0,0.0,6.0,6.0,0.0,0.0,0.0,0.0,0.0,0.0,0.0,0.0,0.0,1.0,PASS_TURN,0.0,0.0,9,opponent,326
10.0,1.0,0.8571428571428571,2.0,0.0,6.0,6.0,0.0,0.0,0.0,0.0,0.0,0.0,0.0,0.0,0.0,1.0,PASS_TURN,0.0,0.0,10,opponent,326
11.0,0.6666666666666666,0.8571428571428571,2.0,0.0,6.0,6.0,0.0,0.0,0.0,0.0,0.0,0.0,0.0,0.0,0.0,1.0,PASS_TURN,0.0,0.0,11,opponent,326
12.0,0.5,0.8571428571428571,2.0,0.0,6.0,6.0,0.0,0.0,0.0,0.0,0.0,0.0,0.0,0.0,0.0,1.0,PASS_TURN,0.0,0.0,12,opponent,326
13.0,0.16666666666666666,0.8571428571428571,2.0,0.0,6.0,6.0,0.0,0.0,0.0,1.0,0.0,0.0,0.0,0.0,0.0,0.0,RETREAT,-0.1,0.0,13,opponent,326
14.0,0.08333333333333333,0.8571428571428571,2.0,0.0,6.0,6.0,0.0,0.0,0.0,1.0,0.0,0.0,0.0,0.0,0.0,0.0,RETREAT,-0.1,0.0,14,opponent,326
15.0,0.08333333333333333,0.8571428571428571,1.0,0.0,6.0,5.0,0.0,0.0,0.0,1.0,0.0,0.0,0.0,0.0,0.0,0.0,RETREAT,-0.1,0.0,15,opponent,326
16.0,0.7857142857142857,0.8571428571428571,1.0,0.0,6.0,5.0,0.0,0.0,0.0,0.0,0.0,0.0,0.0,0.0,0.0,1.0,PASS_TURN,0.0,0.0,16,opponent,326
17.0,0.7142857142857143,0.8571428571428571,1.0,0.0,6.0,5.0,0.0,0.0,0.0,0.0,0.0,0.0,0.0,0.0,0.0,1.0,PASS_TURN,0.0,0.0,17,opponent,326
18.0,0.5714285714285714,0.8571428571428571,1.0,0.0,6.0,5.0,0.0,0.0,0.0,0.0,0.0,0.0,0.0,0.0,0.0,1.0,PASS_TURN,0.0,0.0,18,opponent,326
19.0,0.35714285714285715,0.8571428571428571,1.0,0.0,6.0,5.0,0.0,0.0,0.0,0.0,0.0,0.0,0.0,0.0,0.0,1.0,PASS_TURN,0.0,0.0,19,opponent,326
20.0,0.07142857142857142,0.8571428571428571,1.0,0.0,6.0,5.0,0.0,0.0,0.0,1.0,0.0,0.0,0.0,0.0,0.0,0.0,RETREAT,-0.1,0.0,20,opponent,326
21.0,0.07142857142857142,0.8571428571428571,0.0,0.0,6.0,4.0,0.0,0.0,0.0,0.0,0.0,0.0,0.0,0.0,0.0,1.0,PASS_TURN,0.0,0.0,21,opponent,326
1.0,1.0,1.0,3.0,3.0,6.0,6.0,2.0,4.0,0.0,0.0,1.0,0.0,0.0,0.0,0.0,0.0,ATTACH_ENERGY,0.3,0.7000000000000002,1,opponent,327
2.0,1.0,1.0,3.0,3.0,6.0,6.0,1.0,4.0,1.0,0.0,0.0,0.0,0.0,0.0,0.0,0.0,ATTACK,1.0,0.20000000000000018,2,opponent,327
3.0,0.7857142857142857,0.8,3.0,3.0,6.0,6.0,1.0,4.0,1.0,0.0,0.0,0.0,0.0,0.0,0.0,0.0,ATTACK,1.0,0.19999999999999973,3,opponent,327
4.0,0.5,0.6,3.0,3.0,6.0,6.0,1.0,4.0,1.0,0.0,0.0,0.0,0.0,0.0,0.0,0.0,ATTACK,1.0,0.19999999999999973,4,opponent,327
5.0,0.42857142857142855,0.4,3.0,3.0,6.0,6.0,1.0,4.0,1.0,0.0,0.0,0.0,0.0,0.0,0.0,0.0,ATTACK,1.0,0.20000000000000018,5,opponent,327
6.0,0.42857142857142855,0.2,3.0,3.0,6.0,6.0,1.0,4.0,1.0,0.0,0.0,0.0,0.0,0.0,0.0,0.0,ATTACK,6.0,-2.3,6,opponent,327
7.0,0.21428571428571427,1.0,3.0,2.0,5.0,6.0,1.0,4.0,0.0,1.0,0.0,0.0,0.0,0.0,0.0,0.0,RETREAT,-0.1,0.0,7,opponent,327
8.0,0.8571428571428571,1.0,3.0,2.0,5.0,6.0,1.0,4.0,0.0,0.0,0.0,1.0,0.0,0.0,0.0,0.0,PLAY_SUPPORTER,0.4,0.0,8,opponent,327
9.0,0.42857142857142855,1.0,3.0,2.0,5.0,6.0,1.0,3.0,0.0,0.0,0.0,1.0,0.0,0.0,0.0,0.0,PLAY_SUPPORTER,0.4,0.0,9,opponent,327
10.0,1.0,1.0,2.0,2.0,5.0,5.0,1.0,2.0,0.0,0.0,0.0,1.0,0.0,0.0,0.0,0.0,PLAY_SUPPORTER,0.4,0.0,10,opponent,327
11.0,0.8571428571428571,1.0,2.0,2.0,5.0,5.0,1.0,1.0,0.0,0.0,0.0,1.0,0.0,0.0,0.0,0.0,PLAY_SUPPORTER,0.4,0.0,11,opponent,327
12.0,0.7142857142857143,1.0,2.0,2.0,5.0,5.0,1.0,0.0,0.0,0.0,1.0,0.0,0.0,0.0,0.0,0.0,ATTACH_ENERGY,0.3,0.3,12,opponent,327
13.0,0.7142857142857143,1.0,2.0,2.0,5.0,5.0,0.0,0.0,1.0,0.0,0.0,0.0,0.0,0.0,0.0,0.0,ATTACK,1.5,0.30000000000000004,13,opponent,327
14.0,0.5,0.7,2.0,2.0,5.0,5.0,0.0,0.0,0.0,1.0,0.0,0.0,0.0,0.0,0.0,0.0,RETREAT,-0.1,0.0,14,opponent,327
15.0,0.21428571428571427,0.7,2.0,2.0,5.0,5.0,0.0,0.0,0.0,1.0,0.0,0.0,0.0,0.0,0.0,0.0,RETREAT,-0.1,0.0,15,opponent,327
16.0,0.35714285714285715,0.7,2.0,2.0,5.0,5.0,0.0,0.0,1.0,0.0,0.0,0.0,0.0,0.0,0.0,0.0,ATTACK,1.5,0.3,16,opponent,327
17.0,0.2857142857142857,0.4,2.0,2.0,5.0,5.0,0.0,0.0,1.0,0.0,0.0,0.0,0.0,0.0,0.0,0.0,ATTACK,1.5,0.30000000000000004,17,opponent,327
18.0,0.2857142857142857,0.1,2.0,2.0,5.0,5.0,0.0,0.0,1.0,0.0,0.0,0.0,0.0,0.0,0.0,0.0,ATTACK,6.5,-2.4,18,opponent,327
19.0,0.21428571428571427,1.0,1.0,1.0,4.0,4.0,0.0,0.0,0.0,1.0,0.0,0.0,0.0,0.0,0.0,0.0,RETREAT,-0.1,0.0,19,opponent,327
20.0,0.3333333333333333,1.0,1.0,1.0,4.0,4.0,0.0,0.0,0.0,0.0,0.0,0.0,0.0,0.0,0.0,1.0,PASS_TURN,0.0,0.0,20,opponent,327
21.0,0.21428571428571427,1.0,0.0,1.0,4.0,3.0,0.0,0.0,1.0,0.0,0.0,0.0,0.0,0.0,0.0,0.0,ATTACK,1.0,0.19999999999999996,21,opponent,327
22.0,0.14285714285714285,0.6666666666666666,0.0,1.0,4.0,3.0,0.0,0.0,1.0,0.0,0.0,0.0,0.0,0.0,0.0,0.0,ATTACK,1.0,0.1999999999999995,22,opponent,327
1.0,1.0,1.0,0.0,0.0,6.0,6.0,2.0,7.0,0.0,0.0,1.0,0.0,0.0,0.0,0.0,0.0,ATTACH_ENERGY,0.3,0.7,1,me,328
2.0,0.5714285714285714,1.0,0.0,0.0,6.0,6.0,1.0,7.0,1.0,0.0,0.0,0.0,0.0,0.0,0.0,0.0,ATTACK,1.0,0.2,2,me,328
3.0,0.5714285714285714,0.8333333333333334,0.0,0.0,6.0,6.0,1.0,7.0,1.0,0.0,0.0,0.0,0.0,0.0,0.0,0.0,ATTACK,1.0,0.19999999999999996,3,me,328
4.0,0.5714285714285714,0.6666666666666666,0.0,0.0,6.0,6.0,1.0,7.0,0.0,0.0,0.0,0.0,1.0,0.0,0.0,0.0,PLAY_BASIC_TO_BENCH,0.2,1.8,4,me,328
5.0,0.14285714285714285,0.6666666666666666,1.0,0.0,6.0,6.0,1.0,6.0,0.0,0.0,0.0,0.0,1.0,0.0,0.0,0.0,PLAY_BASIC_TO_BENCH,0.2,1.1,5,me,328
6.0,1.0,0.6666666666666666,1.0,0.0,6.0,5.0,1.0,5.0,0.0,0.0,0.0,1.0,0.0,0.0,0.0,0.0,PLAY_SUPPORTER,0.4,0.0,6,me,328
7.0,0.6666666666666666,0.6666666666666666,1.0,0.0,6.0,5.0,1.0,4.0,0.0,0.0,0.0,1.0,0.0,0.0,0.0,0.0,PLAY_SUPPORTER,0.4,0.0,7,me,328
8.0,0.5555555555555556,0.6666666666666666,1.0,0.0,6.0,5.0,1.0,3.0,0.0,0.0,0.0,1.0,0.0,0.0,0.0,0.0,PLAY_SUPPORTER,0.4,0.0,8,me,328
9.0,0.4444444444444444,0.6666666666666666,1.0,0.0,6.0,5.0,1.0,2.0,0.0,0.0,0.0,1.0,0.0,0.0,0.0,0.0,PLAY_SUPPORTER,0.4,0.0,9,me,328
10.0,0.2222222222222222,0.6666666666666666,1.0,0.0,6.0,5.0,1.0,1.0,0.0,1.0,0.0,0.0,0.0,0.0,0.0,0.0,RETREAT,-0.1,0.0,10,me,328
11.0,0.6666666666666666,0.6666666666666666,1.0,0.0,6.0,5.0,1.0,1.0,0.0,0.0,1.0,0.0,0.0,0.0,0.0,0.0,ATTACH_ENERGY,0.3,0.2999999999999998,11,me,328
12.0,0.6666666666666666,0.6666666666666666,1.0,0.0,6.0,5.0,0.0,1.0,0.0,0.0,0.0,1.0,0.0,0.0,0.0,0.0,PLAY_SUPPORTER,0.4,0.0,12,me,328
13.0,0.2222222222222222,0.6666666666666666,0.0,0.0,6.0,4.0,0.0,0.0,1.0,0.0,0.0,0.0,0.0,0.0,0.0,0.0,ATTACK,1.5,0.2999999999999998,13,me,328
14.0,0.1111111111111111,0.4166666666666667,0.0,0.0,6.0,4.0,0.0,0.0,1.0,0.0,0.0,0.0,0.0,0.0,0.0,0.0,ATTACK,1.5,0.3000000000000007,14,me,328
15.0,0.1111111111111111,0.16666666666666666,0.0,0.0,6.0,4.0,0.0,0.0,1.0,0.0,0.0,0.0,0.0,0.0,0.0,0.0,ATTACK,6.5,-2.8000000000000003,15,me,328
1.0,1.0,1.0,2.0,2.0,6.0,6.0,2.0,5.0,0.0,0.0,1.0,0.0,0.0,0.0,0.0,0.0,ATTACH_ENERGY,0.3,0.7000000000000002,1,opponent,329
2.0,1.0,1.0,2.0,2.0,6.0,6.0,1.0,5.0,1.0,0.0,0.0,0.0,0.0,0.0,0.0,0.0,ATTACK,1.0,0.19999999999999996,2,opponent,329
3.0,0.8,0.8571428571428571,2.0,2.0,6.0,6.0,1.0,5.0,1.0,0.0,0.0,0.0,0.0,0.0,0.0,0.0,ATTACK,1.0,0.19999999999999996,3,opponent,329
4.0,0.4,0.7142857142857143,2.0,2.0,6.0,6.0,1.0,5.0,1.0,0.0,0.0,0.0,0.0,0.0,0.0,0.0,ATTACK,1.0,0.19999999999999996,4,opponent,329
5.0,0.4,0.5714285714285714,2.0,2.0,6.0,6.0,1.0,5.0,1.0,0.0,0.0,0.0,0.0,0.0,0.0,0.0,ATTACK,1.0,0.2,5,opponent,329
6.0,0.4,0.42857142857142855,2.0,2.0,6.0,6.0,1.0,5.0,1.0,0.0,0.0,0.0,0.0,0.0,0.0,0.0,ATTACK,1.0,0.19999999999999996,6,opponent,329
7.0,0.1,0.2857142857142857,2.0,2.0,6.0,6.0,1.0,5.0,0.0,1.0,0.0,0.0,0.0,0.0,0.0,0.0,RETREAT,-0.1,0.0,7,opponent,329
8.0,0.5,0.2857142857142857,2.0,2.0,6.0,6.0,1.0,5.0,0.0,0.0,0.0,1.0,0.0,0.0,0.0,0.0,PLAY_SUPPORTER,0.4,0.0,8,opponent,329
9.0,0.5,0.2857142857142857,2.0,2.0,6.0,6.0,1.0,4.0,0.0,0.0,0.0,1.0,0.0,0.0,0.0,0.0,PLAY_SUPPORTER,0.4,0.0,9,opponent,329
10.0,0.25,0.2857142857142857,2.0,2.0,6.0,6.0,1.0,3.0,0.0,1.0,0.0,0.0,0.0,0.0,0.0,0.0,RETREAT,-0.1,0.0,10,opponent,329
11.0,0.25,0.2857142857142857,1.0,2.0,6.0,5.0,1.0,3.0,0.0,1.0,0.0,0.0,0.0,0.0,0.0,0.0,RETREAT,-0.1,0.0,11,opponent,329
12.0,0.875,0.2857142857142857,1.0,2.0,6.0,5.0,1.0,3.0,0.0,0.0,0.0,1.0,0.0,0.0,0.0,0.0,PLAY_SUPPORTER,0.4,0.0,12,opponent,329
13.0,0.625,0.2857142857142857,1.0,2.0,6.0,5.0,1.0,2.0,0.0,0.0,0.0,1.0,0.0,0.0,0.0,0.0,PLAY_SUPPORTER,0.4,0.0,13,opponent,329
14.0,0.25,0.2857142857142857,1.0,2.0,6.0,5.0,1.0,1.0,0.0,1.0,0.0,0.0,0.0,0.0,0.0,0.0,RETREAT,-0.1,0.0,14,opponent,329
15.0,0.125,0.2857142857142857,1.0,2.0,6.0,5.0,1.0,1.0,0.0,1.0,0.0,0.0,0.0,0.0,0.0,0.0,RETREAT,-0.1,0.0,15,opponent,329
16.0,0.125,0.2857142857142857,0.0,2.0,6.0,4.0,1.0,1.0,0.0,0.0,0.0,1.0,0.0,0.0,0.0,0.0,PLAY_SUPPORTER,0.4,0.0,16,opponent,329
1.0,1.0,1.0,1.0,3.0,6.0,6.0,2.0,4.0,0.0,0.0,1.0,0.0,0.0,0.0,0.0,0.0,ATTACH_ENERGY,0.3,0.7000000000000002,1,opponent,330
2.0,0.6666666666666666,1.0,1.0,3.0,6.0,6.0,1.0,4.0,1.0,0.0,0.0,0.0,0.0,0.0,0.0,0.0,ATTACK,1.5,0.2999999999999998,2,opponent,330
3.0,0.5,0.7857142857142857,1.0,3.0,6.0,6.0,1.0,4.0,1.0,0.0,0.0,0.0,0.0,0.0,0.0,0.0,ATTACK,1.5,0.2999999999999998,3,opponent,330
4.0,1.0,0.5714285714285714,0.0,3.0,6.0,5.0,1.0,4.0,0.0,0.0,0.0,1.0,0.0,0.0,0.0,0.0,PLAY_SUPPORTER,0.4,0.0,4,opponent,330
5.0,0.75,0.5714285714285714,0.0,3.0,6.0,5.0,1.0,3.0,0.0,0.0,0.0,1.0,0.0,0.0,0.0,0.0,PLAY_SUPPORTER,0.4,0.0,5,opponent,330
6.0,0.6666666666666666,0.5714285714285714,0.0,3.0,6.0,5.0,1.0,2.0,0.0,0.0,0.0,1.0,0.0,0.0,0.0,0.0,PLAY_SUPPORTER,0.4,0.0,6,opponent,330
7.0,0.5833333333333334,0.5714285714285714,0.0,3.0,6.0,5.0,1.0,1.0,0.0,0.0,0.0,1.0,0.0,0.0,0.0,0.0,PLAY_SUPPORTER,0.4,0.0,7,opponent,330
8.0,0.5,0.5714285714285714,0.0,3.0,6.0,5.0,1.0,0.0,0.0,0.0,1.0,0.0,0.0,0.0,0.0,0.0,ATTACH_ENERGY,0.3,0.30000000000000004,8,opponent,330
9.0,0.5,0.5714285714285714,0.0,3.0,6.0,5.0,0.0,0.0,1.0,0.0,0.0,0.0,0.0,0.0,0.0,0.0,ATTACK,1.0,0.20000000000000018,9,opponent,330
10.0,0.25,0.42857142857142855,0.0,3.0,6.0,5.0,0.0,0.0,1.0,0.0,0.0,0.0,0.0,0.0,0.0,0.0,ATTACK,1.0,0.19999999999999973,10,opponent,330
1.0,1.0,1.0,0.0,1.0,6.0,6.0,2.0,3.0,0.0,0.0,1.0,0.0,0.0,0.0,0.0,0.0,ATTACH_ENERGY,0.3,0.7000000000000001,1,opponent,331
2.0,0.8,1.0,0.0,1.0,6.0,6.0,1.0,3.0,1.0,0.0,0.0,0.0,0.0,0.0,0.0,0.0,ATTACK,1.0,0.19999999999999996,2,opponent,331
3.0,0.7,0.75,0.0,1.0,6.0,6.0,1.0,3.0,1.0,0.0,0.0,0.0,0.0,0.0,0.0,0.0,ATTACK,1.0,0.20000000000000018,3,opponent,331
4.0,0.3,0.5,0.0,1.0,6.0,6.0,1.0,3.0,0.0,0.0,1.0,0.0,0.0,0.0,0.0,0.0,ATTACH_ENERGY,0.3,0.7,4,opponent,331
1.0,1.0,1.0,0.0,0.0,6.0,6.0,1.0,5.0,0.0,0.0,0.0,0.0,1.0,0.0,0.0,0.0,PLAY_BASIC_TO_BENCH,0.2,1.7000000000000002,1,opponent,332
2.0,0.7142857142857143,1.0,1.0,0.0,6.0,6.0,1.0,4.0,0.0,0.0,1.0,0.0,0.0,0.0,0.0,0.0,ATTACH_ENERGY,0.3,0.7000000000000002,2,opponent,332
3.0,0.5,1.0,1.0,0.0,6.0,6.0,0.0,4.0,1.0,0.0,0.0,0.0,0.0,0.0,0.0,0.0,ATTACK,0.5,0.09999999999999964,3,opponent,332
4.0,0.42857142857142855,0.8888888888888888,1.0,0.0,6.0,6.0,0.0,4.0,0.0,0.0,0.0,1.0,0.0,0.0,0.0,0.0,PLAY_SUPPORTER,0.4,0.0,4,opponent,332
5.0,0.42857142857142855,0.8888888888888888,1.0,0.0,6.0,6.0,0.0,3.0,1.0,0.0,0.0,0.0,0.0,0.0,0.0,0.0,ATTACK,0.5,0.09999999999999987,5,opponent,332
6.0,0.2857142857142857,0.7777777777777778,1.0,0.0,6.0,6.0,0.0,3.0,0.0,1.0,0.0,0.0,0.0,0.0,0.0,0.0,RETREAT,-0.1,0.0,6,opponent,332
7.0,0.625,0.7777777777777778,1.0,0.0,6.0,6.0,0.0,3.0,0.0,0.0,0.0,1.0,0.0,0.0,0.0,0.0,PLAY_SUPPORTER,0.4,0.0,7,opponent,332
8.0,0.25,0.7777777777777778,1.0,0.0,6.0,6.0,0.0,2.0,0.0,1.0,0.0,0.0,0.0,0.0,0.0,0.0,RETREAT,-0.1,0.0,8,opponent,332
9.0,0.07142857142857142,0.7777777777777778,1.0,0.0,6.0,6.0,0.0,2.0,0.0,0.0,0.0,0.0,1.0,0.0,0.0,0.0,PLAY_BASIC_TO_BENCH,0.2,1.2000000000000002,9,opponent,332
10.0,0.25,0.7777777777777778,1.0,0.0,6.0,5.0,0.0,1.0,0.0,0.0,0.0,1.0,0.0,0.0,0.0,0.0,PLAY_SUPPORTER,0.4,0.0,10,opponent,332
11.0,1.0,0.7777777777777778,0.0,0.0,6.0,4.0,0.0,0.0,0.0,0.0,0.0,0.0,0.0,0.0,0.0,1.0,PASS_TURN,0.0,0.0,11,opponent,332
12.0,0.5714285714285714,0.7777777777777778,0.0,0.0,6.0,4.0,0.0,0.0,0.0,0.0,0.0,0.0,0.0,0.0,0.0,1.0,PASS_TURN,0.0,0.0,12,opponent,332
1.0,1.0,1.0,3.0,1.0,6.0,6.0,2.0,3.0,0.0,0.0,1.0,0.0,0.0,0.0,0.0,0.0,ATTACH_ENERGY,0.3,0.7000000000000011,1,opponent,333
2.0,0.8333333333333334,1.0,3.0,1.0,6.0,6.0,1.0,3.0,0.0,1.0,0.0,0.0,0.0,0.0,0.0,0.0,RETREAT,-0.1,0.0,2,opponent,333
3.0,0.9166666666666666,1.0,3.0,1.0,6.0,6.0,1.0,3.0,0.0,0.0,1.0,0.0,0.0,0.0,0.0,0.0,ATTACH_ENERGY,0.3,0.7000000000000002,3,opponent,333
4.0,0.75,1.0,3.0,1.0,6.0,6.0,0.0,3.0,0.0,0.0,0.0,0.0,0.0,0.0,0.0,1.0,PASS_TURN,0.0,0.0,4,opponent,333
5.0,0.5833333333333334,1.0,3.0,1.0,6.0,6.0,0.0,3.0,0.0,0.0,0.0,1.0,0.0,0.0,0.0,0.0,PLAY_SUPPORTER,0.4,0.0,5,opponent,333
6.0,0.4166666666666667,1.0,3.0,1.0,6.0,6.0,0.0,2.0,0.0,0.0,0.0,1.0,0.0,0.0,0.0,0.0,PLAY_SUPPORTER,0.4,0.0,6,opponent,333
7.0,0.25,1.0,3.0,1.0,6.0,6.0,0.0,1.0,0.0,1.0,0.0,0.0,0.0,0.0,0.0,0.0,RETREAT,-0.1,0.0,7,opponent,333
8.0,0.6666666666666666,1.0,3.0,1.0,6.0,6.0,0.0,1.0,1.0,0.0,0.0,0.0,0.0,0.0,0.0,0.0,ATTACK,0.5,0.10000000000000009,8,opponent,333
9.0,0.25,0.8333333333333334,2.0,1.0,6.0,5.0,0.0,1.0,0.0,0.0,0.0,1.0,0.0,0.0,0.0,0.0,PLAY_SUPPORTER,0.4,0.0,9,opponent,333
10.0,0.08333333333333333,0.8333333333333334,2.0,1.0,6.0,5.0,0.0,0.0,0.0,1.0,0.0,0.0,0.0,0.0,0.0,0.0,RETREAT,-0.1,0.0,10,opponent,333
11.0,0.7,0.8333333333333334,2.0,1.0,6.0,5.0,0.0,0.0,0.0,0.0,0.0,0.0,0.0,0.0,0.0,1.0,PASS_TURN,0.0,0.0,11,opponent,333
12.0,0.3,0.8333333333333334,2.0,1.0,6.0,5.0,0.0,0.0,0.0,0.0,0.0,0.0,0.0,0.0,0.0,1.0,PASS_TURN,0.0,0.0,12,opponent,333
13.0,0.08333333333333333,0.8333333333333334,1.0,1.0,6.0,4.0,0.0,0.0,0.0,1.0,0.0,0.0,0.0,0.0,0.0,0.0,RETREAT,-0.1,0.0,13,opponent,333
14.0,0.8571428571428571,0.8333333333333334,1.0,1.0,6.0,4.0,0.0,0.0,0.0,0.0,0.0,0.0,0.0,0.0,0.0,1.0,PASS_TURN,0.0,0.0,14,opponent,333
15.0,0.7857142857142857,0.8333333333333334,1.0,1.0,6.0,4.0,0.0,0.0,0.0,0.0,0.0,0.0,0.0,0.0,0.0,1.0,PASS_TURN,0.0,0.0,15,opponent,333
16.0,0.7857142857142857,0.8333333333333334,1.0,1.0,6.0,4.0,0.0,0.0,0.0,0.0,0.0,0.0,0.0,0.0,0.0,1.0,PASS_TURN,0.0,0.0,16,opponent,333
17.0,0.5714285714285714,0.8333333333333334,1.0,1.0,6.0,4.0,0.0,0.0,0.0,0.0,0.0,0.0,0.0,0.0,0.0,1.0,PASS_TURN,0.0,0.0,17,opponent,333
18.0,0.35714285714285715,0.8333333333333334,1.0,1.0,6.0,4.0,0.0,0.0,0.0,0.0,0.0,0.0,0.0,0.0,0.0,1.0,PASS_TURN,0.0,0.0,18,opponent,333
19.0,0.35714285714285715,0.8333333333333334,1.0,1.0,6.0,4.0,0.0,0.0,0.0,0.0,0.0,0.0,0.0,0.0,0.0,1.0,PASS_TURN,0.0,0.0,19,opponent,333
20.0,0.14285714285714285,0.8333333333333334,1.0,1.0,6.0,4.0,0.0,0.0,0.0,1.0,0.0,0.0,0.0,0.0,0.0,0.0,RETREAT,-0.1,0.0,20,opponent,333
21.0,0.14285714285714285,0.8333333333333334,0.0,1.0,6.0,3.0,0.0,0.0,0.0,0.0,0.0,0.0,0.0,0.0,0.0,1.0,PASS_TURN,0.0,0.0,21,opponent,333
1.0,1.0,1.0,0.0,0.0,6.0,6.0,0.0,3.0,0.0,0.0,0.0,1.0,0.0,0.0,0.0,0.0,PLAY_SUPPORTER,0.4,0.0,1,opponent,334
2.0,1.0,1.0,0.0,0.0,6.0,6.0,0.0,2.0,0.0,0.0,0.0,1.0,0.0,0.0,0.0,0.0,PLAY_SUPPORTER,0.4,0.0,2,opponent,334
3.0,0.8,1.0,0.0,0.0,6.0,6.0,0.0,1.0,0.0,0.0,0.0,1.0,0.0,0.0,0.0,0.0,PLAY_SUPPORTER,0.4,0.0,3,opponent,334
4.0,0.7,1.0,0.0,0.0,6.0,6.0,0.0,0.0,0.0,0.0,0.0,0.0,0.0,0.0,0.0,1.0,PASS_TURN,0.0,0.0,4,opponent,334
5.0,0.7,1.0,0.0,0.0,6.0,6.0,0.0,0.0,0.0,0.0,0.0,0.0,0.0,0.0,0.0,1.0,PASS_TURN,0.0,0.0,5,opponent,334
6.0,0.5,1.0,0.0,0.0,6.0,6.0,0.0,0.0,0.0,0.0,0.0,0.0,0.0,0.0,0.0,1.0,PASS_TURN,0.0,0.0,6,opponent,334
7.0,0.3,1.0,0.0,0.0,6.0,6.0,0.0,0.0,0.0,0.0,0.0,0.0,0.0,0.0,0.0,1.0,PASS_TURN,0.0,0.0,7,opponent,334
1.0,1.0,1.0,2.0,0.0,6.0,6.0,0.0,2.0,0.0,0.0,0.0,1.0,0.0,0.0,0.0,0.0,PLAY_SUPPORTER,0.4,0.0,1,opponent,335
2.0,1.0,1.0,2.0,0.0,6.0,6.0,0.0,1.0,0.0,0.0,0.0,1.0,0.0,0.0,0.0,0.0,PLAY_SUPPORTER,0.4,0.0,2,opponent,335
3.0,0.9,1.0,2.0,0.0,6.0,6.0,0.0,0.0,0.0,0.0,0.0,0.0,0.0,0.0,0.0,1.0,PASS_TURN,0.0,0.0,3,opponent,335
4.0,0.5,1.0,2.0,0.0,6.0,6.0,0.0,0.0,0.0,1.0,0.0,0.0,0.0,0.0,0.0,0.0,RETREAT,-0.1,0.0,4,opponent,335
5.0,0.8888888888888888,1.0,2.0,0.0,6.0,6.0,0.0,0.0,0.0,0.0,0.0,0.0,0.0,0.0,0.0,1.0,PASS_TURN,0.0,0.0,5,opponent,335
6.0,0.7777777777777778,1.0,2.0,0.0,6.0,6.0,0.0,0.0,0.0,0.0,0.0,0.0,0.0,0.0,0.0,1.0,PASS_TURN,0.0,0.0,6,opponent,335
7.0,0.4444444444444444,1.0,2.0,0.0,6.0,6.0,0.0,0.0,0.0,0.0,0.0,0.0,0.0,0.0,0.0,1.0,PASS_TURN,0.0,0.0,7,opponent,335
8.0,1.0,1.0,1.0,0.0,6.0,5.0,0.0,0.0,0.0,0.0,0.0,0.0,0.0,0.0,0.0,1.0,PASS_TURN,0.0,0.0,8,opponent,335
9.0,1.0,1.0,1.0,0.0,6.0,5.0,0.0,0.0,0.0,0.0,0.0,0.0,0.0,0.0,0.0,1.0,PASS_TURN,0.0,0.0,9,opponent,335
10.0,0.8571428571428571,1.0,1.0,0.0,6.0,5.0,0.0,0.0,0.0,0.0,0.0,0.0,0.0,0.0,0.0,1.0,PASS_TURN,0.0,0.0,10,opponent,335
11.0,0.8571428571428571,1.0,1.0,0.0,6.0,5.0,0.0,0.0,0.0,0.0,0.0,0.0,0.0,0.0,0.0,1.0,PASS_TURN,0.0,0.0,11,opponent,335
12.0,0.42857142857142855,1.0,1.0,0.0,6.0,5.0,0.0,0.0,0.0,0.0,0.0,0.0,0.0,0.0,0.0,1.0,PASS_TURN,0.0,0.0,12,opponent,335
13.0,0.2857142857142857,1.0,1.0,0.0,6.0,5.0,0.0,0.0,0.0,1.0,0.0,0.0,0.0,0.0,0.0,0.0,RETREAT,-0.1,0.0,13,opponent,335
14.0,0.2,1.0,1.0,0.0,6.0,5.0,0.0,0.0,0.0,1.0,0.0,0.0,0.0,0.0,0.0,0.0,RETREAT,-0.1,0.0,14,opponent,335
15.0,0.2,1.0,0.0,0.0,6.0,4.0,0.0,0.0,0.0,0.0,0.0,0.0,0.0,0.0,0.0,1.0,PASS_TURN,0.0,0.0,15,opponent,335
1.0,1.0,1.0,0.0,0.0,6.0,6.0,3.0,5.0,0.0,0.0,1.0,0.0,0.0,0.0,0.0,0.0,ATTACH_ENERGY,0.3,0.7,1,opponent,336
2.0,0.9,1.0,0.0,0.0,6.0,6.0,2.0,5.0,0.0,0.0,1.0,0.0,0.0,0.0,0.0,0.0,ATTACH_ENERGY,0.3,0.7,2,opponent,336
3.0,0.5,1.0,0.0,0.0,6.0,6.0,1.0,5.0,0.0,0.0,0.0,0.0,1.0,0.0,0.0,0.0,PLAY_BASIC_TO_BENCH,0.2,1.8000000000000003,3,opponent,336
4.0,0.2,1.0,1.0,0.0,6.0,6.0,1.0,4.0,0.0,1.0,0.0,0.0,0.0,0.0,0.0,0.0,RETREAT,-0.1,0.0,4,opponent,336
5.0,0.6666666666666666,1.0,1.0,0.0,6.0,6.0,1.0,4.0,0.0,0.0,0.0,1.0,0.0,0.0,0.0,0.0,PLAY_SUPPORTER,0.4,0.0,5,opponent,336
6.0,0.6666666666666666,1.0,1.0,0.0,6.0,6.0,1.0,3.0,0.0,0.0,0.0,1.0,0.0,0.0,0.0,0.0,PLAY_SUPPORTER,0.4,0.0,6,opponent,336
7.0,0.4444444444444444,1.0,1.0,0.0,6.0,6.0,1.0,2.0,0.0,0.0,0.0,1.0,0.0,0.0,0.0,0.0,PLAY_SUPPORTER,0.4,0.0,7,opponent,336
8.0,0.1111111111111111,1.0,1.0,0.0,6.0,6.0,1.0,1.0,0.0,1.0,0.0,0.0,0.0,0.0,0.0,0.0,RETREAT,-0.1,0.0,8,opponent,336
9.0,0.1111111111111111,1.0,0.0,0.0,6.0,5.0,1.0,1.0,0.0,0.0,0.0,1.0,0.0,0.0,0.0,0.0,PLAY_SUPPORTER,0.4,0.0,9,opponent,336
1.0,1.0,1.0,0.0,2.0,6.0,6.0,0.0,6.0,0.0,0.0,0.0,1.0,0.0,0.0,0.0,0.0,PLAY_SUPPORTER,0.4,0.0,1,opponent,337
2.0,0.7777777777777778,1.0,0.0,2.0,6.0,6.0,0.0,5.0,0.0,0.0,0.0,1.0,0.0,0.0,0.0,0.0,PLAY_SUPPORTER,0.4,0.0,2,opponent,337
3.0,0.7777777777777778,1.0,0.0,2.0,6.0,6.0,0.0,4.0,0.0,0.0,0.0,1.0,0.0,0.0,0.0,0.0,PLAY_SUPPORTER,0.4,0.0,3,opponent,337
4.0,0.4444444444444444,1.0,0.0,2.0,6.0,6.0,0.0,3.0,0.0,0.0,0.0,1.0,0.0,0.0,0.0,0.0,PLAY_SUPPORTER,0.4,0.0,4,opponent,337
5.0,0.4444444444444444,1.0,0.0,2.0,6.0,6.0,0.0,2.0,0.0,0.0,0.0,0.0,0.0,0.0,0.0,1.0,PASS_TURN,0.0,0.0,5,opponent,337
6.0,0.4444444444444444,1.0,0.0,2.0,6.0,6.0,0.0,2.0,0.0,0.0,0.0,1.0,0.0,0.0,0.0,0.0,PLAY_SUPPORTER,0.4,0.0,6,opponent,337
7.0,0.4444444444444444,1.0,0.0,2.0,6.0,6.0,0.0,1.0,0.0,0.0,0.0,1.0,0.0,0.0,0.0,0.0,PLAY_SUPPORTER,0.4,0.0,7,opponent,337
8.0,0.2222222222222222,1.0,0.0,2.0,6.0,6.0,0.0,0.0,0.0,0.0,0.0,0.0,0.0,0.0,0.0,1.0,PASS_TURN,0.0,0.0,8,opponent,337
9.0,0.1111111111111111,1.0,0.0,2.0,6.0,6.0,0.0,0.0,0.0,0.0,0.0,0.0,0.0,0.0,0.0,1.0,PASS_TURN,0.0,0.0,9,opponent,337
1.0,1.0,1.0,3.0,3.0,6.0,6.0,0.0,6.0,0.0,0.0,0.0,1.0,0.0,0.0,0.0,0.0,PLAY_SUPPORTER,0.4,0.0,1,opponent,338
2.0,0.9,1.0,3.0,3.0,6.0,6.0,0.0,5.0,0.0,0.0,0.0,1.0,0.0,0.0,0.0,0.0,PLAY_SUPPORTER,0.4,0.0,2,opponent,338
3.0,0.5,1.0,3.0,3.0,6.0,6.0,0.0,4.0,0.0,1.0,0.0,0.0,0.0,0.0,0.0,0.0,RETREAT,-0.1,0.0,3,opponent,338
4.0,0.9285714285714286,1.0,3.0,3.0,6.0,6.0,0.0,4.0,0.0,0.0,0.0,1.0,0.0,0.0,0.0,0.0,PLAY_SUPPORTER,0.4,0.0,4,opponent,338
5.0,0.8571428571428571,1.0,3.0,3.0,6.0,6.0,0.0,3.0,0.0,0.0,0.0,1.0,0.0,0.0,0.0,0.0,PLAY_SUPPORTER,0.4,0.0,5,opponent,338
6.0,0.6428571428571429,1.0,3.0,3.0,6.0,6.0,0.0,2.0,0.0,1.0,0.0,0.0,0.0,0.0,0.0,0.0,RETREAT,-0.1,0.0,6,opponent,338
7.0,0.42857142857142855,1.0,3.0,3.0,6.0,6.0,0.0,2.0,0.0,0.0,0.0,1.0,0.0,0.0,0.0,0.0,PLAY_SUPPORTER,0.4,0.0,7,opponent,338
8.0,0.5,1.0,2.0,3.0,6.0,5.0,0.0,1.0,0.0,0.0,0.0,1.0,0.0,0.0,0.0,0.0,PLAY_SUPPORTER,0.4,0.0,8,opponent,338
9.0,0.2,1.0,2.0,3.0,6.0,5.0,0.0,0.0,0.0,1.0,0.0,0.0,0.0,0.0,0.0,0.0,RETREAT,-0.1,0.0,9,opponent,338
10.0,0.875,1.0,2.0,3.0,6.0,5.0,0.0,0.0,0.0,0.0,0.0,0.0,0.0,0.0,0.0,1.0,PASS_TURN,0.0,0.0,10,opponent,338
11.0,0.375,1.0,2.0,3.0,6.0,5.0,0.0,0.0,0.0,0.0,0.0,0.0,0.0,0.0,0.0,1.0,PASS_TURN,0.0,0.0,11,opponent,338
12.0,0.6428571428571429,1.0,1.0,3.0,6.0,4.0,0.0,0.0,0.0,0.0,0.0,0.0,0.0,0.0,0.0,1.0,PASS_TURN,0.0,0.0,12,opponent,338
13.0,0.6428571428571429,1.0,1.0,3.0,6.0,4.0,0.0,0.0,0.0,0.0,0.0,0.0,0.0,0.0,0.0,1.0,PASS_TURN,0.0,0.0,13,opponent,338
14.0,0.5,1.0,1.0,3.0,6.0,4.0,0.0,0.0,0.0,0.0,0.0,0.0,0.0,0.0,0.0,1.0,PASS_TURN,0.0,0.0,14,opponent,338
15.0,0.35714285714285715,1.0,1.0,3.0,6.0,4.0,0.0,0.0,0.0,0.0,0.0,0.0,0.0,0.0,0.0,1.0,PASS_TURN,0.0,0.0,15,opponent,338
16.0,0.07142857142857142,1.0,1.0,3.0,6.0,4.0,0.0,0.0,0.0,1.0,0.0,0.0,0.0,0.0,0.0,0.0,RETREAT,-0.1,0.0,16,opponent,338
17.0,0.2,1.0,1.0,3.0,6.0,4.0,0.0,0.0,0.0,1.0,0.0,0.0,0.0,0.0,0.0,0.0,RETREAT,-0.1,0.0,17,opponent,338
18.0,0.2,1.0,0.0,3.0,6.0,3.0,0.0,0.0,0.0,0.0,0.0,0.0,0.0,0.0,0.0,1.0,PASS_TURN,0.0,0.0,18,opponent,338
19.0,0.2,1.0,0.0,3.0,6.0,3.0,0.0,0.0,0.0,0.0,0.0,0.0,0.0,0.0,0.0,1.0,PASS_TURN,0.0,0.0,19,opponent,338
1.0,1.0,1.0,0.0,3.0,6.0,6.0,3.0,4.0,0.0,0.0,1.0,0.0,0.0,0.0,0.0,0.0,ATTACH_ENERGY,0.3,0.6999999999999997,1,opponent,339
2.0,1.0,1.0,0.0,3.0,6.0,6.0,2.0,4.0,1.0,0.0,0.0,0.0,0.0,0.0,0.0,0.0,ATTACK,1.5,0.3000000000000007,2,opponent,339
3.0,0.8571428571428571,0.5714285714285714,0.0,3.0,6.0,6.0,2.0,4.0,1.0,0.0,0.0,0.0,0.0,0.0,0.0,0.0,ATTACK,1.5,0.2999999999999998,3,opponent,339
4.0,0.8571428571428571,0.14285714285714285,0.0,3.0,6.0,6.0,2.0,4.0,1.0,0.0,0.0,0.0,0.0,0.0,0.0,0.0,ATTACK,6.5,-2.4,4,opponent,339
5.0,0.5714285714285714,1.0,0.0,2.0,5.0,6.0,2.0,4.0,1.0,0.0,0.0,0.0,0.0,0.0,0.0,0.0,ATTACK,1.5,0.2999999999999998,5,opponent,339
6.0,0.5,0.7857142857142857,0.0,2.0,5.0,6.0,2.0,4.0,1.0,0.0,0.0,0.0,0.0,0.0,0.0,0.0,ATTACK,1.5,0.2999999999999998,6,opponent,339
7.0,0.2857142857142857,0.5714285714285714,0.0,2.0,5.0,6.0,2.0,4.0,1.0,0.0,0.0,0.0,0.0,0.0,0.0,0.0,ATTACK,1.5,0.2999999999999998,7,opponent,339
1.0,1.0,1.0,0.0,3.0,6.0,6.0,2.0,6.0,0.0,0.0,1.0,0.0,0.0,0.0,0.0,0.0,ATTACH_ENERGY,0.3,0.7000000000000002,1,opponent,340
2.0,0.75,1.0,0.0,3.0,6.0,6.0,1.0,6.0,1.0,0.0,0.0,0.0,0.0,0.0,0.0,0.0,ATTACK,1.0,0.20000000000000018,2,opponent,340
3.0,0.75,0.8,0.0,3.0,6.0,6.0,1.0,6.0,1.0,0.0,0.0,0.0,0.0,0.0,0.0,0.0,ATTACK,1.0,0.19999999999999973,3,opponent,340
4.0,0.5833333333333334,0.6,0.0,3.0,6.0,6.0,1.0,6.0,1.0,0.0,0.0,0.0,0.0,0.0,0.0,0.0,ATTACK,1.0,0.19999999999999973,4,opponent,340
5.0,0.4166666666666667,0.4,0.0,3.0,6.0,6.0,1.0,6.0,1.0,0.0,0.0,0.0,0.0,0.0,0.0,0.0,ATTACK,1.0,0.20000000000000018,5,opponent,340
6.0,0.3333333333333333,0.2,0.0,3.0,6.0,6.0,1.0,6.0,1.0,0.0,0.0,0.0,0.0,0.0,0.0,0.0,ATTACK,6.0,-2.3,6,opponent,340
7.0,0.3333333333333333,1.0,0.0,2.0,5.0,6.0,1.0,6.0,0.0,0.0,0.0,1.0,0.0,0.0,0.0,0.0,PLAY_SUPPORTER,0.4,0.0,7,opponent,340
8.0,0.3333333333333333,1.0,0.0,2.0,5.0,6.0,1.0,5.0,0.0,0.0,0.0,1.0,0.0,0.0,0.0,0.0,PLAY_SUPPORTER,0.4,0.0,8,opponent,340
1.0,1.0,1.0,1.0,3.0,6.0,6.0,3.0,5.0,0.0,0.0,1.0,0.0,0.0,0.0,0.0,0.0,ATTACH_ENERGY,0.3,0.7000000000000002,1,opponent,341
2.0,0.7777777777777778,1.0,1.0,3.0,6.0,6.0,2.0,5.0,1.0,0.0,0.0,0.0,0.0,0.0,0.0,0.0,ATTACK,1.0,0.19999999999999996,2,opponent,341
3.0,0.6666666666666666,0.7777777777777778,1.0,3.0,6.0,6.0,2.0,5.0,1.0,0.0,0.0,0.0,0.0,0.0,0.0,0.0,ATTACK,1.0,0.19999999999999973,3,opponent,341
4.0,0.5555555555555556,0.5555555555555556,1.0,3.0,6.0,6.0,2.0,5.0,1.0,0.0,0.0,0.0,0.0,0.0,0.0,0.0,ATTACK,1.0,0.20000000000000018,4,opponent,341
5.0,0.5555555555555556,0.3333333333333333,1.0,3.0,6.0,6.0,2.0,5.0,1.0,0.0,0.0,0.0,0.0,0.0,0.0,0.0,ATTACK,1.0,0.19999999999999996,5,opponent,341
6.0,0.5555555555555556,0.1111111111111111,1.0,3.0,6.0,6.0,2.0,5.0,1.0,0.0,0.0,0.0,0.0,0.0,0.0,0.0,ATTACK,6.0,-2.4000000000000004,6,opponent,341
7.0,0.3333333333333333,1.0,1.0,2.0,5.0,6.0,2.0,5.0,0.0,0.0,1.0,0.0,0.0,0.0,0.0,0.0,ATTACH_ENERGY,0.3,0.30000000000000027,7,opponent,341
8.0,0.1111111111111111,1.0,1.0,2.0,5.0,6.0,1.0,5.0,0.0,1.0,0.0,0.0,0.0,0.0,0.0,0.0,RETREAT,-0.1,0.0,8,opponent,341
9.0,0.7777777777777778,1.0,1.0,2.0,5.0,6.0,1.0,5.0,0.0,0.0,0.0,1.0,0.0,0.0,0.0,0.0,PLAY_SUPPORTER,0.4,0.0,9,opponent,341
10.0,0.3333333333333333,1.0,1.0,2.0,5.0,6.0,1.0,4.0,0.0,0.0,0.0,1.0,0.0,0.0,0.0,0.0,PLAY_SUPPORTER,0.4,0.0,10,opponent,341
11.0,0.1111111111111111,1.0,0.0,2.0,5.0,5.0,1.0,3.0,0.0,0.0,0.0,1.0,0.0,0.0,0.0,0.0,PLAY_SUPPORTER,0.4,0.0,11,opponent,341
1.0,1.0,1.0,1.0,3.0,6.0,6.0,2.0,2.0,0.0,0.0,1.0,0.0,0.0,0.0,0.0,0.0,ATTACH_ENERGY,0.3,0.6999999999999997,1,opponent,342
2.0,0.7142857142857143,1.0,1.0,3.0,6.0,6.0,1.0,2.0,1.0,0.0,0.0,0.0,0.0,0.0,0.0,0.0,ATTACK,1.0,0.1999999999999993,2,opponent,342
3.0,0.2857142857142857,0.8333333333333334,1.0,3.0,6.0,6.0,1.0,2.0,0.0,1.0,0.0,0.0,0.0,0.0,0.0,0.0,RETREAT,-0.1,0.0,3,opponent,342
4.0,1.0,0.8333333333333334,1.0,3.0,6.0,6.0,1.0,2.0,0.0,0.0,0.0,1.0,0.0,0.0,0.0,0.0,PLAY_SUPPORTER,0.4,0.0,4,opponent,342
5.0,0.875,0.8333333333333334,1.0,3.0,6.0,6.0,1.0,1.0,0.0,0.0,0.0,1.0,0.0,0.0,0.0,0.0,PLAY_SUPPORTER,0.4,0.0,5,opponent,342
6.0,0.5,0.8333333333333334,1.0,3.0,6.0,6.0,1.0,0.0,0.0,0.0,1.0,0.0,0.0,0.0,0.0,0.0,ATTACH_ENERGY,0.3,0.30000000000000027,6,opponent,342
7.0,0.2857142857142857,0.8333333333333334,0.0,3.0,6.0,5.0,0.0,0.0,0.0,0.0,0.0,0.0,0.0,0.0,0.0,1.0,PASS_TURN,0.0,0.0,7,opponent,342
1.0,1.0,1.0,3.0,2.0,6.0,6.0,1.0,3.0,0.0,0.0,1.0,0.0,0.0,0.0,0.0,0.0,ATTACH_ENERGY,0.3,0.6999999999999997,1,opponent,343
2.0,0.8,1.0,3.0,2.0,6.0,6.0,0.0,3.0,1.0,0.0,0.0,0.0,0.0,0.0,0.0,0.0,ATTACK,0.5,0.10000000000000053,2,opponent,343
3.0,0.5,0.9,3.0,2.0,6.0,6.0,0.0,3.0,1.0,0.0,0.0,0.0,0.0,0.0,0.0,0.0,ATTACK,0.5,0.10000000000000009,3,opponent,343
4.0,0.4,0.8,3.0,2.0,6.0,6.0,0.0,3.0,1.0,0.0,0.0,0.0,0.0,0.0,0.0,0.0,ATTACK,0.5,0.10000000000000009,4,opponent,343
5.0,0.3,0.7,3.0,2.0,6.0,6.0,0.0,3.0,0.0,0.0,0.0,1.0,0.0,0.0,0.0,0.0,PLAY_SUPPORTER,0.4,0.0,5,opponent,343
6.0,0.1,0.7,3.0,2.0,6.0,6.0,0.0,2.0,0.0,1.0,0.0,0.0,0.0,0.0,0.0,0.0,RETREAT,-0.1,0.0,6,opponent,343
7.0,0.8333333333333334,0.7,3.0,2.0,6.0,6.0,0.0,2.0,0.0,1.0,0.0,0.0,0.0,0.0,0.0,0.0,RETREAT,-0.1,0.0,7,opponent,343
8.0,0.8333333333333334,0.7,2.0,2.0,6.0,5.0,0.0,2.0,0.0,0.0,0.0,1.0,0.0,0.0,0.0,0.0,PLAY_SUPPORTER,0.4,0.0,8,opponent,343
9.0,0.5833333333333334,0.7,2.0,2.0,6.0,5.0,0.0,1.0,0.0,0.0,0.0,1.0,0.0,0.0,0.0,0.0,PLAY_SUPPORTER,0.4,0.0,9,opponent,343
10.0,0.4166666666666667,0.7,2.0,2.0,6.0,5.0,0.0,0.0,0.0,1.0,0.0,0.0,0.0,0.0,0.0,0.0,RETREAT,-0.1,0.0,10,opponent,343
11.0,0.625,0.7,2.0,2.0,6.0,5.0,0.0,0.0,0.0,0.0,0.0,0.0,0.0,0.0,0.0,1.0,PASS_TURN,0.0,0.0,11,opponent,343
12.0,0.25,0.7,2.0,2.0,6.0,5.0,0.0,0.0,0.0,1.0,0.0,0.0,0.0,0.0,0.0,0.0,RETREAT,-0.1,0.0,12,opponent,343
13.0,0.3333333333333333,0.7,2.0,2.0,6.0,5.0,0.0,0.0,0.0,0.0,0.0,0.0,0.0,0.0,0.0,1.0,PASS_TURN,0.0,0.0,13,opponent,343
14.0,0.25,0.7,2.0,2.0,6.0,5.0,0.0,0.0,0.0,1.0,0.0,0.0,0.0,0.0,0.0,0.0,RETREAT,-0.1,0.0,14,opponent,343
15.0,0.25,0.7,2.0,2.0,6.0,5.0,0.0,0.0,0.0,1.0,0.0,0.0,0.0,0.0,0.0,0.0,RETREAT,-0.1,0.0,15,opponent,343
16.0,0.08333333333333333,0.7,2.0,2.0,6.0,5.0,0.0,0.0,0.0,1.0,0.0,0.0,0.0,0.0,0.0,0.0,RETREAT,-0.1,0.0,16,opponent,343
17.0,0.08333333333333333,0.7,1.0,2.0,6.0,4.0,0.0,0.0,0.0,1.0,0.0,0.0,0.0,0.0,0.0,0.0,RETREAT,-0.1,0.0,17,opponent,343
18.0,0.3333333333333333,0.7,1.0,2.0,6.0,4.0,0.0,0.0,0.0,0.0,0.0,0.0,0.0,0.0,0.0,1.0,PASS_TURN,0.0,0.0,18,opponent,343
19.0,0.08333333333333333,0.7,0.0,2.0,6.0,3.0,0.0,0.0,0.0,0.0,0.0,0.0,0.0,0.0,0.0,1.0,PASS_TURN,0.0,0.0,19,opponent,343
20.0,0.08333333333333333,0.7,0.0,2.0,6.0,3.0,0.0,0.0,0.0,0.0,0.0,0.0,0.0,0.0,0.0,1.0,PASS_TURN,0.0,0.0,20,opponent,343
21.0,0.08333333333333333,0.7,0.0,2.0,6.0,3.0,0.0,0.0,0.0,0.0,0.0,0.0,0.0,0.0,0.0,1.0,PASS_TURN,0.0,0.0,21,opponent,343
1.0,1.0,1.0,1.0,3.0,6.0,6.0,3.0,4.0,0.0,0.0,1.0,0.0,0.0,0.0,0.0,0.0,ATTACH_ENERGY,0.3,0.6999999999999997,1,opponent,344
2.0,0.3333333333333333,1.0,1.0,3.0,6.0,6.0,2.0,4.0,0.0,0.0,1.0,0.0,0.0,0.0,0.0,0.0,ATTACH_ENERGY,0.3,0.7000000000000006,2,opponent,344
3.0,1.0,1.0,0.0,3.0,6.0,5.0,1.0,4.0,0.0,0.0,0.0,0.0,0.0,0.0,0.0,1.0,PASS_TURN,0.0,0.0,3,opponent,344
4.0,0.9,1.0,0.0,3.0,6.0,5.0,1.0,4.0,0.0,0.0,0.0,1.0,0.0,0.0,0.0,0.0,PLAY_SUPPORTER,0.4,0.0,4,opponent,344
5.0,0.5,1.0,0.0,3.0,6.0,5.0,1.0,3.0,0.0,0.0,0.0,1.0,0.0,0.0,0.0,0.0,PLAY_SUPPORTER,0.4,0.0,5,opponent,344
6.0,0.2,1.0,0.0,3.0,6.0,5.0,1.0,2.0,0.0,0.0,0.0,0.0,1.0,0.0,0.0,0.0,PLAY_BASIC_TO_BENCH,0.2,1.1000000000000005,6,opponent,344
7.0,0.1,1.0,1.0,3.0,6.0,5.0,1.0,1.0,0.0,1.0,0.0,0.0,0.0,0.0,0.0,0.0,RETREAT,-0.1,0.0,7,opponent,344
8.0,1.0,1.0,1.0,3.0,6.0,5.0,1.0,1.0,0.0,0.0,0.0,0.0,1.0,0.0,0.0,0.0,PLAY_BASIC_TO_BENCH,0.2,1.2999999999999998,8,opponent,344
9.0,1.0,1.0,2.0,3.0,6.0,5.0,1.0,0.0,0.0,0.0,1.0,0.0,0.0,0.0,0.0,0.0,ATTACH_ENERGY,0.3,0.3,9,opponent,344
10.0,0.3333333333333333,1.0,2.0,3.0,6.0,5.0,0.0,0.0,0.0,1.0,0.0,0.0,0.0,0.0,0.0,0.0,RETREAT,-0.1,0.0,10,opponent,344
11.0,0.3333333333333333,1.0,1.0,3.0,6.0,4.0,0.0,0.0,1.0,0.0,0.0,0.0,0.0,0.0,0.0,0.0,ATTACK,1.5,0.30000000000000004,11,opponent,344
12.0,0.3333333333333333,0.7857142857142857,1.0,3.0,6.0,4.0,0.0,0.0,1.0,0.0,0.0,0.0,0.0,0.0,0.0,0.0,ATTACK,1.5,0.2999999999999998,12,opponent,344
13.0,0.3333333333333333,0.5714285714285714,1.0,3.0,6.0,4.0,0.0,0.0,1.0,0.0,0.0,0.0,0.0,0.0,0.0,0.0,ATTACK,1.5,0.2999999999999998,13,opponent,344
14.0,1.0,0.35714285714285715,0.0,3.0,6.0,3.0,0.0,0.0,0.0,0.0,0.0,0.0,0.0,0.0,0.0,1.0,PASS_TURN,0.0,0.0,14,opponent,344
15.0,0.75,0.35714285714285715,0.0,3.0,6.0,3.0,0.0,0.0,0.0,0.0,0.0,0.0,0.0,0.0,0.0,1.0,PASS_TURN,0.0,0.0,15,opponent,344
16.0,0.375,0.35714285714285715,0.0,3.0,6.0,3.0,0.0,0.0,0.0,0.0,0.0,0.0,0.0,0.0,0.0,1.0,PASS_TURN,0.0,0.0,16,opponent,344
17.0,0.125,0.35714285714285715,0.0,3.0,6.0,3.0,0.0,0.0,0.0,0.0,0.0,0.0,0.0,0.0,0.0,1.0,PASS_TURN,0.0,0.0,17,opponent,344
1.0,1.0,1.0,0.0,2.0,6.0,6.0,2.0,4.0,0.0,0.0,1.0,0.0,0.0,0.0,0.0,0.0,ATTACH_ENERGY,0.3,0.6999999999999997,1,opponent,345
2.0,0.8571428571428571,1.0,0.0,2.0,6.0,6.0,1.0,4.0,0.0,0.0,1.0,0.0,0.0,0.0,0.0,0.0,ATTACH_ENERGY,0.3,0.7000000000000002,2,opponent,345
3.0,0.7142857142857143,1.0,0.0,2.0,6.0,6.0,0.0,4.0,0.0,0.0,0.0,0.0,0.0,0.0,0.0,1.0,PASS_TURN,0.0,0.0,3,opponent,345
4.0,0.42857142857142855,1.0,0.0,2.0,6.0,6.0,0.0,4.0,1.0,0.0,0.0,0.0,0.0,0.0,0.0,0.0,ATTACK,0.5,0.10000000000000053,4,opponent,345
5.0,0.14285714285714285,0.9166666666666666,0.0,2.0,6.0,6.0,0.0,4.0,0.0,0.0,0.0,1.0,0.0,0.0,0.0,0.0,PLAY_SUPPORTER,0.4,0.0,5,opponent,345
1.0,1.0,1.0,1.0,2.0,6.0,6.0,1.0,5.0,0.0,0.0,1.0,0.0,0.0,0.0,0.0,0.0,ATTACH_ENERGY,0.3,0.7000000000000002,1,opponent,346
2.0,0.7142857142857143,1.0,1.0,2.0,6.0,6.0,0.0,5.0,0.0,1.0,0.0,0.0,0.0,0.0,0.0,0.0,RETREAT,-0.1,0.0,2,opponent,346
3.0,0.625,1.0,1.0,2.0,6.0,6.0,0.0,5.0,0.0,0.0,0.0,1.0,0.0,0.0,0.0,0.0,PLAY_SUPPORTER,0.4,0.0,3,opponent,346
4.0,0.25,1.0,1.0,2.0,6.0,6.0,0.0,4.0,0.0,1.0,0.0,0.0,0.0,0.0,0.0,0.0,RETREAT,-0.1,0.0,4,opponent,346
5.0,0.5,1.0,1.0,2.0,6.0,6.0,0.0,4.0,1.0,0.0,0.0,0.0,0.0,0.0,0.0,0.0,ATTACK,1.0,0.19999999999999973,5,opponent,346
6.0,0.21428571428571427,0.7777777777777778,1.0,2.0,6.0,6.0,0.0,4.0,0.0,1.0,0.0,0.0,0.0,0.0,0.0,0.0,RETREAT,-0.1,0.0,6,opponent,346
7.0,0.25,0.7777777777777778,1.0,2.0,6.0,6.0,0.0,4.0,0.0,1.0,0.0,0.0,0.0,0.0,0.0,0.0,RETREAT,-0.1,0.0,7,opponent,346
8.0,0.14285714285714285,0.7777777777777778,1.0,2.0,6.0,6.0,0.0,4.0,0.0,0.0,0.0,0.0,0.0,0.0,0.0,1.0,PASS_TURN,0.0,0.0,8,opponent,346
9.0,0.25,0.7777777777777778,0.0,2.0,6.0,5.0,0.0,4.0,0.0,0.0,0.0,1.0,0.0,0.0,0.0,0.0,PLAY_SUPPORTER,0.4,0.0,9,opponent,346
1.0,1.0,1.0,1.0,3.0,6.0,6.0,2.0,4.0,0.0,0.0,1.0,0.0,0.0,0.0,0.0,0.0,ATTACH_ENERGY,0.3,0.7000000000000002,1,opponent,347
2.0,1.0,1.0,1.0,3.0,6.0,6.0,1.0,4.0,0.0,0.0,0.0,0.0,0.0,0.0,0.0,1.0,PASS_TURN,0.0,0.0,2,opponent,347
3.0,0.8571428571428571,1.0,1.0,3.0,6.0,6.0,1.0,4.0,0.0,0.0,1.0,0.0,0.0,0.0,0.0,0.0,ATTACH_ENERGY,0.3,0.7000000000000006,3,opponent,347
4.0,0.2857142857142857,1.0,1.0,3.0,6.0,6.0,0.0,4.0,0.0,1.0,0.0,0.0,0.0,0.0,0.0,0.0,RETREAT,-0.1,0.0,4,opponent,347
5.0,0.5714285714285714,1.0,1.0,3.0,6.0,6.0,0.0,4.0,0.0,0.0,0.0,1.0,0.0,0.0,0.0,0.0,PLAY_SUPPORTER,0.4,0.0,5,opponent,347
6.0,0.5714285714285714,1.0,1.0,3.0,6.0,6.0,0.0,3.0,0.0,0.0,0.0,1.0,0.0,0.0,0.0,0.0,PLAY_SUPPORTER,0.4,0.0,6,opponent,347
7.0,0.5714285714285714,1.0,1.0,3.0,6.0,6.0,0.0,2.0,0.0,0.0,0.0,1.0,0.0,0.0,0.0,0.0,PLAY_SUPPORTER,0.4,0.0,7,opponent,347
8.0,0.14285714285714285,1.0,1.0,3.0,6.0,6.0,0.0,1.0,0.0,1.0,0.0,0.0,0.0,0.0,0.0,0.0,RETREAT,-0.1,0.0,8,opponent,347
9.0,0.14285714285714285,1.0,0.0,3.0,6.0,5.0,0.0,1.0,0.0,0.0,0.0,1.0,0.0,0.0,0.0,0.0,PLAY_SUPPORTER,0.4,0.0,9,opponent,347
1.0,1.0,1.0,3.0,3.0,6.0,6.0,2.0,4.0,0.0,0.0,1.0,0.0,0.0,0.0,0.0,0.0,ATTACH_ENERGY,0.3,0.6999999999999997,1,opponent,348
2.0,0.42857142857142855,1.0,3.0,3.0,6.0,6.0,1.0,4.0,1.0,0.0,0.0,0.0,0.0,0.0,0.0,0.0,ATTACK,1.5,0.30000000000000027,2,opponent,348
3.0,0.42857142857142855,0.625,3.0,3.0,6.0,6.0,1.0,4.0,1.0,0.0,0.0,0.0,0.0,0.0,0.0,0.0,ATTACK,1.5,0.2999999999999998,3,opponent,348
4.0,1.0,0.25,2.0,3.0,6.0,5.0,1.0,4.0,0.0,0.0,0.0,1.0,0.0,0.0,0.0,0.0,PLAY_SUPPORTER,0.4,0.0,4,opponent,348
5.0,0.7777777777777778,0.25,2.0,3.0,6.0,5.0,1.0,3.0,0.0,0.0,0.0,1.0,0.0,0.0,0.0,0.0,PLAY_SUPPORTER,0.4,0.0,5,opponent,348
6.0,0.6666666666666666,0.25,2.0,3.0,6.0,5.0,1.0,2.0,0.0,0.0,0.0,1.0,0.0,0.0,0.0,0.0,PLAY_SUPPORTER,0.4,0.0,6,opponent,348
7.0,0.4444444444444444,0.25,2.0,3.0,6.0,5.0,1.0,1.0,0.0,0.0,0.0,1.0,0.0,0.0,0.0,0.0,PLAY_SUPPORTER,0.4,0.0,7,opponent,348
8.0,0.1111111111111111,0.25,2.0,3.0,6.0,5.0,1.0,0.0,0.0,1.0,0.0,0.0,0.0,0.0,0.0,0.0,RETREAT,-0.1,0.0,8,opponent,348
9.0,1.0,0.25,2.0,3.0,6.0,5.0,1.0,0.0,0.0,0.0,1.0,0.0,0.0,0.0,0.0,0.0,ATTACH_ENERGY,0.3,0.2999999999999998,9,opponent,348
10.0,1.0,0.25,2.0,3.0,6.0,5.0,0.0,0.0,0.0,0.0,0.0,0.0,0.0,0.0,0.0,1.0,PASS_TURN,0.0,0.0,10,opponent,348
11.0,0.5,0.25,2.0,3.0,6.0,5.0,0.0,0.0,0.0,0.0,0.0,0.0,0.0,0.0,0.0,1.0,PASS_TURN,0.0,0.0,11,opponent,348
12.0,0.1111111111111111,0.25,1.0,3.0,6.0,4.0,0.0,0.0,0.0,1.0,0.0,0.0,0.0,0.0,0.0,0.0,RETREAT,-0.1,0.0,12,opponent,348
13.0,0.6666666666666666,0.25,1.0,3.0,6.0,4.0,0.0,0.0,1.0,0.0,0.0,0.0,0.0,0.0,0.0,0.0,ATTACK,6.0,-2.3,13,opponent,348
14.0,0.3333333333333333,1.0,1.0,2.0,5.0,4.0,0.0,0.0,1.0,0.0,0.0,0.0,0.0,0.0,0.0,0.0,ATTACK,1.0,0.19999999999999996,14,opponent,348
15.0,0.25,0.7142857142857143,1.0,2.0,5.0,4.0,0.0,0.0,0.0,1.0,0.0,0.0,0.0,0.0,0.0,0.0,RETREAT,-0.1,0.0,15,opponent,348
16.0,0.25,0.7142857142857143,0.0,2.0,5.0,3.0,0.0,0.0,1.0,0.0,0.0,0.0,0.0,0.0,0.0,0.0,ATTACK,1.0,0.20000000000000018,16,opponent,348
17.0,0.16666666666666666,0.42857142857142855,0.0,2.0,5.0,3.0,0.0,0.0,1.0,0.0,0.0,0.0,0.0,0.0,0.0,0.0,ATTACK,1.0,0.1999999999999993,17,opponent,348
1.0,1.0,1.0,0.0,0.0,6.0,6.0,0.0,2.0,0.0,0.0,0.0,1.0,0.0,0.0,0.0,0.0,PLAY_SUPPORTER,0.4,0.0,1,opponent,349
2.0,1.0,1.0,0.0,0.0,6.0,6.0,0.0,1.0,0.0,0.0,0.0,1.0,0.0,0.0,0.0,0.0,PLAY_SUPPORTER,0.4,0.0,2,opponent,349
3.0,1.0,1.0,0.0,0.0,6.0,6.0,0.0,0.0,0.0,0.0,0.0,0.0,0.0,0.0,0.0,1.0,PASS_TURN,0.0,0.0,3,opponent,349
4.0,0.42857142857142855,1.0,0.0,0.0,6.0,6.0,0.0,0.0,0.0,0.0,0.0,0.0,0.0,0.0,0.0,1.0,PASS_TURN,0.0,0.0,4,opponent,349
5.0,0.42857142857142855,1.0,0.0,0.0,6.0,6.0,0.0,0.0,0.0,0.0,0.0,0.0,0.0,0.0,0.0,1.0,PASS_TURN,0.0,0.0,5,opponent,349
6.0,0.42857142857142855,1.0,0.0,0.0,6.0,6.0,0.0,0.0,0.0,0.0,0.0,0.0,0.0,0.0,0.0,1.0,PASS_TURN,0.0,0.0,6,opponent,349
1.0,1.0,1.0,0.0,2.0,6.0,6.0,3.0,2.0,0.0,0.0,1.0,0.0,0.0,0.0,0.0,0.0,ATTACH_ENERGY,0.3,0.6999999999999997,1,opponent,350
2.0,0.7142857142857143,1.0,0.0,2.0,6.0,6.0,2.0,2.0,1.0,0.0,0.0,0.0,0.0,0.0,0.0,0.0,ATTACK,1.0,0.20000000000000018,2,opponent,350
3.0,0.42857142857142855,0.7777777777777778,0.0,2.0,6.0,6.0,2.0,2.0,0.0,0.0,0.0,1.0,0.0,0.0,0.0,0.0,PLAY_SUPPORTER,0.4,0.0,3,opponent,350
4.0,0.14285714285714285,0.7777777777777778,0.0,2.0,6.0,6.0,2.0,1.0,0.0,0.0,0.0,1.0,0.0,0.0,0.0,0.0,PLAY_SUPPORTER,0.4,0.0,4,opponent,350
5.0,0.14285714285714285,0.7777777777777778,0.0,2.0,6.0,6.0,2.0,0.0,0.0,0.0,1.0,0.0,0.0,0.0,0.0,0.0,ATTACH_ENERGY,0.3,0.30000000000000027,5,opponent,350
6.0,0.14285714285714285,0.7777777777777778,0.0,2.0,6.0,6.0,1.0,0.0,0.0,0.0,1.0,0.0,0.0,0.0,0.0,0.0,ATTACH_ENERGY,0.3,0.2999999999999998,6,opponent,350
1.0,1.0,1.0,2.0,2.0,6.0,6.0,0.0,7.0,0.0,0.0,0.0,1.0,0.0,0.0,0.0,0.0,PLAY_SUPPORTER,0.4,0.0,1,opponent,351
2.0,1.0,1.0,2.0,2.0,6.0,6.0,0.0,6.0,0.0,0.0,0.0,1.0,0.0,0.0,0.0,0.0,PLAY_SUPPORTER,0.4,0.0,2,opponent,351
3.0,1.0,1.0,2.0,2.0,6.0,6.0,0.0,5.0,0.0,0.0,0.0,0.0,0.0,0.0,0.0,1.0,PASS_TURN,0.0,0.0,3,opponent,351
4.0,0.5714285714285714,1.0,2.0,2.0,6.0,6.0,0.0,5.0,0.0,0.0,0.0,1.0,0.0,0.0,0.0,0.0,PLAY_SUPPORTER,0.4,0.0,4,opponent,351
5.0,0.14285714285714285,1.0,2.0,2.0,6.0,6.0,0.0,4.0,0.0,1.0,0.0,0.0,0.0,0.0,0.0,0.0,RETREAT,-0.1,0.0,5,opponent,351
6.0,0.7,1.0,2.0,2.0,6.0,6.0,0.0,4.0,0.0,0.0,0.0,0.0,1.0,0.0,0.0,0.0,PLAY_BASIC_TO_BENCH,0.2,1.9,6,opponent,351
7.0,0.4,1.0,3.0,2.0,6.0,6.0,0.0,3.0,0.0,0.0,0.0,1.0,0.0,0.0,0.0,0.0,PLAY_SUPPORTER,0.4,0.0,7,opponent,351
8.0,0.1,1.0,3.0,2.0,6.0,6.0,0.0,2.0,0.0,1.0,0.0,0.0,0.0,0.0,0.0,0.0,RETREAT,-0.1,0.0,8,opponent,351
9.0,0.1,1.0,2.0,2.0,6.0,5.0,0.0,2.0,0.0,1.0,0.0,0.0,0.0,0.0,0.0,0.0,RETREAT,-0.1,0.0,9,opponent,351
10.0,0.5714285714285714,1.0,2.0,2.0,6.0,5.0,0.0,2.0,0.0,0.0,0.0,1.0,0.0,0.0,0.0,0.0,PLAY_SUPPORTER,0.4,0.0,10,opponent,351
11.0,0.42857142857142855,1.0,2.0,2.0,6.0,5.0,0.0,1.0,0.0,0.0,0.0,1.0,0.0,0.0,0.0,0.0,PLAY_SUPPORTER,0.4,0.0,11,opponent,351
12.0,0.1,1.0,1.0,2.0,6.0,4.0,0.0,0.0,0.0,1.0,0.0,0.0,0.0,0.0,0.0,0.0,RETREAT,-0.1,0.0,12,opponent,351
13.0,1.0,1.0,1.0,2.0,6.0,4.0,0.0,0.0,0.0,0.0,0.0,0.0,0.0,0.0,0.0,1.0,PASS_TURN,0.0,0.0,13,opponent,351
14.0,0.9285714285714286,1.0,1.0,2.0,6.0,4.0,0.0,0.0,0.0,0.0,0.0,0.0,0.0,0.0,0.0,1.0,PASS_TURN,0.0,0.0,14,opponent,351
15.0,0.6428571428571429,1.0,1.0,2.0,6.0,4.0,0.0,0.0,0.0,0.0,0.0,0.0,0.0,0.0,0.0,1.0,PASS_TURN,0.0,0.0,15,opponent,351
16.0,0.6428571428571429,1.0,1.0,2.0,6.0,4.0,0.0,0.0,0.0,0.0,0.0,0.0,0.0,0.0,0.0,1.0,PASS_TURN,0.0,0.0,16,opponent,351
17.0,0.5,1.0,1.0,2.0,6.0,4.0,0.0,0.0,0.0,0.0,0.0,0.0,0.0,0.0,0.0,1.0,PASS_TURN,0.0,0.0,17,opponent,351
18.0,0.2857142857142857,1.0,1.0,2.0,6.0,4.0,0.0,0.0,0.0,1.0,0.0,0.0,0.0,0.0,0.0,0.0,RETREAT,-0.1,0.0,18,opponent,351
19.0,0.2857142857142857,1.0,0.0,2.0,6.0,3.0,0.0,0.0,0.0,0.0,0.0,0.0,0.0,0.0,0.0,1.0,PASS_TURN,0.0,0.0,19,opponent,351
20.0,0.2857142857142857,1.0,0.0,2.0,6.0,3.0,0.0,0.0,0.0,0.0,0.0,0.0,0.0,0.0,0.0,1.0,PASS_TURN,0.0,0.0,20,opponent,351
21.0,0.07142857142857142,1.0,0.0,2.0,6.0,3.0,0.0,0.0,0.0,0.0,0.0,0.0,0.0,0.0,0.0,1.0,PASS_TURN,0.0,0.0,21,opponent,351
1.0,1.0,1.0,0.0,1.0,6.0,6.0,1.0,4.0,0.0,0.0,1.0,0.0,0.0,0.0,0.0,0.0,ATTACH_ENERGY,0.3,0.7000000000000001,1,opponent,352
2.0,0.5,1.0,0.0,1.0,6.0,6.0,0.0,4.0,1.0,0.0,0.0,0.0,0.0,0.0,0.0,0.0,ATTACK,1.0,0.20000000000000007,2,opponent,352
3.0,0.375,0.8,0.0,1.0,6.0,6.0,0.0,4.0,1.0,0.0,0.0,0.0,0.0,0.0,0.0,0.0,ATTACK,1.0,0.19999999999999996,3,opponent,352
1.0,1.0,1.0,2.0,1.0,6.0,6.0,0.0,6.0,0.0,0.0,0.0,0.0,1.0,0.0,0.0,0.0,PLAY_BASIC_TO_BENCH,0.2,1.8000000000000003,1,opponent,353
2.0,0.3333333333333333,1.0,3.0,1.0,6.0,6.0,0.0,5.0,0.0,0.0,0.0,1.0,0.0,0.0,0.0,0.0,PLAY_SUPPORTER,0.4,0.0,2,opponent,353
3.0,1.0,1.0,2.0,1.0,6.0,5.0,0.0,4.0,0.0,0.0,0.0,0.0,1.0,0.0,0.0,0.0,PLAY_BASIC_TO_BENCH,0.2,1.9000000000000004,3,opponent,353
4.0,0.5,1.0,3.0,1.0,6.0,5.0,0.0,3.0,0.0,0.0,0.0,1.0,0.0,0.0,0.0,0.0,PLAY_SUPPORTER,0.4,0.0,4,opponent,353
5.0,1.0,1.0,2.0,1.0,6.0,4.0,0.0,2.0,0.0,0.0,0.0,1.0,0.0,0.0,0.0,0.0,PLAY_SUPPORTER,0.4,0.0,5,opponent,353
6.0,0.7142857142857143,1.0,2.0,1.0,6.0,4.0,0.0,1.0,0.0,0.0,0.0,1.0,0.0,0.0,0.0,0.0,PLAY_SUPPORTER,0.4,0.0,6,opponent,353
7.0,0.6428571428571429,1.0,2.0,1.0,6.0,4.0,0.0,0.0,0.0,0.0,0.0,0.0,0.0,0.0,0.0,1.0,PASS_TURN,0.0,0.0,7,opponent,353
8.0,0.5714285714285714,1.0,2.0,1.0,6.0,4.0,0.0,0.0,0.0,0.0,0.0,0.0,0.0,0.0,0.0,1.0,PASS_TURN,0.0,0.0,8,opponent,353
9.0,0.5,1.0,2.0,1.0,6.0,4.0,0.0,0.0,0.0,0.0,0.0,0.0,0.0,0.0,0.0,1.0,PASS_TURN,0.0,0.0,9,opponent,353
10.0,0.2857142857142857,1.0,2.0,1.0,6.0,4.0,0.0,0.0,0.0,1.0,0.0,0.0,0.0,0.0,0.0,0.0,RETREAT,-0.1,0.0,10,opponent,353
11.0,0.5555555555555556,1.0,2.0,1.0,6.0,4.0,0.0,0.0,0.0,0.0,0.0,0.0,0.0,0.0,0.0,1.0,PASS_TURN,0.0,0.0,11,opponent,353
12.0,0.3333333333333333,1.0,2.0,1.0,6.0,4.0,0.0,0.0,0.0,0.0,0.0,0.0,0.0,0.0,0.0,1.0,PASS_TURN,0.0,0.0,12,opponent,353
13.0,0.2857142857142857,1.0,1.0,1.0,6.0,3.0,0.0,0.0,0.0,1.0,0.0,0.0,0.0,0.0,0.0,0.0,RETREAT,-0.1,0.0,13,opponent,353
14.0,0.9,1.0,1.0,1.0,6.0,3.0,0.0,0.0,0.0,0.0,0.0,0.0,0.0,0.0,0.0,1.0,PASS_TURN,0.0,0.0,14,opponent,353
15.0,0.6,1.0,1.0,1.0,6.0,3.0,0.0,0.0,0.0,0.0,0.0,0.0,0.0,0.0,0.0,1.0,PASS_TURN,0.0,0.0,15,opponent,353
16.0,0.5,1.0,1.0,1.0,6.0,3.0,0.0,0.0,0.0,0.0,0.0,0.0,0.0,0.0,0.0,1.0,PASS_TURN,0.0,0.0,16,opponent,353
17.0,0.2,1.0,1.0,1.0,6.0,3.0,0.0,0.0,0.0,1.0,0.0,0.0,0.0,0.0,0.0,0.0,RETREAT,-0.1,0.0,17,opponent,353
18.0,0.14285714285714285,1.0,1.0,1.0,6.0,3.0,0.0,0.0,0.0,1.0,0.0,0.0,0.0,0.0,0.0,0.0,RETREAT,-0.1,0.0,18,opponent,353
19.0,0.2,1.0,1.0,1.0,6.0,3.0,0.0,0.0,0.0,1.0,0.0,0.0,0.0,0.0,0.0,0.0,RETREAT,-0.1,0.0,19,opponent,353
20.0,0.2,1.0,0.0,1.0,6.0,2.0,0.0,0.0,0.0,0.0,0.0,0.0,0.0,0.0,0.0,1.0,PASS_TURN,0.0,0.0,20,opponent,353
21.0,0.1,1.0,0.0,1.0,6.0,2.0,0.0,0.0,0.0,0.0,0.0,0.0,0.0,0.0,0.0,1.0,PASS_TURN,0.0,0.0,21,opponent,353
1.0,1.0,1.0,3.0,2.0,6.0,6.0,0.0,5.0,0.0,0.0,0.0,1.0,0.0,0.0,0.0,0.0,PLAY_SUPPORTER,0.4,0.0,1,opponent,354
2.0,0.7777777777777778,1.0,3.0,2.0,6.0,6.0,0.0,4.0,0.0,0.0,0.0,1.0,0.0,0.0,0.0,0.0,PLAY_SUPPORTER,0.4,0.0,2,opponent,354
3.0,0.3333333333333333,1.0,3.0,2.0,6.0,6.0,0.0,3.0,0.0,0.0,0.0,1.0,0.0,0.0,0.0,0.0,PLAY_SUPPORTER,0.4,0.0,3,opponent,354
4.0,0.3333333333333333,1.0,3.0,2.0,6.0,6.0,0.0,2.0,0.0,0.0,0.0,1.0,0.0,0.0,0.0,0.0,PLAY_SUPPORTER,0.4,0.0,4,opponent,354
5.0,1.0,1.0,2.0,2.0,6.0,5.0,0.0,1.0,0.0,0.0,0.0,1.0,0.0,0.0,0.0,0.0,PLAY_SUPPORTER,0.4,0.0,5,opponent,354
6.0,0.8571428571428571,1.0,2.0,2.0,6.0,5.0,0.0,0.0,0.0,0.0,0.0,0.0,0.0,0.0,0.0,1.0,PASS_TURN,0.0,0.0,6,opponent,354
7.0,0.7857142857142857,1.0,2.0,2.0,6.0,5.0,0.0,0.0,0.0,0.0,0.0,0.0,0.0,0.0,0.0,1.0,PASS_TURN,0.0,0.0,7,opponent,354
8.0,0.6428571428571429,1.0,2.0,2.0,6.0,5.0,0.0,0.0,0.0,0.0,0.0,0.0,0.0,0.0,0.0,1.0,PASS_TURN,0.0,0.0,8,opponent,354
9.0,0.42857142857142855,1.0,2.0,2.0,6.0,5.0,0.0,0.0,0.0,0.0,0.0,0.0,0.0,0.0,0.0,1.0,PASS_TURN,0.0,0.0,9,opponent,354
10.0,0.2857142857142857,1.0,2.0,2.0,6.0,5.0,0.0,0.0,0.0,1.0,0.0,0.0,0.0,0.0,0.0,0.0,RETREAT,-0.1,0.0,10,opponent,354
11.0,0.7142857142857143,1.0,2.0,2.0,6.0,5.0,0.0,0.0,0.0,0.0,0.0,0.0,0.0,0.0,0.0,1.0,PASS_TURN,0.0,0.0,11,opponent,354
12.0,0.5714285714285714,1.0,2.0,2.0,6.0,5.0,0.0,0.0,0.0,0.0,0.0,0.0,0.0,0.0,0.0,1.0,PASS_TURN,0.0,0.0,12,opponent,354
13.0,0.5,1.0,2.0,2.0,6.0,5.0,0.0,0.0,0.0,0.0,0.0,0.0,0.0,0.0,0.0,1.0,PASS_TURN,0.0,0.0,13,opponent,354
14.0,0.21428571428571427,1.0,2.0,2.0,6.0,5.0,0.0,0.0,0.0,1.0,0.0,0.0,0.0,0.0,0.0,0.0,RETREAT,-0.1,0.0,14,opponent,354
15.0,0.14285714285714285,1.0,2.0,2.0,6.0,5.0,0.0,0.0,0.0,1.0,0.0,0.0,0.0,0.0,0.0,0.0,RETREAT,-0.1,0.0,15,opponent,354
16.0,0.21428571428571427,1.0,2.0,2.0,6.0,5.0,0.0,0.0,0.0,1.0,0.0,0.0,0.0,0.0,0.0,0.0,RETREAT,-0.1,0.0,16,opponent,354
17.0,0.07142857142857142,1.0,2.0,2.0,6.0,5.0,0.0,0.0,0.0,1.0,0.0,0.0,0.0,0.0,0.0,0.0,RETREAT,-0.1,0.0,17,opponent,354
18.0,0.07142857142857142,1.0,1.0,2.0,6.0,4.0,0.0,0.0,0.0,1.0,0.0,0.0,0.0,0.0,0.0,0.0,RETREAT,-0.1,0.0,18,opponent,354
19.0,0.6666666666666666,1.0,1.0,2.0,6.0,4.0,0.0,0.0,0.0,0.0,0.0,0.0,0.0,0.0,0.0,1.0,PASS_TURN,0.0,0.0,19,opponent,354
20.0,0.6666666666666666,1.0,1.0,2.0,6.0,4.0,0.0,0.0,0.0,0.0,0.0,0.0,0.0,0.0,0.0,1.0,PASS_TURN,0.0,0.0,20,opponent,354
21.0,0.16666666666666666,1.0,1.0,2.0,6.0,4.0,0.0,0.0,0.0,1.0,0.0,0.0,0.0,0.0,0.0,0.0,RETREAT,-0.1,0.0,21,opponent,354
22.0,0.16666666666666666,1.0,0.0,2.0,6.0,3.0,0.0,0.0,0.0,0.0,0.0,0.0,0.0,0.0,0.0,1.0,PASS_TURN,0.0,0.0,22,opponent,354
1.0,1.0,1.0,2.0,3.0,6.0,6.0,2.0,7.0,0.0,0.0,1.0,0.0,0.0,0.0,0.0,0.0,ATTACH_ENERGY,0.3,0.7000000000000002,1,opponent,355
2.0,0.7857142857142857,1.0,2.0,3.0,6.0,6.0,1.0,7.0,1.0,0.0,0.0,0.0,0.0,0.0,0.0,0.0,ATTACK,1.5,0.30000000000000004,2,opponent,355
3.0,0.7142857142857143,0.7,2.0,3.0,6.0,6.0,1.0,7.0,1.0,0.0,0.0,0.0,0.0,0.0,0.0,0.0,ATTACK,1.5,0.30000000000000004,3,opponent,355
4.0,0.7142857142857143,0.4,2.0,3.0,6.0,6.0,1.0,7.0,1.0,0.0,0.0,0.0,0.0,0.0,0.0,0.0,ATTACK,1.5,0.30000000000000004,4,opponent,355
5.0,0.5714285714285714,0.1,2.0,3.0,6.0,6.0,1.0,7.0,1.0,0.0,0.0,0.0,0.0,0.0,0.0,0.0,ATTACK,6.5,-2.4,5,opponent,355
6.0,0.5714285714285714,1.0,2.0,2.0,5.0,6.0,1.0,7.0,1.0,0.0,0.0,0.0,0.0,0.0,0.0,0.0,ATTACK,1.5,0.2999999999999998,6,opponent,355
7.0,0.35714285714285715,0.5714285714285714,2.0,2.0,5.0,6.0,1.0,7.0,1.0,0.0,0.0,0.0,0.0,0.0,0.0,0.0,ATTACK,1.5,0.2999999999999998,7,opponent,355
8.0,0.07142857142857142,0.14285714285714285,2.0,2.0,5.0,6.0,1.0,7.0,1.0,0.0,0.0,0.0,0.0,0.0,0.0,0.0,ATTACK,6.5,-2.4,8,opponent,355
9.0,0.07142857142857142,1.0,2.0,1.0,4.0,6.0,1.0,7.0,1.0,0.0,0.0,0.0,0.0,0.0,0.0,0.0,ATTACK,1.5,0.2999999999999998,9,opponent,355
10.0,0.07142857142857142,0.5714285714285714,2.0,1.0,4.0,6.0,1.0,7.0,1.0,0.0,0.0,0.0,0.0,0.0,0.0,0.0,ATTACK,1.5,0.2999999999999998,10,opponent,355
11.0,0.07142857142857142,0.14285714285714285,2.0,1.0,4.0,6.0,1.0,7.0,1.0,0.0,0.0,0.0,0.0,0.0,0.0,0.0,ATTACK,6.5,-2.3999999999999995,11,opponent,355
12.0,1.0,1.0,1.0,0.0,3.0,5.0,1.0,7.0,0.0,0.0,0.0,1.0,0.0,0.0,0.0,0.0,PLAY_SUPPORTER,0.4,0.0,12,opponent,355
13.0,0.6666666666666666,1.0,1.0,0.0,3.0,5.0,1.0,6.0,0.0,0.0,0.0,1.0,0.0,0.0,0.0,0.0,PLAY_SUPPORTER,0.4,0.0,13,opponent,355
14.0,0.6666666666666666,1.0,1.0,0.0,3.0,5.0,1.0,5.0,0.0,0.0,0.0,1.0,0.0,0.0,0.0,0.0,PLAY_SUPPORTER,0.4,0.0,14,opponent,355
15.0,0.6666666666666666,1.0,1.0,0.0,3.0,5.0,1.0,4.0,0.0,0.0,0.0,1.0,0.0,0.0,0.0,0.0,PLAY_SUPPORTER,0.4,0.0,15,opponent,355
16.0,0.5833333333333334,1.0,1.0,0.0,3.0,5.0,1.0,3.0,0.0,0.0,0.0,1.0,0.0,0.0,0.0,0.0,PLAY_SUPPORTER,0.4,0.0,16,opponent,355
17.0,0.4166666666666667,1.0,1.0,0.0,3.0,5.0,1.0,2.0,0.0,0.0,0.0,1.0,0.0,0.0,0.0,0.0,PLAY_SUPPORTER,0.4,0.0,17,opponent,355
18.0,0.08333333333333333,1.0,1.0,0.0,3.0,5.0,1.0,1.0,0.0,0.0,0.0,0.0,0.0,0.0,0.0,1.0,PASS_TURN,0.0,0.0,18,opponent,355
19.0,1.0,1.0,0.0,0.0,3.0,4.0,1.0,1.0,0.0,0.0,0.0,1.0,0.0,0.0,0.0,0.0,PLAY_SUPPORTER,0.4,0.0,19,opponent,355
20.0,0.8,1.0,0.0,0.0,3.0,4.0,1.0,0.0,0.0,0.0,1.0,0.0,0.0,0.0,0.0,0.0,ATTACH_ENERGY,0.3,0.2999999999999998,20,opponent,355
21.0,0.8,1.0,0.0,0.0,3.0,4.0,0.0,0.0,1.0,0.0,0.0,0.0,0.0,0.0,0.0,0.0,ATTACK,1.0,0.20000000000000018,21,opponent,355
22.0,0.5,0.7777777777777778,0.0,0.0,3.0,4.0,0.0,0.0,1.0,0.0,0.0,0.0,0.0,0.0,0.0,0.0,ATTACK,1.0,0.20000000000000018,22,opponent,355
23.0,0.5,0.5555555555555556,0.0,0.0,3.0,4.0,0.0,0.0,0.0,0.0,0.0,0.0,0.0,0.0,0.0,1.0,PASS_TURN,0.0,0.0,23,opponent,355
24.0,0.1,0.5555555555555556,0.0,0.0,3.0,4.0,0.0,0.0,1.0,0.0,0.0,0.0,0.0,0.0,0.0,0.0,ATTACK,1.0,0.19999999999999973,24,opponent,355
1.0,1.0,1.0,2.0,0.0,6.0,6.0,1.0,4.0,0.0,0.0,1.0,0.0,0.0,0.0,0.0,0.0,ATTACH_ENERGY,0.3,0.7000000000000002,1,me,356
2.0,0.7,1.0,2.0,0.0,6.0,6.0,0.0,4.0,1.0,0.0,0.0,0.0,0.0,0.0,0.0,0.0,ATTACK,1.5,0.2999999999999998,2,me,356
3.0,0.7,0.7,2.0,0.0,6.0,6.0,0.0,4.0,1.0,0.0,0.0,0.0,0.0,0.0,0.0,0.0,ATTACK,1.5,0.2999999999999998,3,me,356
4.0,0.7,0.4,2.0,0.0,6.0,6.0,0.0,4.0,1.0,0.0,0.0,0.0,0.0,0.0,0.0,0.0,ATTACK,1.5,0.2999999999999998,4,me,356
5.0,0.5,0.1,2.0,0.0,6.0,6.0,0.0,4.0,1.0,0.0,0.0,0.0,0.0,0.0,0.0,0.0,ATTACK,6.5,-2.8999999999999995,5,me,356
1.0,1.0,1.0,1.0,0.0,6.0,6.0,2.0,7.0,0.0,0.0,1.0,0.0,0.0,0.0,0.0,0.0,ATTACH_ENERGY,0.3,0.7000000000000002,1,opponent,357
2.0,0.42857142857142855,1.0,1.0,0.0,6.0,6.0,1.0,7.0,0.0,0.0,1.0,0.0,0.0,0.0,0.0,0.0,ATTACH_ENERGY,0.3,0.7000000000000002,2,opponent,357
3.0,0.2857142857142857,1.0,1.0,0.0,6.0,6.0,0.0,7.0,0.0,1.0,0.0,0.0,0.0,0.0,0.0,0.0,RETREAT,-0.1,0.0,3,opponent,357
4.0,0.5,1.0,1.0,0.0,6.0,6.0,0.0,7.0,0.0,0.0,0.0,1.0,0.0,0.0,0.0,0.0,PLAY_SUPPORTER,0.4,0.0,4,opponent,357
5.0,0.5,1.0,1.0,0.0,6.0,6.0,0.0,6.0,0.0,0.0,0.0,1.0,0.0,0.0,0.0,0.0,PLAY_SUPPORTER,0.4,0.0,5,opponent,357
6.0,0.2857142857142857,1.0,0.0,0.0,6.0,5.0,0.0,5.0,0.0,0.0,0.0,1.0,0.0,0.0,0.0,0.0,PLAY_SUPPORTER,0.4,0.0,6,opponent,357
7.0,0.2857142857142857,1.0,0.0,0.0,6.0,5.0,0.0,4.0,0.0,0.0,0.0,1.0,0.0,0.0,0.0,0.0,PLAY_SUPPORTER,0.4,0.0,7,opponent,357
8.0,0.2857142857142857,1.0,0.0,0.0,6.0,5.0,0.0,3.0,0.0,0.0,0.0,1.0,0.0,0.0,0.0,0.0,PLAY_SUPPORTER,0.4,0.0,8,opponent,357
9.0,0.2857142857142857,1.0,0.0,0.0,6.0,5.0,0.0,2.0,0.0,0.0,0.0,1.0,0.0,0.0,0.0,0.0,PLAY_SUPPORTER,0.4,0.0,9,opponent,357
1.0,1.0,1.0,3.0,2.0,6.0,6.0,1.0,3.0,0.0,0.0,1.0,0.0,0.0,0.0,0.0,0.0,ATTACH_ENERGY,0.3,0.7000000000000002,1,opponent,358
2.0,0.7142857142857143,1.0,3.0,2.0,6.0,6.0,0.0,3.0,1.0,0.0,0.0,0.0,0.0,0.0,0.0,0.0,ATTACK,1.5,0.2999999999999998,2,opponent,358
3.0,0.7142857142857143,0.7,3.0,2.0,6.0,6.0,0.0,3.0,1.0,0.0,0.0,0.0,0.0,0.0,0.0,0.0,ATTACK,1.5,0.2999999999999998,3,opponent,358
4.0,0.7142857142857143,0.4,3.0,2.0,6.0,6.0,0.0,3.0,1.0,0.0,0.0,0.0,0.0,0.0,0.0,0.0,ATTACK,1.5,0.2999999999999998,4,opponent,358
5.0,0.2857142857142857,0.1,3.0,2.0,6.0,6.0,0.0,3.0,1.0,0.0,0.0,0.0,0.0,0.0,0.0,0.0,ATTACK,6.5,-2.4,5,opponent,358
6.0,1.0,1.0,2.0,1.0,5.0,5.0,0.0,3.0,0.0,0.0,0.0,1.0,0.0,0.0,0.0,0.0,PLAY_SUPPORTER,0.4,0.0,6,opponent,358
7.0,0.6666666666666666,1.0,2.0,1.0,5.0,5.0,0.0,2.0,0.0,0.0,0.0,1.0,0.0,0.0,0.0,0.0,PLAY_SUPPORTER,0.4,0.0,7,opponent,358
8.0,0.3333333333333333,1.0,2.0,1.0,5.0,5.0,0.0,1.0,0.0,0.0,0.0,1.0,0.0,0.0,0.0,0.0,PLAY_SUPPORTER,0.4,0.0,8,opponent,358
9.0,0.2222222222222222,1.0,2.0,1.0,5.0,5.0,0.0,0.0,0.0,1.0,0.0,0.0,0.0,0.0,0.0,0.0,RETREAT,-0.1,0.0,9,opponent,358
10.0,0.9166666666666666,1.0,2.0,1.0,5.0,5.0,0.0,0.0,0.0,0.0,0.0,0.0,0.0,0.0,0.0,1.0,PASS_TURN,0.0,0.0,10,opponent,358
11.0,0.8333333333333334,1.0,2.0,1.0,5.0,5.0,0.0,0.0,0.0,1.0,0.0,0.0,0.0,0.0,0.0,0.0,RETREAT,-0.1,0.0,11,opponent,358
12.0,0.75,1.0,2.0,1.0,5.0,5.0,0.0,0.0,0.0,0.0,0.0,0.0,0.0,0.0,0.0,1.0,PASS_TURN,0.0,0.0,12,opponent,358
13.0,0.5,1.0,2.0,1.0,5.0,5.0,0.0,0.0,0.0,0.0,0.0,0.0,0.0,0.0,0.0,1.0,PASS_TURN,0.0,0.0,13,opponent,358
14.0,0.3333333333333333,1.0,2.0,1.0,5.0,5.0,0.0,0.0,0.0,0.0,0.0,0.0,0.0,0.0,0.0,1.0,PASS_TURN,0.0,0.0,14,opponent,358
15.0,0.08333333333333333,1.0,2.0,1.0,5.0,5.0,0.0,0.0,0.0,1.0,0.0,0.0,0.0,0.0,0.0,0.0,RETREAT,-0.1,0.0,15,opponent,358
16.0,0.08333333333333333,1.0,1.0,1.0,5.0,4.0,0.0,0.0,0.0,1.0,0.0,0.0,0.0,0.0,0.0,0.0,RETREAT,-0.1,0.0,16,opponent,358
17.0,0.8333333333333334,1.0,1.0,1.0,5.0,4.0,0.0,0.0,0.0,0.0,0.0,0.0,0.0,0.0,0.0,1.0,PASS_TURN,0.0,0.0,17,opponent,358
18.0,0.5833333333333334,1.0,1.0,1.0,5.0,4.0,0.0,0.0,0.0,0.0,0.0,0.0,0.0,0.0,0.0,1.0,PASS_TURN,0.0,0.0,18,opponent,358
19.0,0.5833333333333334,1.0,1.0,1.0,5.0,4.0,0.0,0.0,0.0,0.0,0.0,0.0,0.0,0.0,0.0,1.0,PASS_TURN,0.0,0.0,19,opponent,358
20.0,0.5,1.0,1.0,1.0,5.0,4.0,0.0,0.0,0.0,0.0,0.0,0.0,0.0,0.0,0.0,1.0,PASS_TURN,0.0,0.0,20,opponent,358
21.0,0.5,1.0,1.0,1.0,5.0,4.0,0.0,0.0,0.0,0.0,0.0,0.0,0.0,0.0,0.0,1.0,PASS_TURN,0.0,0.0,21,opponent,358
22.0,0.3333333333333333,1.0,1.0,1.0,5.0,4.0,0.0,0.0,0.0,0.0,0.0,0.0,0.0,0.0,0.0,1.0,PASS_TURN,0.0,0.0,22,opponent,358
23.0,0.16666666666666666,1.0,1.0,1.0,5.0,4.0,0.0,0.0,0.0,1.0,0.0,0.0,0.0,0.0,0.0,0.0,RETREAT,-0.1,0.0,23,opponent,358
24.0,0.16666666666666666,1.0,0.0,1.0,5.0,3.0,0.0,0.0,0.0,0.0,0.0,0.0,0.0,0.0,0.0,1.0,PASS_TURN,0.0,0.0,24,opponent,358
25.0,0.16666666666666666,1.0,0.0,1.0,5.0,3.0,0.0,0.0,0.0,0.0,0.0,0.0,0.0,0.0,0.0,1.0,PASS_TURN,0.0,0.0,25,opponent,358
26.0,0.16666666666666666,1.0,0.0,1.0,5.0,3.0,0.0,0.0,0.0,0.0,0.0,0.0,0.0,0.0,0.0,1.0,PASS_TURN,0.0,0.0,26,opponent,358
1.0,1.0,1.0,0.0,3.0,6.0,6.0,3.0,6.0,0.0,0.0,1.0,0.0,0.0,0.0,0.0,0.0,ATTACH_ENERGY,0.3,0.6999999999999997,1,opponent,359
2.0,1.0,1.0,0.0,3.0,6.0,6.0,2.0,6.0,0.0,0.0,0.0,1.0,0.0,0.0,0.0,0.0,PLAY_SUPPORTER,0.4,0.0,2,opponent,359
3.0,0.7857142857142857,1.0,0.0,3.0,6.0,6.0,2.0,5.0,1.0,0.0,0.0,0.0,0.0,0.0,0.0,0.0,ATTACK,1.0,0.20000000000000018,3,opponent,359
4.0,0.5714285714285714,0.8333333333333334,0.0,3.0,6.0,6.0,2.0,5.0,1.0,0.0,0.0,0.0,0.0,0.0,0.0,0.0,ATTACK,1.0,0.1999999999999993,4,opponent,359
5.0,0.5,0.6666666666666666,0.0,3.0,6.0,6.0,2.0,5.0,1.0,0.0,0.0,0.0,0.0,0.0,0.0,0.0,ATTACK,1.0,0.20000000000000018,5,opponent,359
6.0,0.42857142857142855,0.5,0.0,3.0,6.0,6.0,2.0,5.0,1.0,0.0,0.0,0.0,0.0,0.0,0.0,0.0,ATTACK,1.0,0.20000000000000018,6,opponent,359
7.0,0.14285714285714285,0.3333333333333333,0.0,3.0,6.0,6.0,2.0,5.0,0.0,0.0,0.0,1.0,0.0,0.0,0.0,0.0,PLAY_SUPPORTER,0.4,0.0,7,opponent,359
8.0,0.14285714285714285,0.3333333333333333,0.0,3.0,6.0,6.0,2.0,4.0,0.0,0.0,0.0,1.0,0.0,0.0,0.0,0.0,PLAY_SUPPORTER,0.4,0.0,8,opponent,359
9.0,0.14285714285714285,0.3333333333333333,0.0,3.0,6.0,6.0,2.0,3.0,0.0,0.0,0.0,1.0,0.0,0.0,0.0,0.0,PLAY_SUPPORTER,0.4,0.0,9,opponent,359
1.0,1.0,1.0,3.0,0.0,6.0,6.0,1.0,5.0,0.0,0.0,0.0,0.0,1.0,0.0,0.0,0.0,PLAY_BASIC_TO_BENCH,0.2,1.5999999999999988,1,opponent,360
2.0,0.9285714285714286,1.0,4.0,0.0,6.0,6.0,1.0,4.0,0.0,0.0,1.0,0.0,0.0,0.0,0.0,0.0,ATTACH_ENERGY,0.3,0.7000000000000011,2,opponent,360
3.0,0.9285714285714286,1.0,4.0,0.0,6.0,6.0,0.0,4.0,1.0,0.0,0.0,0.0,0.0,0.0,0.0,0.0,ATTACK,0.5,0.09999999999999787,3,opponent,360
4.0,0.8571428571428571,0.875,4.0,0.0,6.0,6.0,0.0,4.0,1.0,0.0,0.0,0.0,0.0,0.0,0.0,0.0,ATTACK,0.5,0.09999999999999787,4,opponent,360
5.0,0.6428571428571429,0.75,4.0,0.0,6.0,6.0,0.0,4.0,0.0,0.0,0.0,0.0,1.0,0.0,0.0,0.0,PLAY_BASIC_TO_BENCH,0.2,1.5,5,opponent,360
6.0,0.5714285714285714,0.75,5.0,0.0,6.0,6.0,0.0,3.0,1.0,0.0,0.0,0.0,0.0,0.0,0.0,0.0,ATTACK,0.5,0.09999999999999964,6,opponent,360
7.0,0.35714285714285715,0.625,5.0,0.0,6.0,6.0,0.0,3.0,1.0,0.0,0.0,0.0,0.0,0.0,0.0,0.0,ATTACK,0.5,0.09999999999999964,7,opponent,360
8.0,0.2857142857142857,0.5,5.0,0.0,6.0,6.0,0.0,3.0,0.0,1.0,0.0,0.0,0.0,0.0,0.0,0.0,RETREAT,-0.1,0.0,8,opponent,360
9.0,1.0,0.5,5.0,0.0,6.0,6.0,0.0,3.0,0.0,0.0,0.0,1.0,0.0,0.0,0.0,0.0,PLAY_SUPPORTER,0.4,0.0,9,opponent,360
10.0,0.7777777777777778,0.5,5.0,0.0,6.0,6.0,0.0,2.0,0.0,0.0,0.0,1.0,0.0,0.0,0.0,0.0,PLAY_SUPPORTER,0.4,0.0,10,opponent,360
11.0,0.6666666666666666,0.5,5.0,0.0,6.0,6.0,0.0,1.0,0.0,1.0,0.0,0.0,0.0,0.0,0.0,0.0,RETREAT,-0.1,0.0,11,opponent,360
12.0,0.75,0.5,5.0,0.0,6.0,6.0,0.0,1.0,0.0,1.0,0.0,0.0,0.0,0.0,0.0,0.0,RETREAT,-0.1,0.0,12,opponent,360
13.0,0.8571428571428571,0.5,5.0,0.0,6.0,6.0,0.0,1.0,0.0,0.0,0.0,1.0,0.0,0.0,0.0,0.0,PLAY_SUPPORTER,0.4,0.0,13,opponent,360
14.0,0.8571428571428571,0.5,5.0,0.0,6.0,6.0,0.0,0.0,0.0,0.0,0.0,0.0,0.0,0.0,0.0,1.0,PASS_TURN,0.0,0.0,14,opponent,360
15.0,0.8571428571428571,0.5,5.0,0.0,6.0,6.0,0.0,0.0,0.0,1.0,0.0,0.0,0.0,0.0,0.0,0.0,RETREAT,-0.1,0.0,15,opponent,360
16.0,0.7142857142857143,0.5,5.0,0.0,6.0,6.0,0.0,0.0,0.0,0.0,0.0,0.0,0.0,0.0,0.0,1.0,PASS_TURN,0.0,0.0,16,opponent,360
17.0,0.14285714285714285,0.5,5.0,0.0,6.0,6.0,0.0,0.0,0.0,1.0,0.0,0.0,0.0,0.0,0.0,0.0,RETREAT,-0.1,0.0,17,opponent,360
18.0,0.14285714285714285,0.5,4.0,0.0,6.0,5.0,0.0,0.0,0.0,1.0,0.0,0.0,0.0,0.0,0.0,0.0,RETREAT,-0.1,0.0,18,opponent,360
19.0,0.2857142857142857,0.5,4.0,0.0,6.0,5.0,0.0,0.0,0.0,1.0,0.0,0.0,0.0,0.0,0.0,0.0,RETREAT,-0.1,0.0,19,opponent,360
20.0,0.14285714285714285,0.5,4.0,0.0,6.0,5.0,0.0,0.0,0.0,1.0,0.0,0.0,0.0,0.0,0.0,0.0,RETREAT,-0.1,0.0,20,opponent,360
21.0,0.2857142857142857,0.5,4.0,0.0,6.0,5.0,0.0,0.0,0.0,1.0,0.0,0.0,0.0,0.0,0.0,0.0,RETREAT,-0.1,0.0,21,opponent,360
22.0,0.2857142857142857,0.5,3.0,0.0,6.0,4.0,0.0,0.0,0.0,1.0,0.0,0.0,0.0,0.0,0.0,0.0,RETREAT,-0.1,0.0,22,opponent,360
23.0,0.6666666666666666,0.5,3.0,0.0,6.0,4.0,0.0,0.0,0.0,0.0,0.0,0.0,0.0,0.0,0.0,1.0,PASS_TURN,0.0,0.0,23,opponent,360
24.0,0.2222222222222222,0.5,3.0,0.0,6.0,4.0,0.0,0.0,0.0,1.0,0.0,0.0,0.0,0.0,0.0,0.0,RETREAT,-0.1,0.0,24,opponent,360
25.0,0.2222222222222222,0.5,2.0,0.0,6.0,3.0,0.0,0.0,0.0,1.0,0.0,0.0,0.0,0.0,0.0,0.0,RETREAT,-0.1,0.0,25,opponent,360
26.0,0.6666666666666666,0.5,2.0,0.0,6.0,3.0,0.0,0.0,0.0,0.0,0.0,0.0,0.0,0.0,0.0,1.0,PASS_TURN,0.0,0.0,26,opponent,360
27.0,0.5,0.5,2.0,0.0,6.0,3.0,0.0,0.0,0.0,0.0,0.0,0.0,0.0,0.0,0.0,1.0,PASS_TURN,0.0,0.0,27,opponent,360
28.0,0.4166666666666667,0.5,2.0,0.0,6.0,3.0,0.0,0.0,0.0,0.0,0.0,0.0,0.0,0.0,0.0,1.0,PASS_TURN,0.0,0.0,28,opponent,360
29.0,0.16666666666666666,0.5,2.0,0.0,6.0,3.0,0.0,0.0,0.0,0.0,0.0,0.0,0.0,0.0,0.0,1.0,PASS_TURN,0.0,0.0,29,opponent,360
30.0,0.2222222222222222,0.5,1.0,0.0,6.0,2.0,0.0,0.0,0.0,1.0,0.0,0.0,0.0,0.0,0.0,0.0,RETREAT,-0.1,0.0,30,opponent,360
31.0,0.7,0.5,1.0,0.0,6.0,2.0,0.0,0.0,0.0,0.0,0.0,0.0,0.0,0.0,0.0,1.0,PASS_TURN,0.0,0.0,31,opponent,360
32.0,0.4,0.5,1.0,0.0,6.0,2.0,0.0,0.0,0.0,0.0,0.0,0.0,0.0,0.0,0.0,1.0,PASS_TURN,0.0,0.0,32,opponent,360
33.0,0.4,0.5,1.0,0.0,6.0,2.0,0.0,0.0,0.0,0.0,0.0,0.0,0.0,0.0,0.0,1.0,PASS_TURN,0.0,0.0,33,opponent,360
34.0,0.3,0.5,1.0,0.0,6.0,2.0,0.0,0.0,0.0,0.0,0.0,0.0,0.0,0.0,0.0,1.0,PASS_TURN,0.0,0.0,34,opponent,360
35.0,0.2,0.5,1.0,0.0,6.0,2.0,0.0,0.0,0.0,1.0,0.0,0.0,0.0,0.0,0.0,0.0,RETREAT,-0.1,0.0,35,opponent,360
36.0,0.2,0.5,0.0,0.0,6.0,1.0,0.0,0.0,0.0,0.0,0.0,0.0,0.0,0.0,0.0,1.0,PASS_TURN,0.0,0.0,36,opponent,360
1.0,1.0,1.0,2.0,3.0,6.0,6.0,1.0,7.0,0.0,0.0,1.0,0.0,0.0,0.0,0.0,0.0,ATTACH_ENERGY,0.3,0.7000000000000002,1,opponent,361
2.0,0.3333333333333333,1.0,2.0,3.0,6.0,6.0,0.0,7.0,0.0,0.0,0.0,1.0,0.0,0.0,0.0,0.0,PLAY_SUPPORTER,0.4,0.0,2,opponent,361
3.0,1.0,1.0,1.0,3.0,6.0,5.0,0.0,6.0,0.0,0.0,0.0,1.0,0.0,0.0,0.0,0.0,PLAY_SUPPORTER,0.4,0.0,3,opponent,361
4.0,0.7857142857142857,1.0,1.0,3.0,6.0,5.0,0.0,5.0,0.0,0.0,0.0,1.0,0.0,0.0,0.0,0.0,PLAY_SUPPORTER,0.4,0.0,4,opponent,361
5.0,0.6428571428571429,1.0,1.0,3.0,6.0,5.0,0.0,4.0,0.0,0.0,0.0,1.0,0.0,0.0,0.0,0.0,PLAY_SUPPORTER,0.4,0.0,5,opponent,361
6.0,0.35714285714285715,1.0,1.0,3.0,6.0,5.0,0.0,3.0,0.0,0.0,0.0,1.0,0.0,0.0,0.0,0.0,PLAY_SUPPORTER,0.4,0.0,6,opponent,361
7.0,0.07142857142857142,1.0,1.0,3.0,6.0,5.0,0.0,2.0,0.0,1.0,0.0,0.0,0.0,0.0,0.0,0.0,RETREAT,-0.1,0.0,7,opponent,361
8.0,0.8571428571428571,1.0,1.0,3.0,6.0,5.0,0.0,2.0,0.0,1.0,0.0,0.0,0.0,0.0,0.0,0.0,RETREAT,-0.1,0.0,8,opponent,361
9.0,0.8571428571428571,1.0,0.0,3.0,6.0,4.0,0.0,2.0,0.0,0.0,0.0,1.0,0.0,0.0,0.0,0.0,PLAY_SUPPORTER,0.4,0.0,9,opponent,361
10.0,0.8571428571428571,1.0,0.0,3.0,6.0,4.0,0.0,1.0,0.0,0.0,0.0,1.0,0.0,0.0,0.0,0.0,PLAY_SUPPORTER,0.4,0.0,10,opponent,361
11.0,0.7857142857142857,1.0,0.0,3.0,6.0,4.0,0.0,0.0,0.0,0.0,0.0,0.0,0.0,0.0,0.0,1.0,PASS_TURN,0.0,0.0,11,opponent,361
12.0,0.5714285714285714,1.0,0.0,3.0,6.0,4.0,0.0,0.0,0.0,0.0,0.0,0.0,0.0,0.0,0.0,1.0,PASS_TURN,0.0,0.0,12,opponent,361
13.0,0.2857142857142857,1.0,0.0,3.0,6.0,4.0,0.0,0.0,0.0,0.0,0.0,0.0,0.0,0.0,0.0,1.0,PASS_TURN,0.0,0.0,13,opponent,361
1.0,1.0,1.0,2.0,2.0,6.0,6.0,3.0,2.0,0.0,0.0,1.0,0.0,0.0,0.0,0.0,0.0,ATTACH_ENERGY,0.3,0.7000000000000002,1,opponent,362
2.0,0.6666666666666666,1.0,2.0,2.0,6.0,6.0,2.0,2.0,0.0,0.0,1.0,0.0,0.0,0.0,0.0,0.0,ATTACH_ENERGY,0.3,0.6999999999999997,2,opponent,362
3.0,0.5833333333333334,1.0,2.0,2.0,6.0,6.0,1.0,2.0,0.0,0.0,1.0,0.0,0.0,0.0,0.0,0.0,ATTACH_ENERGY,0.3,0.6999999999999993,3,opponent,362
4.0,0.4166666666666667,1.0,2.0,2.0,6.0,6.0,0.0,2.0,1.0,0.0,0.0,0.0,0.0,0.0,0.0,0.0,ATTACK,0.5,0.10000000000000009,4,opponent,362
5.0,0.4166666666666667,0.8333333333333334,2.0,2.0,6.0,6.0,0.0,2.0,1.0,0.0,0.0,0.0,0.0,0.0,0.0,0.0,ATTACK,0.5,0.09999999999999998,5,opponent,362
6.0,0.08333333333333333,0.6666666666666666,2.0,2.0,6.0,6.0,0.0,2.0,0.0,1.0,0.0,0.0,0.0,0.0,0.0,0.0,RETREAT,-0.1,0.0,6,opponent,362
7.0,1.0,0.6666666666666666,2.0,2.0,6.0,6.0,0.0,2.0,0.0,0.0,0.0,1.0,0.0,0.0,0.0,0.0,PLAY_SUPPORTER,0.4,0.0,7,opponent,362
8.0,0.6666666666666666,0.6666666666666666,2.0,2.0,6.0,6.0,0.0,1.0,0.0,0.0,0.0,1.0,0.0,0.0,0.0,0.0,PLAY_SUPPORTER,0.4,0.0,8,opponent,362
9.0,0.3333333333333333,0.6666666666666666,2.0,2.0,6.0,6.0,0.0,0.0,0.0,0.0,0.0,0.0,0.0,0.0,0.0,1.0,PASS_TURN,0.0,0.0,9,opponent,362
10.0,0.08333333333333333,0.6666666666666666,1.0,2.0,6.0,5.0,0.0,0.0,0.0,1.0,0.0,0.0,0.0,0.0,0.0,0.0,RETREAT,-0.1,0.0,10,opponent,362
11.0,0.6,0.6666666666666666,1.0,2.0,6.0,5.0,0.0,0.0,0.0,0.0,0.0,0.0,0.0,0.0,0.0,1.0,PASS_TURN,0.0,0.0,11,opponent,362
12.0,0.3,0.6666666666666666,1.0,2.0,6.0,5.0,0.0,0.0,0.0,0.0,0.0,0.0,0.0,0.0,0.0,1.0,PASS_TURN,0.0,0.0,12,opponent,362
13.0,0.1,0.6666666666666666,1.0,2.0,6.0,5.0,0.0,0.0,0.0,1.0,0.0,0.0,0.0,0.0,0.0,0.0,RETREAT,-0.1,0.0,13,opponent,362
14.0,0.1,0.6666666666666666,0.0,2.0,6.0,4.0,0.0,0.0,0.0,0.0,0.0,0.0,0.0,0.0,0.0,1.0,PASS_TURN,0.0,0.0,14,opponent,362
1.0,1.0,1.0,0.0,2.0,6.0,6.0,0.0,2.0,0.0,0.0,0.0,1.0,0.0,0.0,0.0,0.0,PLAY_SUPPORTER,0.4,0.0,1,opponent,363
2.0,1.0,1.0,0.0,2.0,6.0,6.0,0.0,1.0,0.0,0.0,0.0,1.0,0.0,0.0,0.0,0.0,PLAY_SUPPORTER,0.4,0.0,2,opponent,363
3.0,1.0,1.0,0.0,2.0,6.0,6.0,0.0,0.0,0.0,0.0,0.0,0.0,0.0,0.0,0.0,1.0,PASS_TURN,0.0,0.0,3,opponent,363
4.0,0.75,1.0,0.0,2.0,6.0,6.0,0.0,0.0,0.0,0.0,0.0,0.0,0.0,0.0,0.0,1.0,PASS_TURN,0.0,0.0,4,opponent,363
5.0,0.5,1.0,0.0,2.0,6.0,6.0,0.0,0.0,0.0,0.0,0.0,0.0,0.0,0.0,0.0,1.0,PASS_TURN,0.0,0.0,5,opponent,363
6.0,0.16666666666666666,1.0,0.0,2.0,6.0,6.0,0.0,0.0,0.0,0.0,0.0,0.0,0.0,0.0,0.0,1.0,PASS_TURN,0.0,0.0,6,opponent,363
1.0,1.0,1.0,1.0,1.0,6.0,6.0,2.0,2.0,0.0,0.0,1.0,0.0,0.0,0.0,0.0,0.0,ATTACH_ENERGY,0.3,0.7000000000000001,1,opponent,364
2.0,0.9,1.0,1.0,1.0,6.0,6.0,1.0,2.0,1.0,0.0,0.0,0.0,0.0,0.0,0.0,0.0,ATTACK,1.5,0.30000000000000004,2,opponent,364
3.0,0.6,0.625,1.0,1.0,6.0,6.0,1.0,2.0,1.0,0.0,0.0,0.0,0.0,0.0,0.0,0.0,ATTACK,1.5,0.30000000000000004,3,opponent,364
4.0,0.2,0.25,1.0,1.0,6.0,6.0,1.0,2.0,1.0,0.0,0.0,0.0,0.0,0.0,0.0,0.0,ATTACK,6.5,-2.3000000000000003,4,opponent,364
5.0,1.0,1.0,0.0,0.0,5.0,5.0,1.0,2.0,0.0,0.0,0.0,1.0,0.0,0.0,0.0,0.0,PLAY_SUPPORTER,0.4,0.0,5,opponent,364
6.0,1.0,1.0,0.0,0.0,5.0,5.0,1.0,1.0,0.0,0.0,0.0,1.0,0.0,0.0,0.0,0.0,PLAY_SUPPORTER,0.4,0.0,6,opponent,364
7.0,0.5714285714285714,1.0,0.0,0.0,5.0,5.0,1.0,0.0,0.0,0.0,1.0,0.0,0.0,0.0,0.0,0.0,ATTACH_ENERGY,0.3,0.3,7,opponent,364
8.0,0.14285714285714285,1.0,0.0,0.0,5.0,5.0,0.0,0.0,0.0,0.0,0.0,0.0,0.0,0.0,0.0,1.0,PASS_TURN,0.0,0.0,8,opponent,364
9.0,0.14285714285714285,1.0,0.0,0.0,5.0,5.0,0.0,0.0,0.0,0.0,0.0,0.0,0.0,0.0,0.0,1.0,PASS_TURN,0.0,0.0,9,opponent,364
1.0,1.0,1.0,1.0,2.0,6.0,6.0,2.0,6.0,0.0,0.0,0.0,0.0,0.0,0.0,0.0,1.0,PASS_TURN,0.0,0.0,1,opponent,365
2.0,0.7,1.0,1.0,2.0,6.0,6.0,2.0,6.0,0.0,0.0,1.0,0.0,0.0,0.0,0.0,0.0,ATTACH_ENERGY,0.3,0.7,2,opponent,365
3.0,0.5,1.0,1.0,2.0,6.0,6.0,1.0,6.0,0.0,0.0,0.0,0.0,0.0,0.0,0.0,1.0,PASS_TURN,0.0,0.0,3,opponent,365
4.0,0.2,1.0,1.0,2.0,6.0,6.0,1.0,6.0,0.0,1.0,0.0,0.0,0.0,0.0,0.0,0.0,RETREAT,-0.1,0.0,4,opponent,365
5.0,0.6,1.0,1.0,2.0,6.0,6.0,1.0,6.0,0.0,0.0,0.0,1.0,0.0,0.0,0.0,0.0,PLAY_SUPPORTER,0.4,0.0,5,opponent,365
6.0,0.4,1.0,1.0,2.0,6.0,6.0,1.0,5.0,0.0,0.0,0.0,1.0,0.0,0.0,0.0,0.0,PLAY_SUPPORTER,0.4,0.0,6,opponent,365
7.0,0.3,1.0,1.0,2.0,6.0,6.0,1.0,4.0,0.0,0.0,0.0,1.0,0.0,0.0,0.0,0.0,PLAY_SUPPORTER,0.4,0.0,7,opponent,365
8.0,0.1,1.0,1.0,2.0,6.0,6.0,1.0,3.0,0.0,1.0,0.0,0.0,0.0,0.0,0.0,0.0,RETREAT,-0.1,0.0,8,opponent,365
9.0,0.2,1.0,1.0,2.0,6.0,6.0,1.0,3.0,0.0,0.0,1.0,0.0,0.0,0.0,0.0,0.0,ATTACH_ENERGY,0.3,0.30000000000000027,9,opponent,365
10.0,0.1,1.0,0.0,2.0,6.0,5.0,0.0,3.0,1.0,0.0,0.0,0.0,0.0,0.0,0.0,0.0,ATTACK,1.0,0.19999999999999968,10,opponent,365
1.0,1.0,1.0,0.0,0.0,6.0,6.0,2.0,3.0,0.0,0.0,1.0,0.0,0.0,0.0,0.0,0.0,ATTACH_ENERGY,0.3,0.7,1,me,366
2.0,0.75,1.0,0.0,0.0,6.0,6.0,1.0,3.0,1.0,0.0,0.0,0.0,0.0,0.0,0.0,0.0,ATTACK,1.5,0.30000000000000004,2,me,366
3.0,0.625,0.5,0.0,0.0,6.0,6.0,1.0,3.0,1.0,0.0,0.0,0.0,0.0,0.0,0.0,0.0,ATTACK,6.5,-2.7,3,me,366
1.0,1.0,1.0,1.0,2.0,6.0,6.0,3.0,5.0,0.0,0.0,0.0,1.0,0.0,0.0,0.0,0.0,PLAY_SUPPORTER,0.4,0.0,1,opponent,367
2.0,0.5,1.0,1.0,2.0,6.0,6.0,3.0,4.0,0.0,0.0,0.0,0.0,1.0,0.0,0.0,0.0,PLAY_BASIC_TO_BENCH,0.2,2.1,2,opponent,367
3.0,1.0,1.0,1.0,2.0,6.0,5.0,3.0,3.0,0.0,0.0,1.0,0.0,0.0,0.0,0.0,0.0,ATTACH_ENERGY,0.3,0.7000000000000002,3,opponent,367
4.0,0.8571428571428571,1.0,1.0,2.0,6.0,5.0,2.0,3.0,1.0,0.0,0.0,0.0,0.0,0.0,0.0,0.0,ATTACK,0.5,0.10000000000000053,4,opponent,367
5.0,0.2857142857142857,0.8571428571428571,1.0,2.0,6.0,5.0,2.0,3.0,0.0,1.0,0.0,0.0,0.0,0.0,0.0,0.0,RETREAT,-0.1,0.0,5,opponent,367
6.0,1.0,0.8571428571428571,1.0,2.0,6.0,5.0,2.0,3.0,0.0,0.0,0.0,1.0,0.0,0.0,0.0,0.0,PLAY_SUPPORTER,0.4,0.0,6,opponent,367
7.0,1.0,0.8571428571428571,1.0,2.0,6.0,5.0,2.0,2.0,0.0,1.0,0.0,0.0,0.0,0.0,0.0,0.0,RETREAT,-0.1,0.0,7,opponent,367
8.0,1.0,0.8571428571428571,0.0,2.0,6.0,4.0,2.0,2.0,0.0,0.0,0.0,1.0,0.0,0.0,0.0,0.0,PLAY_SUPPORTER,0.4,0.0,8,opponent,367
9.0,1.0,0.8571428571428571,0.0,2.0,6.0,4.0,2.0,1.0,0.0,0.0,0.0,1.0,0.0,0.0,0.0,0.0,PLAY_SUPPORTER,0.4,0.0,9,opponent,367
10.0,1.0,0.8571428571428571,0.0,2.0,6.0,4.0,2.0,0.0,0.0,0.0,1.0,0.0,0.0,0.0,0.0,0.0,ATTACH_ENERGY,0.3,0.2999999999999998,10,opponent,367
11.0,0.8333333333333334,0.8571428571428571,0.0,2.0,6.0,4.0,1.0,0.0,1.0,0.0,0.0,0.0,0.0,0.0,0.0,0.0,ATTACK,0.5,0.10000000000000053,11,opponent,367
12.0,0.75,0.7142857142857143,0.0,2.0,6.0,4.0,1.0,0.0,1.0,0.0,0.0,0.0,0.0,0.0,0.0,0.0,ATTACK,0.5,0.10000000000000053,12,opponent,367
13.0,0.4166666666666667,0.5714285714285714,0.0,2.0,6.0,4.0,1.0,0.0,1.0,0.0,0.0,0.0,0.0,0.0,0.0,0.0,ATTACK,0.5,0.09999999999999964,13,opponent,367
14.0,0.08333333333333333,0.42857142857142855,0.0,2.0,6.0,4.0,1.0,0.0,0.0,0.0,1.0,0.0,0.0,0.0,0.0,0.0,ATTACH_ENERGY,0.3,0.30000000000000027,14,opponent,367
1.0,1.0,1.0,2.0,2.0,6.0,6.0,1.0,2.0,0.0,0.0,1.0,0.0,0.0,0.0,0.0,0.0,ATTACH_ENERGY,0.3,0.7000000000000002,1,opponent,368
2.0,0.8,1.0,2.0,2.0,6.0,6.0,0.0,2.0,1.0,0.0,0.0,0.0,0.0,0.0,0.0,0.0,ATTACK,0.5,0.09999999999999987,2,opponent,368
3.0,0.5,0.875,2.0,2.0,6.0,6.0,0.0,2.0,1.0,0.0,0.0,0.0,0.0,0.0,0.0,0.0,ATTACK,0.5,0.09999999999999987,3,opponent,368
4.0,0.1,0.75,2.0,2.0,6.0,6.0,0.0,2.0,0.0,1.0,0.0,0.0,0.0,0.0,0.0,0.0,RETREAT,-0.1,0.0,4,opponent,368
5.0,0.8333333333333334,0.75,2.0,2.0,6.0,6.0,0.0,2.0,0.0,0.0,0.0,0.0,0.0,0.0,0.0,1.0,PASS_TURN,0.0,0.0,5,opponent,368
6.0,0.3333333333333333,0.75,2.0,2.0,6.0,6.0,0.0,2.0,0.0,0.0,0.0,1.0,0.0,0.0,0.0,0.0,PLAY_SUPPORTER,0.4,0.0,6,opponent,368
7.0,0.1,0.75,1.0,2.0,6.0,5.0,0.0,1.0,0.0,1.0,0.0,0.0,0.0,0.0,0.0,0.0,RETREAT,-0.1,0.0,7,opponent,368
8.0,0.6666666666666666,0.75,1.0,2.0,6.0,5.0,0.0,1.0,0.0,0.0,0.0,1.0,0.0,0.0,0.0,0.0,PLAY_SUPPORTER,0.4,0.0,8,opponent,368
9.0,0.3333333333333333,0.75,1.0,2.0,6.0,5.0,0.0,0.0,0.0,0.0,0.0,0.0,0.0,0.0,0.0,1.0,PASS_TURN,0.0,0.0,9,opponent,368
10.0,0.16666666666666666,0.75,1.0,2.0,6.0,5.0,0.0,0.0,0.0,0.0,0.0,0.0,0.0,0.0,0.0,1.0,PASS_TURN,0.0,0.0,10,opponent,368
11.0,0.1,0.75,0.0,2.0,6.0,4.0,0.0,0.0,0.0,0.0,0.0,0.0,0.0,0.0,0.0,1.0,PASS_TURN,0.0,0.0,11,opponent,368
1.0,1.0,1.0,2.0,3.0,6.0,6.0,0.0,4.0,0.0,0.0,0.0,1.0,0.0,0.0,0.0,0.0,PLAY_SUPPORTER,0.4,0.0,1,opponent,369
2.0,1.0,1.0,2.0,3.0,6.0,6.0,0.0,3.0,0.0,0.0,0.0,1.0,0.0,0.0,0.0,0.0,PLAY_SUPPORTER,0.4,0.0,2,opponent,369
3.0,0.9166666666666666,1.0,2.0,3.0,6.0,6.0,0.0,2.0,0.0,0.0,0.0,1.0,0.0,0.0,0.0,0.0,PLAY_SUPPORTER,0.4,0.0,3,opponent,369
4.0,0.8333333333333334,1.0,2.0,3.0,6.0,6.0,0.0,1.0,0.0,0.0,0.0,1.0,0.0,0.0,0.0,0.0,PLAY_SUPPORTER,0.4,0.0,4,opponent,369
5.0,0.8333333333333334,1.0,2.0,3.0,6.0,6.0,0.0,0.0,0.0,0.0,0.0,0.0,0.0,0.0,0.0,1.0,PASS_TURN,0.0,0.0,5,opponent,369
6.0,0.6666666666666666,1.0,2.0,3.0,6.0,6.0,0.0,0.0,0.0,0.0,0.0,0.0,0.0,0.0,0.0,1.0,PASS_TURN,0.0,0.0,6,opponent,369
7.0,0.3333333333333333,1.0,2.0,3.0,6.0,6.0,0.0,0.0,0.0,0.0,0.0,0.0,0.0,0.0,0.0,1.0,PASS_TURN,0.0,0.0,7,opponent,369
8.0,0.16666666666666666,1.0,2.0,3.0,6.0,6.0,0.0,0.0,0.0,0.0,0.0,0.0,0.0,0.0,0.0,1.0,PASS_TURN,0.0,0.0,8,opponent,369
9.0,1.0,1.0,1.0,3.0,6.0,5.0,0.0,0.0,0.0,1.0,0.0,0.0,0.0,0.0,0.0,0.0,RETREAT,-0.1,0.0,9,opponent,369
10.0,0.8333333333333334,1.0,1.0,3.0,6.0,5.0,0.0,0.0,0.0,0.0,0.0,0.0,0.0,0.0,0.0,1.0,PASS_TURN,0.0,0.0,10,opponent,369
11.0,0.8333333333333334,1.0,1.0,3.0,6.0,5.0,0.0,0.0,0.0,1.0,0.0,0.0,0.0,0.0,0.0,0.0,RETREAT,-0.1,0.0,11,opponent,369
12.0,0.75,1.0,1.0,3.0,6.0,5.0,0.0,0.0,0.0,0.0,0.0,0.0,0.0,0.0,0.0,1.0,PASS_TURN,0.0,0.0,12,opponent,369
13.0,0.25,1.0,1.0,3.0,6.0,5.0,0.0,0.0,0.0,1.0,0.0,0.0,0.0,0.0,0.0,0.0,RETREAT,-0.1,0.0,13,opponent,369
14.0,0.5,1.0,1.0,3.0,6.0,5.0,0.0,0.0,0.0,0.0,0.0,0.0,0.0,0.0,0.0,1.0,PASS_TURN,0.0,0.0,14,opponent,369
15.0,0.25,1.0,0.0,3.0,6.0,4.0,0.0,0.0,0.0,0.0,0.0,0.0,0.0,0.0,0.0,1.0,PASS_TURN,0.0,0.0,15,opponent,369
1.0,1.0,1.0,2.0,3.0,6.0,6.0,0.0,4.0,0.0,0.0,0.0,1.0,0.0,0.0,0.0,0.0,PLAY_SUPPORTER,0.4,0.0,1,opponent,370
2.0,0.8,1.0,2.0,3.0,6.0,6.0,0.0,3.0,0.0,0.0,0.0,1.0,0.0,0.0,0.0,0.0,PLAY_SUPPORTER,0.4,0.0,2,opponent,370
3.0,0.5,1.0,2.0,3.0,6.0,6.0,0.0,2.0,0.0,0.0,0.0,1.0,0.0,0.0,0.0,0.0,PLAY_SUPPORTER,0.4,0.0,3,opponent,370
4.0,0.2,1.0,2.0,3.0,6.0,6.0,0.0,1.0,0.0,1.0,0.0,0.0,0.0,0.0,0.0,0.0,RETREAT,-0.1,0.0,4,opponent,370
5.0,0.7857142857142857,1.0,2.0,3.0,6.0,6.0,0.0,1.0,0.0,0.0,0.0,1.0,0.0,0.0,0.0,0.0,PLAY_SUPPORTER,0.4,0.0,5,opponent,370
6.0,0.5714285714285714,1.0,2.0,3.0,6.0,6.0,0.0,0.0,0.0,0.0,0.0,0.0,0.0,0.0,0.0,1.0,PASS_TURN,0.0,0.0,6,opponent,370
7.0,0.42857142857142855,1.0,2.0,3.0,6.0,6.0,0.0,0.0,0.0,0.0,0.0,0.0,0.0,0.0,0.0,1.0,PASS_TURN,0.0,0.0,7,opponent,370
8.0,0.2857142857142857,1.0,2.0,3.0,6.0,6.0,0.0,0.0,0.0,1.0,0.0,0.0,0.0,0.0,0.0,0.0,RETREAT,-0.1,0.0,8,opponent,370
9.0,0.2,1.0,2.0,3.0,6.0,6.0,0.0,0.0,0.0,1.0,0.0,0.0,0.0,0.0,0.0,0.0,RETREAT,-0.1,0.0,9,opponent,370
10.0,0.21428571428571427,1.0,2.0,3.0,6.0,6.0,0.0,0.0,0.0,1.0,0.0,0.0,0.0,0.0,0.0,0.0,RETREAT,-0.1,0.0,10,opponent,370
11.0,0.21428571428571427,1.0,1.0,3.0,6.0,5.0,0.0,0.0,0.0,1.0,0.0,0.0,0.0,0.0,0.0,0.0,RETREAT,-0.1,0.0,11,opponent,370
12.0,0.6666666666666666,1.0,1.0,3.0,6.0,5.0,0.0,0.0,0.0,1.0,0.0,0.0,0.0,0.0,0.0,0.0,RETREAT,-0.1,0.0,12,opponent,370
13.0,0.6666666666666666,1.0,0.0,3.0,6.0,4.0,0.0,0.0,0.0,0.0,0.0,0.0,0.0,0.0,0.0,1.0,PASS_TURN,0.0,0.0,13,opponent,370
14.0,0.3333333333333333,1.0,0.0,3.0,6.0,4.0,0.0,0.0,0.0,0.0,0.0,0.0,0.0,0.0,0.0,1.0,PASS_TURN,0.0,0.0,14,opponent,370
1.0,1.0,1.0,0.0,2.0,6.0,6.0,0.0,5.0,0.0,0.0,0.0,1.0,0.0,0.0,0.0,0.0,PLAY_SUPPORTER,0.4,0.0,1,opponent,371
2.0,0.9285714285714286,1.0,0.0,2.0,6.0,6.0,0.0,4.0,0.0,0.0,0.0,0.0,1.0,0.0,0.0,0.0,PLAY_BASIC_TO_BENCH,0.2,1.5,2,opponent,371
3.0,0.6428571428571429,1.0,1.0,2.0,6.0,6.0,0.0,3.0,0.0,0.0,0.0,1.0,0.0,0.0,0.0,0.0,PLAY_SUPPORTER,0.4,0.0,3,opponent,371
4.0,0.6428571428571429,1.0,1.0,2.0,6.0,6.0,0.0,2.0,0.0,0.0,0.0,0.0,1.0,0.0,0.0,0.0,PLAY_BASIC_TO_BENCH,0.2,1.5000000000000002,4,opponent,371
5.0,0.5,1.0,2.0,2.0,6.0,6.0,0.0,1.0,0.0,0.0,0.0,1.0,0.0,0.0,0.0,0.0,PLAY_SUPPORTER,0.4,0.0,5,opponent,371
6.0,0.5,1.0,2.0,2.0,6.0,6.0,0.0,0.0,0.0,0.0,0.0,0.0,0.0,0.0,0.0,1.0,PASS_TURN,0.0,0.0,6,opponent,371
7.0,0.35714285714285715,1.0,2.0,2.0,6.0,6.0,0.0,0.0,0.0,0.0,0.0,0.0,0.0,0.0,0.0,1.0,PASS_TURN,0.0,0.0,7,opponent,371
8.0,0.2857142857142857,1.0,2.0,2.0,6.0,6.0,0.0,0.0,0.0,1.0,0.0,0.0,0.0,0.0,0.0,0.0,RETREAT,-0.1,0.0,8,opponent,371
9.0,0.5,1.0,2.0,2.0,6.0,6.0,0.0,0.0,0.0,0.0,0.0,0.0,0.0,0.0,0.0,1.0,PASS_TURN,0.0,0.0,9,opponent,371
10.0,0.16666666666666666,1.0,2.0,2.0,6.0,6.0,0.0,0.0,0.0,1.0,0.0,0.0,0.0,0.0,0.0,0.0,RETREAT,-0.1,0.0,10,opponent,371
11.0,0.14285714285714285,1.0,2.0,2.0,6.0,6.0,0.0,0.0,0.0,1.0,0.0,0.0,0.0,0.0,0.0,0.0,RETREAT,-0.1,0.0,11,opponent,371
12.0,0.14285714285714285,1.0,1.0,2.0,6.0,5.0,0.0,0.0,0.0,1.0,0.0,0.0,0.0,0.0,0.0,0.0,RETREAT,-0.1,0.0,12,opponent,371
13.0,1.0,1.0,1.0,2.0,6.0,5.0,0.0,0.0,0.0,1.0,0.0,0.0,0.0,0.0,0.0,0.0,RETREAT,-0.1,0.0,13,opponent,371
14.0,1.0,1.0,0.0,2.0,6.0,4.0,0.0,0.0,0.0,0.0,0.0,0.0,0.0,0.0,0.0,1.0,PASS_TURN,0.0,0.0,14,opponent,371
15.0,0.3333333333333333,1.0,0.0,2.0,6.0,4.0,0.0,0.0,0.0,0.0,0.0,0.0,0.0,0.0,0.0,1.0,PASS_TURN,0.0,0.0,15,opponent,371
16.0,0.16666666666666666,1.0,0.0,2.0,6.0,4.0,0.0,0.0,0.0,0.0,0.0,0.0,0.0,0.0,0.0,1.0,PASS_TURN,0.0,0.0,16,opponent,371
1.0,1.0,1.0,0.0,3.0,6.0,6.0,0.0,4.0,0.0,0.0,0.0,1.0,0.0,0.0,0.0,0.0,PLAY_SUPPORTER,0.4,0.0,1,opponent,372
2.0,0.7,1.0,0.0,3.0,6.0,6.0,0.0,3.0,0.0,0.0,0.0,0.0,0.0,0.0,0.0,1.0,PASS_TURN,0.0,0.0,2,opponent,372
3.0,0.6,1.0,0.0,3.0,6.0,6.0,0.0,3.0,0.0,0.0,0.0,1.0,0.0,0.0,0.0,0.0,PLAY_SUPPORTER,0.4,0.0,3,opponent,372
4.0,0.4,1.0,0.0,3.0,6.0,6.0,0.0,2.0,0.0,0.0,0.0,1.0,0.0,0.0,0.0,0.0,PLAY_SUPPORTER,0.4,0.0,4,opponent,372
5.0,0.3,1.0,0.0,3.0,6.0,6.0,0.0,1.0,0.0,0.0,0.0,1.0,0.0,0.0,0.0,0.0,PLAY_SUPPORTER,0.4,0.0,5,opponent,372
6.0,0.3,1.0,0.0,3.0,6.0,6.0,0.0,0.0,0.0,0.0,0.0,0.0,0.0,0.0,0.0,1.0,PASS_TURN,0.0,0.0,6,opponent,372
1.0,1.0,1.0,2.0,2.0,6.0,6.0,1.0,2.0,0.0,0.0,1.0,0.0,0.0,0.0,0.0,0.0,ATTACH_ENERGY,0.3,0.7000000000000002,1,opponent,373
2.0,0.6666666666666666,1.0,2.0,2.0,6.0,6.0,0.0,2.0,1.0,0.0,0.0,0.0,0.0,0.0,0.0,0.0,ATTACK,1.5,0.2999999999999998,2,opponent,373
3.0,0.3333333333333333,0.5,2.0,2.0,6.0,6.0,0.0,2.0,1.0,0.0,0.0,0.0,0.0,0.0,0.0,0.0,ATTACK,6.5,-2.2,3,opponent,373
4.0,0.2222222222222222,1.0,2.0,1.0,5.0,6.0,0.0,2.0,1.0,0.0,0.0,0.0,0.0,0.0,0.0,0.0,ATTACK,1.5,0.2999999999999998,4,opponent,373
5.0,0.2222222222222222,0.75,2.0,1.0,5.0,6.0,0.0,2.0,0.0,1.0,0.0,0.0,0.0,0.0,0.0,0.0,RETREAT,-0.1,0.0,5,opponent,373
6.0,0.875,0.75,2.0,1.0,5.0,6.0,0.0,2.0,0.0,0.0,0.0,0.0,0.0,0.0,0.0,1.0,PASS_TURN,0.0,0.0,6,opponent,373
7.0,0.375,0.75,2.0,1.0,5.0,6.0,0.0,2.0,0.0,0.0,0.0,1.0,0.0,0.0,0.0,0.0,PLAY_SUPPORTER,0.4,0.0,7,opponent,373
8.0,0.2222222222222222,0.75,1.0,1.0,5.0,5.0,0.0,1.0,1.0,0.0,0.0,0.0,0.0,0.0,0.0,0.0,ATTACK,1.5,0.3,8,opponent,373
9.0,1.0,0.5,0.0,1.0,5.0,4.0,0.0,1.0,0.0,0.0,0.0,1.0,0.0,0.0,0.0,0.0,PLAY_SUPPORTER,0.4,0.0,9,opponent,373
10.0,0.7142857142857143,0.5,0.0,1.0,5.0,4.0,0.0,0.0,0.0,0.0,0.0,0.0,0.0,0.0,0.0,1.0,PASS_TURN,0.0,0.0,10,opponent,373
11.0,0.7142857142857143,0.5,0.0,1.0,5.0,4.0,0.0,0.0,0.0,0.0,0.0,0.0,0.0,0.0,0.0,1.0,PASS_TURN,0.0,0.0,11,opponent,373
12.0,0.42857142857142855,0.5,0.0,1.0,5.0,4.0,0.0,0.0,0.0,0.0,0.0,0.0,0.0,0.0,0.0,1.0,PASS_TURN,0.0,0.0,12,opponent,373
13.0,0.14285714285714285,0.5,0.0,1.0,5.0,4.0,0.0,0.0,0.0,0.0,0.0,0.0,0.0,0.0,0.0,1.0,PASS_TURN,0.0,0.0,13,opponent,373
14.0,0.07142857142857142,0.5,0.0,1.0,5.0,4.0,0.0,0.0,0.0,0.0,0.0,0.0,0.0,0.0,0.0,1.0,PASS_TURN,0.0,0.0,14,opponent,373
1.0,1.0,1.0,3.0,3.0,6.0,6.0,1.0,6.0,0.0,0.0,1.0,0.0,0.0,0.0,0.0,0.0,ATTACH_ENERGY,0.3,0.7,1,opponent,374
2.0,0.6666666666666666,1.0,3.0,3.0,6.0,6.0,0.0,6.0,0.0,0.0,0.0,1.0,0.0,0.0,0.0,0.0,PLAY_SUPPORTER,0.4,0.0,2,opponent,374
3.0,0.5555555555555556,1.0,3.0,3.0,6.0,6.0,0.0,5.0,0.0,0.0,0.0,1.0,0.0,0.0,0.0,0.0,PLAY_SUPPORTER,0.4,0.0,3,opponent,374
4.0,0.1111111111111111,1.0,3.0,3.0,6.0,6.0,0.0,4.0,0.0,1.0,0.0,0.0,0.0,0.0,0.0,0.0,RETREAT,-0.1,0.0,4,opponent,374
5.0,0.8571428571428571,1.0,3.0,3.0,6.0,6.0,0.0,4.0,0.0,0.0,0.0,0.0,1.0,0.0,0.0,0.0,PLAY_BASIC_TO_BENCH,0.2,1.0999999999999999,5,opponent,374
6.0,0.7142857142857143,1.0,4.0,3.0,6.0,6.0,0.0,3.0,0.0,0.0,0.0,1.0,0.0,0.0,0.0,0.0,PLAY_SUPPORTER,0.4,0.0,6,opponent,374
7.0,0.5714285714285714,1.0,4.0,3.0,6.0,6.0,0.0,2.0,0.0,0.0,0.0,1.0,0.0,0.0,0.0,0.0,PLAY_SUPPORTER,0.4,0.0,7,opponent,374
8.0,0.5714285714285714,1.0,4.0,3.0,6.0,6.0,0.0,1.0,0.0,1.0,0.0,0.0,0.0,0.0,0.0,0.0,RETREAT,-0.1,0.0,8,opponent,374
9.0,0.8,1.0,4.0,3.0,6.0,6.0,0.0,1.0,0.0,0.0,0.0,1.0,0.0,0.0,0.0,0.0,PLAY_SUPPORTER,0.4,0.0,9,opponent,374
10.0,0.6,1.0,4.0,3.0,6.0,6.0,0.0,0.0,0.0,1.0,0.0,0.0,0.0,0.0,0.0,0.0,RETREAT,-0.1,0.0,10,opponent,374
11.0,0.6666666666666666,1.0,4.0,3.0,6.0,6.0,0.0,0.0,0.0,0.0,0.0,0.0,0.0,0.0,0.0,1.0,PASS_TURN,0.0,0.0,11,opponent,374
12.0,1.0,1.0,3.0,3.0,6.0,5.0,0.0,0.0,0.0,0.0,0.0,0.0,0.0,0.0,0.0,1.0,PASS_TURN,0.0,0.0,12,opponent,374
13.0,0.6666666666666666,1.0,3.0,3.0,6.0,5.0,0.0,0.0,0.0,0.0,0.0,0.0,0.0,0.0,0.0,1.0,PASS_TURN,0.0,0.0,13,opponent,374
14.0,0.6666666666666666,1.0,3.0,3.0,6.0,5.0,0.0,0.0,0.0,1.0,0.0,0.0,0.0,0.0,0.0,0.0,RETREAT,-0.1,0.0,14,opponent,374
15.0,0.3,1.0,3.0,3.0,6.0,5.0,0.0,0.0,0.0,0.0,0.0,0.0,0.0,0.0,0.0,1.0,PASS_TURN,0.0,0.0,15,opponent,374
16.0,0.5714285714285714,1.0,2.0,3.0,6.0,4.0,0.0,0.0,0.0,0.0,0.0,0.0,0.0,0.0,0.0,1.0,PASS_TURN,0.0,0.0,16,opponent,374
17.0,0.42857142857142855,1.0,2.0,3.0,6.0,4.0,0.0,0.0,0.0,0.0,0.0,0.0,0.0,0.0,0.0,1.0,PASS_TURN,0.0,0.0,17,opponent,374
18.0,0.14285714285714285,1.0,2.0,3.0,6.0,4.0,0.0,0.0,0.0,1.0,0.0,0.0,0.0,0.0,0.0,0.0,RETREAT,-0.1,0.0,18,opponent,374
19.0,0.1111111111111111,1.0,2.0,3.0,6.0,4.0,0.0,0.0,0.0,1.0,0.0,0.0,0.0,0.0,0.0,0.0,RETREAT,-0.1,0.0,19,opponent,374
20.0,0.14285714285714285,1.0,2.0,3.0,6.0,4.0,0.0,0.0,0.0,1.0,0.0,0.0,0.0,0.0,0.0,0.0,RETREAT,-0.1,0.0,20,opponent,374
21.0,0.14285714285714285,1.0,1.0,3.0,6.0,3.0,0.0,0.0,0.0,1.0,0.0,0.0,0.0,0.0,0.0,0.0,RETREAT,-0.1,0.0,21,opponent,374
22.0,0.6666666666666666,1.0,1.0,3.0,6.0,3.0,0.0,0.0,0.0,0.0,0.0,0.0,0.0,0.0,0.0,1.0,PASS_TURN,0.0,0.0,22,opponent,374
23.0,0.5555555555555556,1.0,1.0,3.0,6.0,3.0,0.0,0.0,0.0,0.0,0.0,0.0,0.0,0.0,0.0,1.0,PASS_TURN,0.0,0.0,23,opponent,374
24.0,0.5555555555555556,1.0,1.0,3.0,6.0,3.0,0.0,0.0,0.0,0.0,0.0,0.0,0.0,0.0,0.0,1.0,PASS_TURN,0.0,0.0,24,opponent,374
25.0,0.1111111111111111,1.0,1.0,3.0,6.0,3.0,0.0,0.0,0.0,0.0,0.0,0.0,0.0,0.0,0.0,1.0,PASS_TURN,0.0,0.0,25,opponent,374
26.0,0.14285714285714285,1.0,0.0,3.0,6.0,2.0,0.0,0.0,0.0,0.0,0.0,0.0,0.0,0.0,0.0,1.0,PASS_TURN,0.0,0.0,26,opponent,374
1.0,1.0,1.0,2.0,0.0,6.0,6.0,3.0,2.0,0.0,0.0,1.0,0.0,0.0,0.0,0.0,0.0,ATTACH_ENERGY,0.3,0.7000000000000002,1,me,375
2.0,0.7,1.0,2.0,0.0,6.0,6.0,2.0,2.0,0.0,0.0,1.0,0.0,0.0,0.0,0.0,0.0,ATTACH_ENERGY,0.3,0.7000000000000002,2,me,375
3.0,0.5,1.0,2.0,0.0,6.0,6.0,1.0,2.0,0.0,1.0,0.0,0.0,0.0,0.0,0.0,0.0,RETREAT,-0.1,0.0,3,me,375
4.0,0.9,1.0,2.0,0.0,6.0,6.0,1.0,2.0,0.0,0.0,0.0,1.0,0.0,0.0,0.0,0.0,PLAY_SUPPORTER,0.4,0.0,4,me,375
5.0,0.9,1.0,2.0,0.0,6.0,6.0,1.0,1.0,0.0,0.0,0.0,1.0,0.0,0.0,0.0,0.0,PLAY_SUPPORTER,0.4,0.0,5,me,375
6.0,0.9,1.0,2.0,0.0,6.0,6.0,1.0,0.0,0.0,0.0,1.0,0.0,0.0,0.0,0.0,0.0,ATTACH_ENERGY,0.3,0.2999999999999998,6,me,375
7.0,0.8,1.0,2.0,0.0,6.0,6.0,0.0,0.0,1.0,0.0,0.0,0.0,0.0,0.0,0.0,0.0,ATTACK,1.5,0.30000000000000027,7,me,375
8.0,0.7,0.6666666666666666,2.0,0.0,6.0,6.0,0.0,0.0,1.0,0.0,0.0,0.0,0.0,0.0,0.0,0.0,ATTACK,1.5,0.2999999999999994,8,me,375
9.0,0.7,0.3333333333333333,2.0,0.0,6.0,6.0,0.0,0.0,1.0,0.0,0.0,0.0,0.0,0.0,0.0,0.0,ATTACK,6.5,-2.6999999999999993,9,me,375
1.0,1.0,1.0,1.0,2.0,6.0,6.0,1.0,5.0,0.0,0.0,0.0,0.0,1.0,0.0,0.0,0.0,PLAY_BASIC_TO_BENCH,0.2,1.9000000000000004,1,opponent,376
2.0,0.9,1.0,2.0,2.0,6.0,6.0,1.0,4.0,0.0,0.0,1.0,0.0,0.0,0.0,0.0,0.0,ATTACH_ENERGY,0.3,0.7000000000000002,2,opponent,376
3.0,0.7,1.0,2.0,2.0,6.0,6.0,0.0,4.0,1.0,0.0,0.0,0.0,0.0,0.0,0.0,0.0,ATTACK,1.0,0.20000000000000018,3,opponent,376
4.0,0.7,0.7142857142857143,2.0,2.0,6.0,6.0,0.0,4.0,0.0,1.0,0.0,0.0,0.0,0.0,0.0,0.0,RETREAT,-0.1,0.0,4,opponent,376
5.0,1.0,0.7142857142857143,2.0,2.0,6.0,6.0,0.0,4.0,0.0,0.0,0.0,0.0,0.0,0.0,0.0,1.0,PASS_TURN,0.0,0.0,5,opponent,376
6.0,0.6,0.7142857142857143,2.0,2.0,6.0,6.0,0.0,4.0,0.0,0.0,0.0,1.0,0.0,0.0,0.0,0.0,PLAY_SUPPORTER,0.4,0.0,6,opponent,376
7.0,0.6,0.7142857142857143,2.0,2.0,6.0,6.0,0.0,3.0,0.0,0.0,0.0,0.0,1.0,0.0,0.0,0.0,PLAY_BASIC_TO_BENCH,0.2,1.3,7,opponent,376
8.0,0.4,0.7142857142857143,3.0,2.0,6.0,6.0,0.0,2.0,0.0,0.0,0.0,1.0,0.0,0.0,0.0,0.0,PLAY_SUPPORTER,0.4,0.0,8,opponent,376
9.0,0.3,0.7142857142857143,3.0,2.0,6.0,6.0,0.0,1.0,0.0,0.0,0.0,1.0,0.0,0.0,0.0,0.0,PLAY_SUPPORTER,0.4,0.0,9,opponent,376
10.0,0.3,0.7142857142857143,3.0,2.0,6.0,6.0,0.0,0.0,0.0,0.0,0.0,0.0,0.0,0.0,0.0,1.0,PASS_TURN,0.0,0.0,10,opponent,376
11.0,0.2,0.7142857142857143,3.0,2.0,6.0,6.0,0.0,0.0,0.0,1.0,0.0,0.0,0.0,0.0,0.0,0.0,RETREAT,-0.1,0.0,11,opponent,376
12.0,1.0,0.7142857142857143,3.0,2.0,6.0,6.0,0.0,0.0,0.0,0.0,0.0,0.0,0.0,0.0,0.0,1.0,PASS_TURN,0.0,0.0,12,opponent,376
13.0,1.0,0.7142857142857143,3.0,2.0,6.0,6.0,0.0,0.0,0.0,0.0,0.0,0.0,0.0,0.0,0.0,1.0,PASS_TURN,0.0,0.0,13,opponent,376
14.0,0.7,0.7142857142857143,3.0,2.0,6.0,6.0,0.0,0.0,0.0,0.0,0.0,0.0,0.0,0.0,0.0,1.0,PASS_TURN,0.0,0.0,14,opponent,376
15.0,0.4,0.7142857142857143,3.0,2.0,6.0,6.0,0.0,0.0,0.0,0.0,0.0,0.0,0.0,0.0,0.0,1.0,PASS_TURN,0.0,0.0,15,opponent,376
16.0,0.4,0.7142857142857143,3.0,2.0,6.0,6.0,0.0,0.0,0.0,0.0,0.0,0.0,0.0,0.0,0.0,1.0,PASS_TURN,0.0,0.0,16,opponent,376
17.0,0.1,0.7142857142857143,3.0,2.0,6.0,6.0,0.0,0.0,0.0,1.0,0.0,0.0,0.0,0.0,0.0,0.0,RETREAT,-0.1,0.0,17,opponent,376
18.0,0.2,0.7142857142857143,3.0,2.0,6.0,6.0,0.0,0.0,0.0,1.0,0.0,0.0,0.0,0.0,0.0,0.0,RETREAT,-0.1,0.0,18,opponent,376
19.0,0.2,0.7142857142857143,2.0,2.0,6.0,5.0,0.0,0.0,0.0,0.0,0.0,0.0,0.0,0.0,0.0,1.0,PASS_TURN,0.0,0.0,19,opponent,376
20.0,0.7,0.7142857142857143,1.0,2.0,6.0,4.0,0.0,0.0,1.0,0.0,0.0,0.0,0.0,0.0,0.0,0.0,ATTACK,1.0,0.20000000000000018,20,opponent,376
21.0,0.6,0.42857142857142855,1.0,2.0,6.0,4.0,0.0,0.0,1.0,0.0,0.0,0.0,0.0,0.0,0.0,0.0,ATTACK,1.0,0.20000000000000018,21,opponent,376
22.0,0.4,0.14285714285714285,1.0,2.0,6.0,4.0,0.0,0.0,1.0,0.0,0.0,0.0,0.0,0.0,0.0,0.0,ATTACK,6.0,-2.4000000000000004,22,opponent,376
23.0,0.1,1.0,1.0,1.0,5.0,4.0,0.0,0.0,0.0,1.0,0.0,0.0,0.0,0.0,0.0,0.0,RETREAT,-0.1,0.0,23,opponent,376
24.0,0.75,1.0,1.0,1.0,5.0,4.0,0.0,0.0,0.0,0.0,0.0,0.0,0.0,0.0,0.0,1.0,PASS_TURN,0.0,0.0,24,opponent,376
25.0,0.5,1.0,1.0,1.0,5.0,4.0,0.0,0.0,0.0,0.0,0.0,0.0,0.0,0.0,0.0,1.0,PASS_TURN,0.0,0.0,25,opponent,376
26.0,0.1,1.0,0.0,1.0,5.0,3.0,0.0,0.0,1.0,0.0,0.0,0.0,0.0,0.0,0.0,0.0,ATTACK,1.0,0.20000000000000018,26,opponent,376
1.0,1.0,1.0,0.0,1.0,6.0,6.0,3.0,6.0,0.0,0.0,1.0,0.0,0.0,0.0,0.0,0.0,ATTACH_ENERGY,0.3,0.7000000000000001,1,opponent,377
2.0,0.8333333333333334,1.0,0.0,1.0,6.0,6.0,2.0,6.0,1.0,0.0,0.0,0.0,0.0,0.0,0.0,0.0,ATTACK,1.0,0.19999999999999996,2,opponent,377
3.0,0.5833333333333334,0.75,0.0,1.0,6.0,6.0,2.0,6.0,1.0,0.0,0.0,0.0,0.0,0.0,0.0,0.0,ATTACK,1.0,0.19999999999999996,3,opponent,377
4.0,0.3333333333333333,0.5,0.0,1.0,6.0,6.0,2.0,6.0,0.0,0.0,0.0,1.0,0.0,0.0,0.0,0.0,PLAY_SUPPORTER,0.4,0.0,4,opponent,377
1.0,1.0,1.0,1.0,2.0,6.0,6.0,3.0,7.0,0.0,0.0,1.0,0.0,0.0,0.0,0.0,0.0,ATTACH_ENERGY,0.3,0.7000000000000001,1,opponent,378
2.0,1.0,1.0,1.0,2.0,6.0,6.0,2.0,7.0,1.0,0.0,0.0,0.0,0.0,0.0,0.0,0.0,ATTACK,1.5,0.30000000000000004,2,opponent,378
3.0,0.9285714285714286,0.5714285714285714,1.0,2.0,6.0,6.0,2.0,7.0,1.0,0.0,0.0,0.0,0.0,0.0,0.0,0.0,ATTACK,1.5,0.30000000000000004,3,opponent,378
4.0,0.7857142857142857,0.14285714285714285,1.0,2.0,6.0,6.0,2.0,7.0,1.0,0.0,0.0,0.0,0.0,0.0,0.0,0.0,ATTACK,6.5,-2.4000000000000004,4,opponent,378
5.0,0.5714285714285714,1.0,1.0,1.0,5.0,6.0,2.0,7.0,0.0,0.0,0.0,0.0,0.0,0.0,0.0,1.0,PASS_TURN,0.0,0.0,5,opponent,378
6.0,0.5714285714285714,1.0,1.0,1.0,5.0,6.0,2.0,7.0,1.0,0.0,0.0,0.0,0.0,0.0,0.0,0.0,ATTACK,1.5,0.30000000000000027,6,opponent,378
7.0,0.5714285714285714,0.5714285714285714,1.0,1.0,5.0,6.0,2.0,7.0,1.0,0.0,0.0,0.0,0.0,0.0,0.0,0.0,ATTACK,1.5,0.2999999999999998,7,opponent,378
8.0,0.2857142857142857,0.14285714285714285,1.0,1.0,5.0,6.0,2.0,7.0,1.0,0.0,0.0,0.0,0.0,0.0,0.0,0.0,ATTACK,6.5,-2.4000000000000004,8,opponent,378
9.0,0.14285714285714285,1.0,1.0,0.0,4.0,6.0,2.0,7.0,1.0,0.0,0.0,0.0,0.0,0.0,0.0,0.0,ATTACK,1.5,0.2999999999999998,9,opponent,378
10.0,1.0,0.6666666666666666,0.0,0.0,4.0,5.0,2.0,7.0,0.0,0.0,0.0,1.0,0.0,0.0,0.0,0.0,PLAY_SUPPORTER,0.4,0.0,10,opponent,378
11.0,0.5,0.6666666666666666,0.0,0.0,4.0,5.0,2.0,6.0,0.0,0.0,0.0,1.0,0.0,0.0,0.0,0.0,PLAY_SUPPORTER,0.4,0.0,11,opponent,378
1.0,1.0,1.0,2.0,1.0,6.0,6.0,3.0,7.0,0.0,0.0,1.0,0.0,0.0,0.0,0.0,0.0,ATTACH_ENERGY,0.3,0.7000000000000002,1,me,379
2.0,0.9166666666666666,1.0,2.0,1.0,6.0,6.0,2.0,7.0,0.0,0.0,1.0,0.0,0.0,0.0,0.0,0.0,ATTACH_ENERGY,0.3,0.7000000000000006,2,me,379
3.0,0.8333333333333334,1.0,2.0,1.0,6.0,6.0,1.0,7.0,0.0,0.0,1.0,0.0,0.0,0.0,0.0,0.0,ATTACH_ENERGY,0.3,0.7000000000000002,3,me,379
4.0,0.6666666666666666,1.0,2.0,1.0,6.0,6.0,0.0,7.0,1.0,0.0,0.0,0.0,0.0,0.0,0.0,0.0,ATTACK,0.5,0.09999999999999964,4,me,379
5.0,0.4166666666666667,0.875,2.0,1.0,6.0,6.0,0.0,7.0,1.0,0.0,0.0,0.0,0.0,0.0,0.0,0.0,ATTACK,0.5,0.09999999999999964,5,me,379
6.0,0.4166666666666667,0.75,2.0,1.0,6.0,6.0,0.0,7.0,1.0,0.0,0.0,0.0,0.0,0.0,0.0,0.0,ATTACK,0.5,0.10000000000000053,6,me,379
7.0,0.3333333333333333,0.625,2.0,1.0,6.0,6.0,0.0,7.0,0.0,0.0,0.0,0.0,1.0,0.0,0.0,0.0,PLAY_BASIC_TO_BENCH,0.2,1.4000000000000004,7,me,379
8.0,0.3333333333333333,0.625,3.0,1.0,6.0,6.0,0.0,6.0,0.0,1.0,0.0,0.0,0.0,0.0,0.0,0.0,RETREAT,-0.1,0.0,8,me,379
9.0,0.7777777777777778,0.625,3.0,1.0,6.0,6.0,0.0,6.0,0.0,0.0,0.0,1.0,0.0,0.0,0.0,0.0,PLAY_SUPPORTER,0.4,0.0,9,me,379
10.0,0.5555555555555556,0.625,3.0,1.0,6.0,6.0,0.0,5.0,0.0,0.0,0.0,1.0,0.0,0.0,0.0,0.0,PLAY_SUPPORTER,0.4,0.0,10,me,379
11.0,0.1111111111111111,0.625,3.0,1.0,6.0,6.0,0.0,4.0,0.0,1.0,0.0,0.0,0.0,0.0,0.0,0.0,RETREAT,-0.1,0.0,11,me,379
12.0,1.0,0.625,3.0,1.0,6.0,6.0,0.0,4.0,0.0,1.0,0.0,0.0,0.0,0.0,0.0,0.0,RETREAT,-0.1,0.0,12,me,379
13.0,1.0,0.625,2.0,1.0,6.0,5.0,0.0,4.0,0.0,0.0,0.0,1.0,0.0,0.0,0.0,0.0,PLAY_SUPPORTER,0.4,0.0,13,me,379
14.0,1.0,0.625,2.0,1.0,6.0,5.0,0.0,3.0,0.0,0.0,0.0,1.0,0.0,0.0,0.0,0.0,PLAY_SUPPORTER,0.4,0.0,14,me,379
15.0,0.75,0.625,2.0,1.0,6.0,5.0,0.0,2.0,0.0,0.0,0.0,1.0,0.0,0.0,0.0,0.0,PLAY_SUPPORTER,0.4,0.0,15,me,379
16.0,0.5833333333333334,0.625,2.0,1.0,6.0,5.0,0.0,1.0,0.0,0.0,0.0,1.0,0.0,0.0,0.0,0.0,PLAY_SUPPORTER,0.4,0.0,16,me,379
17.0,0.25,0.625,2.0,1.0,6.0,5.0,0.0,0.0,0.0,1.0,0.0,0.0,0.0,0.0,0.0,0.0,RETREAT,-0.1,0.0,17,me,379
18.0,1.0,0.625,2.0,1.0,6.0,5.0,0.0,0.0,1.0,0.0,0.0,0.0,0.0,0.0,0.0,0.0,ATTACK,1.5,0.3000000000000007,18,me,379
19.0,1.0,0.25,2.0,1.0,6.0,5.0,0.0,0.0,1.0,0.0,0.0,0.0,0.0,0.0,0.0,0.0,ATTACK,6.5,-2.3,19,me,379
20.0,0.75,1.0,2.0,0.0,5.0,5.0,0.0,0.0,1.0,0.0,0.0,0.0,0.0,0.0,0.0,0.0,ATTACK,1.5,0.2999999999999998,20,me,379
21.0,0.75,0.5714285714285714,2.0,0.0,5.0,5.0,0.0,0.0,0.0,1.0,0.0,0.0,0.0,0.0,0.0,0.0,RETREAT,-0.1,0.0,21,me,379
22.0,0.25,0.5714285714285714,2.0,0.0,5.0,5.0,0.0,0.0,0.0,1.0,0.0,0.0,0.0,0.0,0.0,0.0,RETREAT,-0.1,0.0,22,me,379
23.0,0.25,0.5714285714285714,1.0,0.0,5.0,4.0,0.0,0.0,0.0,1.0,0.0,0.0,0.0,0.0,0.0,0.0,RETREAT,-0.1,0.0,23,me,379
24.0,0.75,0.5714285714285714,1.0,0.0,5.0,4.0,0.0,0.0,1.0,0.0,0.0,0.0,0.0,0.0,0.0,0.0,ATTACK,1.5,0.29999999999999893,24,me,379
25.0,0.625,0.14285714285714285,1.0,0.0,5.0,4.0,0.0,0.0,1.0,0.0,0.0,0.0,0.0,0.0,0.0,0.0,ATTACK,6.5,-2.8999999999999995,25,me,379
1.0,1.0,1.0,3.0,0.0,6.0,6.0,0.0,3.0,0.0,0.0,0.0,1.0,0.0,0.0,0.0,0.0,PLAY_SUPPORTER,0.4,0.0,1,opponent,380
2.0,0.9,1.0,3.0,0.0,6.0,6.0,0.0,2.0,0.0,0.0,0.0,1.0,0.0,0.0,0.0,0.0,PLAY_SUPPORTER,0.4,0.0,2,opponent,380
3.0,0.8,1.0,3.0,0.0,6.0,6.0,0.0,1.0,0.0,0.0,0.0,1.0,0.0,0.0,0.0,0.0,PLAY_SUPPORTER,0.4,0.0,3,opponent,380
4.0,0.5,1.0,3.0,0.0,6.0,6.0,0.0,0.0,0.0,0.0,0.0,0.0,0.0,0.0,0.0,1.0,PASS_TURN,0.0,0.0,4,opponent,380
5.0,0.3,1.0,3.0,0.0,6.0,6.0,0.0,0.0,0.0,0.0,0.0,0.0,0.0,0.0,0.0,1.0,PASS_TURN,0.0,0.0,5,opponent,380
6.0,0.2,1.0,3.0,0.0,6.0,6.0,0.0,0.0,0.0,1.0,0.0,0.0,0.0,0.0,0.0,0.0,RETREAT,-0.1,0.0,6,opponent,380
7.0,1.0,1.0,3.0,0.0,6.0,6.0,0.0,0.0,0.0,0.0,0.0,0.0,0.0,0.0,0.0,1.0,PASS_TURN,0.0,0.0,7,opponent,380
8.0,0.7777777777777778,1.0,3.0,0.0,6.0,6.0,0.0,0.0,0.0,0.0,0.0,0.0,0.0,0.0,0.0,1.0,PASS_TURN,0.0,0.0,8,opponent,380
9.0,0.5555555555555556,1.0,3.0,0.0,6.0,6.0,0.0,0.0,0.0,0.0,0.0,0.0,0.0,0.0,0.0,1.0,PASS_TURN,0.0,0.0,9,opponent,380
10.0,0.5555555555555556,1.0,3.0,0.0,6.0,6.0,0.0,0.0,0.0,0.0,0.0,0.0,0.0,0.0,0.0,1.0,PASS_TURN,0.0,0.0,10,opponent,380
11.0,0.3333333333333333,1.0,3.0,0.0,6.0,6.0,0.0,0.0,0.0,0.0,0.0,0.0,0.0,0.0,0.0,1.0,PASS_TURN,0.0,0.0,11,opponent,380
12.0,0.2222222222222222,1.0,3.0,0.0,6.0,6.0,0.0,0.0,0.0,1.0,0.0,0.0,0.0,0.0,0.0,0.0,RETREAT,-0.1,0.0,12,opponent,380
13.0,0.7857142857142857,1.0,3.0,0.0,6.0,6.0,0.0,0.0,0.0,0.0,0.0,0.0,0.0,0.0,0.0,1.0,PASS_TURN,0.0,0.0,13,opponent,380
14.0,0.7857142857142857,1.0,3.0,0.0,6.0,6.0,0.0,0.0,0.0,0.0,0.0,0.0,0.0,0.0,0.0,1.0,PASS_TURN,0.0,0.0,14,opponent,380
15.0,0.5,1.0,3.0,0.0,6.0,6.0,0.0,0.0,0.0,0.0,0.0,0.0,0.0,0.0,0.0,1.0,PASS_TURN,0.0,0.0,15,opponent,380
16.0,0.5,1.0,3.0,0.0,6.0,6.0,0.0,0.0,0.0,0.0,0.0,0.0,0.0,0.0,0.0,1.0,PASS_TURN,0.0,0.0,16,opponent,380
17.0,0.2857142857142857,1.0,3.0,0.0,6.0,6.0,0.0,0.0,0.0,1.0,0.0,0.0,0.0,0.0,0.0,0.0,RETREAT,-0.1,0.0,17,opponent,380
18.0,0.2,1.0,3.0,0.0,6.0,6.0,0.0,0.0,0.0,1.0,0.0,0.0,0.0,0.0,0.0,0.0,RETREAT,-0.1,0.0,18,opponent,380
19.0,0.07142857142857142,1.0,3.0,0.0,6.0,6.0,0.0,0.0,0.0,1.0,0.0,0.0,0.0,0.0,0.0,0.0,RETREAT,-0.1,0.0,19,opponent,380
20.0,0.07142857142857142,1.0,2.0,0.0,6.0,5.0,0.0,0.0,0.0,1.0,0.0,0.0,0.0,0.0,0.0,0.0,RETREAT,-0.1,0.0,20,opponent,380
21.0,0.42857142857142855,1.0,2.0,0.0,6.0,5.0,0.0,0.0,0.0,0.0,0.0,0.0,0.0,0.0,0.0,1.0,PASS_TURN,0.0,0.0,21,opponent,380
22.0,0.2857142857142857,1.0,2.0,0.0,6.0,5.0,0.0,0.0,0.0,1.0,0.0,0.0,0.0,0.0,0.0,0.0,RETREAT,-0.1,0.0,22,opponent,380
23.0,0.2857142857142857,1.0,1.0,0.0,6.0,4.0,0.0,0.0,0.0,1.0,0.0,0.0,0.0,0.0,0.0,0.0,RETREAT,-0.1,0.0,23,opponent,380
24.0,0.1111111111111111,1.0,1.0,0.0,6.0,4.0,0.0,0.0,0.0,1.0,0.0,0.0,0.0,0.0,0.0,0.0,RETREAT,-0.1,0.0,24,opponent,380
25.0,0.1111111111111111,1.0,0.0,0.0,6.0,3.0,0.0,0.0,0.0,0.0,0.0,0.0,0.0,0.0,0.0,1.0,PASS_TURN,0.0,0.0,25,opponent,380
26.0,0.1111111111111111,1.0,0.0,0.0,6.0,3.0,0.0,0.0,0.0,0.0,0.0,0.0,0.0,0.0,0.0,1.0,PASS_TURN,0.0,0.0,26,opponent,380
1.0,1.0,1.0,2.0,1.0,6.0,6.0,3.0,3.0,0.0,0.0,1.0,0.0,0.0,0.0,0.0,0.0,ATTACH_ENERGY,0.3,0.7000000000000002,1,me,381
2.0,0.7142857142857143,1.0,2.0,1.0,6.0,6.0,2.0,3.0,1.0,0.0,0.0,0.0,0.0,0.0,0.0,0.0,ATTACK,1.0,0.19999999999999973,2,me,381
3.0,0.5714285714285714,0.8,2.0,1.0,6.0,6.0,2.0,3.0,0.0,0.0,1.0,0.0,0.0,0.0,0.0,0.0,ATTACH_ENERGY,0.3,0.6999999999999997,3,me,381
4.0,0.2857142857142857,0.8,2.0,1.0,6.0,6.0,1.0,3.0,0.0,1.0,0.0,0.0,0.0,0.0,0.0,0.0,RETREAT,-0.1,0.0,4,me,381
5.0,0.6666666666666666,0.8,2.0,1.0,6.0,6.0,1.0,3.0,0.0,0.0,0.0,1.0,0.0,0.0,0.0,0.0,PLAY_SUPPORTER,0.4,0.0,5,me,381
6.0,0.6666666666666666,0.8,2.0,1.0,6.0,6.0,1.0,2.0,0.0,0.0,0.0,1.0,0.0,0.0,0.0,0.0,PLAY_SUPPORTER,0.4,0.0,6,me,381
7.0,0.2222222222222222,0.8,2.0,1.0,6.0,6.0,1.0,1.0,0.0,1.0,0.0,0.0,0.0,0.0,0.0,0.0,RETREAT,-0.1,0.0,7,me,381
8.0,0.14285714285714285,0.8,2.0,1.0,6.0,6.0,1.0,1.0,0.0,1.0,0.0,0.0,0.0,0.0,0.0,0.0,RETREAT,-0.1,0.0,8,me,381
9.0,0.1111111111111111,0.8,2.0,1.0,6.0,6.0,1.0,1.0,0.0,1.0,0.0,0.0,0.0,0.0,0.0,0.0,RETREAT,-0.1,0.0,9,me,381
10.0,0.14285714285714285,0.8,2.0,1.0,6.0,6.0,1.0,1.0,0.0,0.0,0.0,0.0,0.0,0.0,0.0,1.0,PASS_TURN,0.0,0.0,10,me,381
11.0,0.14285714285714285,0.8,2.0,1.0,6.0,6.0,1.0,1.0,0.0,1.0,0.0,0.0,0.0,0.0,0.0,0.0,RETREAT,-0.1,0.0,11,me,381
12.0,0.14285714285714285,0.8,1.0,1.0,6.0,5.0,1.0,1.0,0.0,0.0,1.0,0.0,0.0,0.0,0.0,0.0,ATTACH_ENERGY,0.3,0.2999999999999998,12,me,381
13.0,0.07142857142857142,0.8,1.0,1.0,6.0,5.0,0.0,1.0,0.0,1.0,0.0,0.0,0.0,0.0,0.0,0.0,RETREAT,-0.1,0.0,13,me,381
14.0,1.0,0.8,1.0,1.0,6.0,5.0,0.0,1.0,1.0,0.0,0.0,0.0,0.0,0.0,0.0,0.0,ATTACK,1.5,0.2999999999999998,14,me,381
15.0,1.0,0.5,1.0,1.0,6.0,5.0,0.0,1.0,1.0,0.0,0.0,0.0,0.0,0.0,0.0,0.0,ATTACK,1.5,0.30000000000000027,15,me,381
16.0,0.7777777777777778,0.2,1.0,1.0,6.0,5.0,0.0,1.0,1.0,0.0,0.0,0.0,0.0,0.0,0.0,0.0,ATTACK,6.5,-2.3,16,me,381
17.0,0.6666666666666666,1.0,1.0,0.0,5.0,5.0,0.0,1.0,1.0,0.0,0.0,0.0,0.0,0.0,0.0,0.0,ATTACK,1.5,0.30000000000000004,17,me,381
18.0,0.4444444444444444,0.5714285714285714,1.0,0.0,5.0,5.0,0.0,1.0,1.0,0.0,0.0,0.0,0.0,0.0,0.0,0.0,ATTACK,1.5,0.2999999999999998,18,me,381
19.0,0.1111111111111111,0.14285714285714285,1.0,0.0,5.0,5.0,0.0,1.0,0.0,0.0,0.0,1.0,0.0,0.0,0.0,0.0,PLAY_SUPPORTER,0.4,0.0,19,me,381
20.0,0.1111111111111111,0.14285714285714285,1.0,0.0,5.0,5.0,0.0,0.0,1.0,0.0,0.0,0.0,0.0,0.0,0.0,0.0,ATTACK,6.5,-2.9,20,me,381
1.0,1.0,1.0,0.0,3.0,6.0,6.0,2.0,5.0,0.0,0.0,1.0,0.0,0.0,0.0,0.0,0.0,ATTACH_ENERGY,0.3,0.6999999999999997,1,opponent,382
2.0,1.0,1.0,0.0,3.0,6.0,6.0,1.0,5.0,0.0,0.0,0.0,1.0,0.0,0.0,0.0,0.0,PLAY_SUPPORTER,0.4,0.0,2,opponent,382
3.0,0.8571428571428571,1.0,0.0,3.0,6.0,6.0,1.0,4.0,0.0,0.0,1.0,0.0,0.0,0.0,0.0,0.0,ATTACH_ENERGY,0.3,0.7000000000000006,3,opponent,382
4.0,0.42857142857142855,1.0,0.0,3.0,6.0,6.0,0.0,4.0,0.0,0.0,0.0,1.0,0.0,0.0,0.0,0.0,PLAY_SUPPORTER,0.4,0.0,4,opponent,382
5.0,0.42857142857142855,1.0,0.0,3.0,6.0,6.0,0.0,3.0,1.0,0.0,0.0,0.0,0.0,0.0,0.0,0.0,ATTACK,0.5,0.10000000000000098,5,opponent,382
1.0,1.0,1.0,0.0,3.0,6.0,6.0,2.0,7.0,0.0,0.0,1.0,0.0,0.0,0.0,0.0,0.0,ATTACH_ENERGY,0.3,0.7000000000000002,1,opponent,383
2.0,1.0,1.0,0.0,3.0,6.0,6.0,1.0,7.0,0.0,0.0,1.0,0.0,0.0,0.0,0.0,0.0,ATTACH_ENERGY,0.3,0.6999999999999993,2,opponent,383
3.0,0.8571428571428571,1.0,0.0,3.0,6.0,6.0,0.0,7.0,1.0,0.0,0.0,0.0,0.0,0.0,0.0,0.0,ATTACK,1.0,0.1999999999999993,3,opponent,383
4.0,0.2857142857142857,0.6666666666666666,0.0,3.0,6.0,6.0,0.0,7.0,0.0,0.0,0.0,1.0,0.0,0.0,0.0,0.0,PLAY_SUPPORTER,0.4,0.0,4,opponent,383
1.0,1.0,1.0,0.0,1.0,6.0,6.0,0.0,4.0,0.0,0.0,0.0,1.0,0.0,0.0,0.0,0.0,PLAY_SUPPORTER,0.4,0.0,1,opponent,384
2.0,0.5,1.0,0.0,1.0,6.0,6.0,0.0,3.0,0.0,0.0,0.0,1.0,0.0,0.0,0.0,0.0,PLAY_SUPPORTER,0.4,0.0,2,opponent,384
1.0,1.0,1.0,1.0,2.0,6.0,6.0,3.0,4.0,0.0,0.0,1.0,0.0,0.0,0.0,0.0,0.0,ATTACH_ENERGY,0.3,0.7000000000000002,1,opponent,385
2.0,0.75,1.0,1.0,2.0,6.0,6.0,2.0,4.0,1.0,0.0,0.0,0.0,0.0,0.0,0.0,0.0,ATTACK,1.5,0.30000000000000004,2,opponent,385
3.0,0.5,0.7,1.0,2.0,6.0,6.0,2.0,4.0,0.0,0.0,0.0,1.0,0.0,0.0,0.0,0.0,PLAY_SUPPORTER,0.4,0.0,3,opponent,385
4.0,0.3333333333333333,0.7,1.0,2.0,6.0,6.0,2.0,3.0,1.0,0.0,0.0,0.0,0.0,0.0,0.0,0.0,ATTACK,1.5,0.30000000000000004,4,opponent,385
5.0,0.25,0.4,1.0,2.0,6.0,6.0,2.0,3.0,1.0,0.0,0.0,0.0,0.0,0.0,0.0,0.0,ATTACK,1.5,0.30000000000000004,5,opponent,385
6.0,0.16666666666666666,0.1,1.0,2.0,6.0,6.0,2.0,3.0,1.0,0.0,0.0,0.0,0.0,0.0,0.0,0.0,ATTACK,6.5,-2.4000000000000004,6,opponent,385
7.0,1.0,1.0,0.0,1.0,5.0,5.0,2.0,3.0,0.0,0.0,0.0,1.0,0.0,0.0,0.0,0.0,PLAY_SUPPORTER,0.4,0.0,7,opponent,385
8.0,0.875,1.0,0.0,1.0,5.0,5.0,2.0,2.0,0.0,0.0,0.0,1.0,0.0,0.0,0.0,0.0,PLAY_SUPPORTER,0.4,0.0,8,opponent,385
9.0,0.75,1.0,0.0,1.0,5.0,5.0,2.0,1.0,0.0,0.0,0.0,1.0,0.0,0.0,0.0,0.0,PLAY_SUPPORTER,0.4,0.0,9,opponent,385
10.0,0.25,1.0,0.0,1.0,5.0,5.0,2.0,0.0,0.0,0.0,1.0,0.0,0.0,0.0,0.0,0.0,ATTACH_ENERGY,0.3,0.30000000000000004,10,opponent,385
1.0,1.0,1.0,0.0,0.0,6.0,6.0,0.0,4.0,0.0,0.0,0.0,1.0,0.0,0.0,0.0,0.0,PLAY_SUPPORTER,0.4,0.0,1,opponent,386
2.0,0.5555555555555556,1.0,0.0,0.0,6.0,6.0,0.0,3.0,0.0,0.0,0.0,1.0,0.0,0.0,0.0,0.0,PLAY_SUPPORTER,0.4,0.0,2,opponent,386
3.0,0.5555555555555556,1.0,0.0,0.0,6.0,6.0,0.0,2.0,0.0,0.0,0.0,1.0,0.0,0.0,0.0,0.0,PLAY_SUPPORTER,0.4,0.0,3,opponent,386
4.0,0.2222222222222222,1.0,0.0,0.0,6.0,6.0,0.0,1.0,0.0,0.0,0.0,1.0,0.0,0.0,0.0,0.0,PLAY_SUPPORTER,0.4,0.0,4,opponent,386
5.0,0.2222222222222222,1.0,0.0,0.0,6.0,6.0,0.0,0.0,0.0,0.0,0.0,0.0,0.0,0.0,0.0,1.0,PASS_TURN,0.0,0.0,5,opponent,386
1.0,1.0,1.0,2.0,1.0,6.0,6.0,2.0,3.0,0.0,0.0,1.0,0.0,0.0,0.0,0.0,0.0,ATTACH_ENERGY,0.3,0.6999999999999997,1,opponent,387
2.0,0.7142857142857143,1.0,2.0,1.0,6.0,6.0,1.0,3.0,1.0,0.0,0.0,0.0,0.0,0.0,0.0,0.0,ATTACK,1.0,0.19999999999999973,2,opponent,387
3.0,0.5,0.7142857142857143,2.0,1.0,6.0,6.0,1.0,3.0,1.0,0.0,0.0,0.0,0.0,0.0,0.0,0.0,ATTACK,1.0,0.19999999999999973,3,opponent,387
4.0,0.5,0.42857142857142855,2.0,1.0,6.0,6.0,1.0,3.0,1.0,0.0,0.0,0.0,0.0,0.0,0.0,0.0,ATTACK,1.0,0.19999999999999973,4,opponent,387
5.0,0.21428571428571427,0.14285714285714285,2.0,1.0,6.0,6.0,1.0,3.0,1.0,0.0,0.0,0.0,0.0,0.0,0.0,0.0,ATTACK,6.0,-2.4000000000000004,5,opponent,387
6.0,1.0,1.0,1.0,0.0,5.0,5.0,1.0,3.0,0.0,0.0,0.0,1.0,0.0,0.0,0.0,0.0,PLAY_SUPPORTER,0.4,0.0,6,opponent,387
7.0,0.6666666666666666,1.0,1.0,0.0,5.0,5.0,1.0,2.0,0.0,0.0,0.0,1.0,0.0,0.0,0.0,0.0,PLAY_SUPPORTER,0.4,0.0,7,opponent,387
8.0,0.3333333333333333,1.0,1.0,0.0,5.0,5.0,1.0,1.0,0.0,0.0,0.0,1.0,0.0,0.0,0.0,0.0,PLAY_SUPPORTER,0.4,0.0,8,opponent,387
9.0,1.0,1.0,0.0,0.0,5.0,4.0,1.0,0.0,0.0,0.0,1.0,0.0,0.0,0.0,0.0,0.0,ATTACH_ENERGY,0.3,0.2999999999999998,9,opponent,387
10.0,0.7857142857142857,1.0,0.0,0.0,5.0,4.0,0.0,0.0,1.0,0.0,0.0,0.0,0.0,0.0,0.0,0.0,ATTACK,1.0,0.19999999999999973,10,opponent,387
11.0,0.5714285714285714,0.8571428571428571,0.0,0.0,5.0,4.0,0.0,0.0,1.0,0.0,0.0,0.0,0.0,0.0,0.0,0.0,ATTACK,1.0,0.19999999999999973,11,opponent,387
12.0,0.5,0.7142857142857143,0.0,0.0,5.0,4.0,0.0,0.0,1.0,0.0,0.0,0.0,0.0,0.0,0.0,0.0,ATTACK,1.0,0.19999999999999973,12,opponent,387
13.0,0.21428571428571427,0.5714285714285714,0.0,0.0,5.0,4.0,0.0,0.0,1.0,0.0,0.0,0.0,0.0,0.0,0.0,0.0,ATTACK,1.0,0.20000000000000018,13,opponent,387
1.0,1.0,1.0,1.0,2.0,6.0,6.0,2.0,5.0,0.0,0.0,1.0,0.0,0.0,0.0,0.0,0.0,ATTACH_ENERGY,0.3,0.7000000000000001,1,opponent,388
2.0,1.0,1.0,1.0,2.0,6.0,6.0,1.0,5.0,1.0,0.0,0.0,0.0,0.0,0.0,0.0,0.0,ATTACK,1.5,0.30000000000000004,2,opponent,388
3.0,0.9,0.625,1.0,2.0,6.0,6.0,1.0,5.0,0.0,0.0,0.0,1.0,0.0,0.0,0.0,0.0,PLAY_SUPPORTER,0.4,0.0,3,opponent,388
4.0,0.8,0.625,1.0,2.0,6.0,6.0,1.0,4.0,1.0,0.0,0.0,0.0,0.0,0.0,0.0,0.0,ATTACK,1.5,0.3,4,opponent,388
5.0,0.7,0.25,1.0,2.0,6.0,6.0,1.0,4.0,0.0,1.0,0.0,0.0,0.0,0.0,0.0,0.0,RETREAT,-0.1,0.0,5,opponent,388
6.0,1.0,0.25,1.0,2.0,6.0,6.0,1.0,4.0,0.0,0.0,0.0,1.0,0.0,0.0,0.0,0.0,PLAY_SUPPORTER,0.4,0.0,6,opponent,388
7.0,0.8571428571428571,0.25,1.0,2.0,6.0,6.0,1.0,3.0,0.0,0.0,1.0,0.0,0.0,0.0,0.0,0.0,ATTACH_ENERGY,0.3,0.30000000000000004,7,opponent,388
8.0,0.42857142857142855,0.25,1.0,2.0,6.0,6.0,0.0,3.0,0.0,0.0,0.0,1.0,0.0,0.0,0.0,0.0,PLAY_SUPPORTER,0.4,0.0,8,opponent,388
9.0,0.42857142857142855,0.25,1.0,2.0,6.0,6.0,0.0,2.0,0.0,0.0,0.0,1.0,0.0,0.0,0.0,0.0,PLAY_SUPPORTER,0.4,0.0,9,opponent,388
10.0,0.2857142857142857,0.25,1.0,2.0,6.0,6.0,0.0,1.0,0.0,1.0,0.0,0.0,0.0,0.0,0.0,0.0,RETREAT,-0.1,0.0,10,opponent,388
11.0,0.5,0.25,1.0,2.0,6.0,6.0,0.0,1.0,1.0,0.0,0.0,0.0,0.0,0.0,0.0,0.0,ATTACK,6.5,-2.3,11,opponent,388
12.0,0.2,1.0,1.0,1.0,5.0,6.0,0.0,1.0,1.0,0.0,0.0,0.0,0.0,0.0,0.0,0.0,ATTACK,1.5,0.2999999999999998,12,opponent,388
13.0,0.1,0.6666666666666666,1.0,1.0,5.0,6.0,0.0,1.0,1.0,0.0,0.0,0.0,0.0,0.0,0.0,0.0,ATTACK,1.5,0.2999999999999998,13,opponent,388
14.0,0.1,0.3333333333333333,1.0,1.0,5.0,6.0,0.0,1.0,1.0,0.0,0.0,0.0,0.0,0.0,0.0,0.0,ATTACK,6.5,-2.2,14,opponent,388
15.0,0.2857142857142857,1.0,0.0,0.0,4.0,5.0,0.0,1.0,0.0,0.0,0.0,1.0,0.0,0.0,0.0,0.0,PLAY_SUPPORTER,0.4,0.0,15,opponent,388
1.0,1.0,1.0,2.0,3.0,6.0,6.0,3.0,5.0,0.0,0.0,1.0,0.0,0.0,0.0,0.0,0.0,ATTACH_ENERGY,0.3,0.7000000000000002,1,opponent,389
2.0,0.8888888888888888,1.0,2.0,3.0,6.0,6.0,2.0,5.0,0.0,0.0,1.0,0.0,0.0,0.0,0.0,0.0,ATTACH_ENERGY,0.3,0.6999999999999997,2,opponent,389
3.0,0.6666666666666666,1.0,2.0,3.0,6.0,6.0,1.0,5.0,0.0,0.0,1.0,0.0,0.0,0.0,0.0,0.0,ATTACH_ENERGY,0.3,0.6999999999999997,3,opponent,389
4.0,0.6666666666666666,1.0,2.0,3.0,6.0,6.0,0.0,5.0,1.0,0.0,0.0,0.0,0.0,0.0,0.0,0.0,ATTACK,0.5,0.09999999999999987,4,opponent,389
5.0,0.3333333333333333,0.8571428571428571,2.0,3.0,6.0,6.0,0.0,5.0,0.0,0.0,0.0,1.0,0.0,0.0,0.0,0.0,PLAY_SUPPORTER,0.4,0.0,5,opponent,389
6.0,0.3333333333333333,0.8571428571428571,2.0,3.0,6.0,6.0,0.0,4.0,0.0,0.0,0.0,1.0,0.0,0.0,0.0,0.0,PLAY_SUPPORTER,0.4,0.0,6,opponent,389
7.0,0.2222222222222222,0.8571428571428571,2.0,3.0,6.0,6.0,0.0,3.0,0.0,0.0,0.0,0.0,1.0,0.0,0.0,0.0,PLAY_BASIC_TO_BENCH,0.2,1.3000000000000003,7,opponent,389
8.0,0.1111111111111111,0.8571428571428571,3.0,3.0,6.0,6.0,0.0,2.0,0.0,1.0,0.0,0.0,0.0,0.0,0.0,0.0,RETREAT,-0.1,0.0,8,opponent,389
9.0,0.625,0.8571428571428571,3.0,3.0,6.0,6.0,0.0,2.0,1.0,0.0,0.0,0.0,0.0,0.0,0.0,0.0,ATTACK,1.0,0.19999999999999996,9,opponent,389
10.0,0.125,0.5714285714285714,3.0,3.0,6.0,6.0,0.0,2.0,0.0,1.0,0.0,0.0,0.0,0.0,0.0,0.0,RETREAT,-0.1,0.0,10,opponent,389
11.0,0.125,0.5714285714285714,2.0,3.0,6.0,5.0,0.0,2.0,0.0,1.0,0.0,0.0,0.0,0.0,0.0,0.0,RETREAT,-0.1,0.0,11,opponent,389
12.0,1.0,0.5714285714285714,2.0,3.0,6.0,5.0,0.0,2.0,0.0,0.0,0.0,1.0,0.0,0.0,0.0,0.0,PLAY_SUPPORTER,0.4,0.0,12,opponent,389
13.0,0.8571428571428571,0.5714285714285714,2.0,3.0,6.0,5.0,0.0,1.0,0.0,0.0,0.0,1.0,0.0,0.0,0.0,0.0,PLAY_SUPPORTER,0.4,0.0,13,opponent,389
14.0,0.5714285714285714,0.5714285714285714,2.0,3.0,6.0,5.0,0.0,0.0,0.0,0.0,0.0,0.0,0.0,0.0,0.0,1.0,PASS_TURN,0.0,0.0,14,opponent,389
15.0,0.42857142857142855,0.5714285714285714,2.0,3.0,6.0,5.0,0.0,0.0,0.0,0.0,0.0,0.0,0.0,0.0,0.0,1.0,PASS_TURN,0.0,0.0,15,opponent,389
16.0,0.14285714285714285,0.5714285714285714,2.0,3.0,6.0,5.0,0.0,0.0,0.0,1.0,0.0,0.0,0.0,0.0,0.0,0.0,RETREAT,-0.1,0.0,16,opponent,389
17.0,0.14285714285714285,0.5714285714285714,1.0,3.0,6.0,4.0,0.0,0.0,0.0,1.0,0.0,0.0,0.0,0.0,0.0,0.0,RETREAT,-0.1,0.0,17,opponent,389
18.0,0.5,0.5714285714285714,1.0,3.0,6.0,4.0,0.0,0.0,0.0,0.0,0.0,0.0,0.0,0.0,0.0,1.0,PASS_TURN,0.0,0.0,18,opponent,389
19.0,0.25,0.5714285714285714,1.0,3.0,6.0,4.0,0.0,0.0,0.0,1.0,0.0,0.0,0.0,0.0,0.0,0.0,RETREAT,-0.1,0.0,19,opponent,389
20.0,0.25,0.5714285714285714,0.0,3.0,6.0,3.0,0.0,0.0,0.0,0.0,0.0,0.0,0.0,0.0,0.0,1.0,PASS_TURN,0.0,0.0,20,opponent,389
21.0,0.25,0.5714285714285714,0.0,3.0,6.0,3.0,0.0,0.0,0.0,0.0,0.0,0.0,0.0,0.0,0.0,1.0,PASS_TURN,0.0,0.0,21,opponent,389
1.0,1.0,1.0,3.0,2.0,6.0,6.0,0.0,5.0,0.0,0.0,0.0,1.0,0.0,0.0,0.0,0.0,PLAY_SUPPORTER,0.4,0.0,1,opponent,390
2.0,0.7777777777777778,1.0,3.0,2.0,6.0,6.0,0.0,4.0,0.0,1.0,0.0,0.0,0.0,0.0,0.0,0.0,RETREAT,-0.1,0.0,2,opponent,390
3.0,1.0,1.0,3.0,2.0,6.0,6.0,0.0,4.0,0.0,1.0,0.0,0.0,0.0,0.0,0.0,0.0,RETREAT,-0.1,0.0,3,opponent,390
4.0,0.8571428571428571,1.0,3.0,2.0,6.0,6.0,0.0,4.0,0.0,0.0,0.0,1.0,0.0,0.0,0.0,0.0,PLAY_SUPPORTER,0.4,0.0,4,opponent,390
5.0,0.8571428571428571,1.0,3.0,2.0,6.0,6.0,0.0,3.0,0.0,0.0,0.0,1.0,0.0,0.0,0.0,0.0,PLAY_SUPPORTER,0.4,0.0,5,opponent,390
6.0,0.8571428571428571,1.0,3.0,2.0,6.0,6.0,0.0,2.0,0.0,0.0,0.0,1.0,0.0,0.0,0.0,0.0,PLAY_SUPPORTER,0.4,0.0,6,opponent,390
7.0,0.7857142857142857,1.0,3.0,2.0,6.0,6.0,0.0,1.0,0.0,0.0,0.0,1.0,0.0,0.0,0.0,0.0,PLAY_SUPPORTER,0.4,0.0,7,opponent,390
8.0,0.7857142857142857,1.0,3.0,2.0,6.0,6.0,0.0,0.0,0.0,0.0,0.0,0.0,0.0,0.0,0.0,1.0,PASS_TURN,0.0,0.0,8,opponent,390
9.0,0.5,1.0,3.0,2.0,6.0,6.0,0.0,0.0,0.0,0.0,0.0,0.0,0.0,0.0,0.0,1.0,PASS_TURN,0.0,0.0,9,opponent,390
10.0,0.35714285714285715,1.0,3.0,2.0,6.0,6.0,0.0,0.0,0.0,0.0,0.0,0.0,0.0,0.0,0.0,1.0,PASS_TURN,0.0,0.0,10,opponent,390
11.0,0.14285714285714285,1.0,3.0,2.0,6.0,6.0,0.0,0.0,0.0,1.0,0.0,0.0,0.0,0.0,0.0,0.0,RETREAT,-0.1,0.0,11,opponent,390
12.0,0.7777777777777778,1.0,3.0,2.0,6.0,6.0,0.0,0.0,0.0,0.0,0.0,0.0,0.0,0.0,0.0,1.0,PASS_TURN,0.0,0.0,12,opponent,390
13.0,0.6666666666666666,1.0,3.0,2.0,6.0,6.0,0.0,0.0,0.0,0.0,0.0,0.0,0.0,0.0,0.0,1.0,PASS_TURN,0.0,0.0,13,opponent,390
14.0,0.5555555555555556,1.0,3.0,2.0,6.0,6.0,0.0,0.0,0.0,1.0,0.0,0.0,0.0,0.0,0.0,0.0,RETREAT,-0.1,0.0,14,opponent,390
15.0,0.6666666666666666,1.0,3.0,2.0,6.0,6.0,0.0,0.0,0.0,1.0,0.0,0.0,0.0,0.0,0.0,0.0,RETREAT,-0.1,0.0,15,opponent,390
16.0,0.4444444444444444,1.0,3.0,2.0,6.0,6.0,0.0,0.0,0.0,0.0,0.0,0.0,0.0,0.0,0.0,1.0,PASS_TURN,0.0,0.0,16,opponent,390
17.0,0.3333333333333333,1.0,3.0,2.0,6.0,6.0,0.0,0.0,0.0,0.0,0.0,0.0,0.0,0.0,0.0,1.0,PASS_TURN,0.0,0.0,17,opponent,390
18.0,0.6666666666666666,1.0,2.0,2.0,6.0,5.0,0.0,0.0,0.0,0.0,0.0,0.0,0.0,0.0,0.0,1.0,PASS_TURN,0.0,0.0,18,opponent,390
19.0,0.5833333333333334,1.0,2.0,2.0,6.0,5.0,0.0,0.0,0.0,0.0,0.0,0.0,0.0,0.0,0.0,1.0,PASS_TURN,0.0,0.0,19,opponent,390
20.0,0.25,1.0,2.0,2.0,6.0,5.0,0.0,0.0,0.0,1.0,0.0,0.0,0.0,0.0,0.0,0.0,RETREAT,-0.1,0.0,20,opponent,390
21.0,0.07142857142857142,1.0,2.0,2.0,6.0,5.0,0.0,0.0,0.0,1.0,0.0,0.0,0.0,0.0,0.0,0.0,RETREAT,-0.1,0.0,21,opponent,390
22.0,0.08333333333333333,1.0,2.0,2.0,6.0,5.0,0.0,0.0,0.0,1.0,0.0,0.0,0.0,0.0,0.0,0.0,RETREAT,-0.1,0.0,22,opponent,390
23.0,0.08333333333333333,1.0,1.0,2.0,6.0,4.0,0.0,0.0,0.0,1.0,0.0,0.0,0.0,0.0,0.0,0.0,RETREAT,-0.1,0.0,23,opponent,390
24.0,0.6666666666666666,1.0,1.0,2.0,6.0,4.0,0.0,0.0,0.0,0.0,0.0,0.0,0.0,0.0,0.0,1.0,PASS_TURN,0.0,0.0,24,opponent,390
25.0,0.6666666666666666,1.0,1.0,2.0,6.0,4.0,0.0,0.0,0.0,0.0,0.0,0.0,0.0,0.0,0.0,1.0,PASS_TURN,0.0,0.0,25,opponent,390
26.0,0.08333333333333333,1.0,0.0,2.0,6.0,3.0,0.0,0.0,0.0,0.0,0.0,0.0,0.0,0.0,0.0,1.0,PASS_TURN,0.0,0.0,26,opponent,390
1.0,1.0,1.0,1.0,2.0,6.0,6.0,2.0,7.0,0.0,0.0,1.0,0.0,0.0,0.0,0.0,0.0,ATTACH_ENERGY,0.3,0.7,1,opponent,391
2.0,0.7777777777777778,1.0,1.0,2.0,6.0,6.0,1.0,7.0,1.0,0.0,0.0,0.0,0.0,0.0,0.0,0.0,ATTACK,1.5,0.30000000000000004,2,opponent,391
3.0,0.7777777777777778,0.5,1.0,2.0,6.0,6.0,1.0,7.0,1.0,0.0,0.0,0.0,0.0,0.0,0.0,0.0,ATTACK,6.5,-2.2,3,opponent,391
4.0,0.4444444444444444,1.0,1.0,1.0,5.0,6.0,1.0,7.0,1.0,0.0,0.0,0.0,0.0,0.0,0.0,0.0,ATTACK,1.5,0.30000000000000004,4,opponent,391
5.0,0.4444444444444444,0.625,1.0,1.0,5.0,6.0,1.0,7.0,1.0,0.0,0.0,0.0,0.0,0.0,0.0,0.0,ATTACK,1.5,0.2999999999999998,5,opponent,391
6.0,0.2222222222222222,0.25,1.0,1.0,5.0,6.0,1.0,7.0,1.0,0.0,0.0,0.0,0.0,0.0,0.0,0.0,ATTACK,6.5,-2.3000000000000003,6,opponent,391
7.0,1.0,1.0,0.0,0.0,4.0,5.0,1.0,7.0,0.0,0.0,0.0,1.0,0.0,0.0,0.0,0.0,PLAY_SUPPORTER,0.4,0.0,7,opponent,391
8.0,0.9,1.0,0.0,0.0,4.0,5.0,1.0,6.0,0.0,0.0,0.0,1.0,0.0,0.0,0.0,0.0,PLAY_SUPPORTER,0.4,0.0,8,opponent,391
9.0,0.7,1.0,0.0,0.0,4.0,5.0,1.0,5.0,0.0,0.0,0.0,1.0,0.0,0.0,0.0,0.0,PLAY_SUPPORTER,0.4,0.0,9,opponent,391
10.0,0.5,1.0,0.0,0.0,4.0,5.0,1.0,4.0,0.0,0.0,0.0,1.0,0.0,0.0,0.0,0.0,PLAY_SUPPORTER,0.4,0.0,10,opponent,391
11.0,0.1,1.0,0.0,0.0,4.0,5.0,1.0,3.0,0.0,0.0,0.0,1.0,0.0,0.0,0.0,0.0,PLAY_SUPPORTER,0.4,0.0,11,opponent,391
1.0,1.0,1.0,2.0,2.0,6.0,6.0,0.0,6.0,0.0,0.0,0.0,1.0,0.0,0.0,0.0,0.0,PLAY_SUPPORTER,0.4,0.0,1,opponent,392
2.0,0.8333333333333334,1.0,2.0,2.0,6.0,6.0,0.0,5.0,0.0,0.0,0.0,1.0,0.0,0.0,0.0,0.0,PLAY_SUPPORTER,0.4,0.0,2,opponent,392
3.0,0.8333333333333334,1.0,2.0,2.0,6.0,6.0,0.0,4.0,0.0,0.0,0.0,1.0,0.0,0.0,0.0,0.0,PLAY_SUPPORTER,0.4,0.0,3,opponent,392
4.0,0.8333333333333334,1.0,2.0,2.0,6.0,6.0,0.0,3.0,0.0,0.0,0.0,1.0,0.0,0.0,0.0,0.0,PLAY_SUPPORTER,0.4,0.0,4,opponent,392
5.0,0.5,1.0,2.0,2.0,6.0,6.0,0.0,2.0,0.0,0.0,0.0,1.0,0.0,0.0,0.0,0.0,PLAY_SUPPORTER,0.4,0.0,5,opponent,392
6.0,0.5,1.0,2.0,2.0,6.0,6.0,0.0,1.0,0.0,0.0,0.0,1.0,0.0,0.0,0.0,0.0,PLAY_SUPPORTER,0.4,0.0,6,opponent,392
7.0,0.16666666666666666,1.0,2.0,2.0,6.0,6.0,0.0,0.0,0.0,1.0,0.0,0.0,0.0,0.0,0.0,0.0,RETREAT,-0.1,0.0,7,opponent,392
8.0,1.0,1.0,2.0,2.0,6.0,6.0,0.0,0.0,0.0,0.0,0.0,0.0,0.0,0.0,0.0,1.0,PASS_TURN,0.0,0.0,8,opponent,392
9.0,0.75,1.0,2.0,2.0,6.0,6.0,0.0,0.0,0.0,0.0,0.0,0.0,0.0,0.0,0.0,1.0,PASS_TURN,0.0,0.0,9,opponent,392
10.0,0.5,1.0,2.0,2.0,6.0,6.0,0.0,0.0,0.0,1.0,0.0,0.0,0.0,0.0,0.0,0.0,RETREAT,-0.1,0.0,10,opponent,392
11.0,0.5,1.0,1.0,2.0,6.0,5.0,0.0,0.0,0.0,0.0,0.0,0.0,0.0,0.0,0.0,1.0,PASS_TURN,0.0,0.0,11,opponent,392
12.0,1.0,1.0,0.0,2.0,6.0,4.0,0.0,0.0,0.0,0.0,0.0,0.0,0.0,0.0,0.0,1.0,PASS_TURN,0.0,0.0,12,opponent,392
13.0,0.5555555555555556,1.0,0.0,2.0,6.0,4.0,0.0,0.0,0.0,0.0,0.0,0.0,0.0,0.0,0.0,1.0,PASS_TURN,0.0,0.0,13,opponent,392
14.0,0.4444444444444444,1.0,0.0,2.0,6.0,4.0,0.0,0.0,0.0,0.0,0.0,0.0,0.0,0.0,0.0,1.0,PASS_TURN,0.0,0.0,14,opponent,392
15.0,0.1111111111111111,1.0,0.0,2.0,6.0,4.0,0.0,0.0,0.0,0.0,0.0,0.0,0.0,0.0,0.0,1.0,PASS_TURN,0.0,0.0,15,opponent,392
1.0,1.0,1.0,3.0,3.0,6.0,6.0,2.0,4.0,0.0,0.0,1.0,0.0,0.0,0.0,0.0,0.0,ATTACH_ENERGY,0.3,0.7000000000000002,1,opponent,393
2.0,0.7777777777777778,1.0,3.0,3.0,6.0,6.0,1.0,4.0,0.0,0.0,1.0,0.0,0.0,0.0,0.0,0.0,ATTACH_ENERGY,0.3,0.7000000000000002,2,opponent,393
3.0,0.6666666666666666,1.0,3.0,3.0,6.0,6.0,0.0,4.0,0.0,1.0,0.0,0.0,0.0,0.0,0.0,0.0,RETREAT,-0.1,0.0,3,opponent,393
4.0,0.7857142857142857,1.0,3.0,3.0,6.0,6.0,0.0,4.0,0.0,0.0,0.0,1.0,0.0,0.0,0.0,0.0,PLAY_SUPPORTER,0.4,0.0,4,opponent,393
5.0,0.6428571428571429,1.0,3.0,3.0,6.0,6.0,0.0,3.0,0.0,0.0,0.0,1.0,0.0,0.0,0.0,0.0,PLAY_SUPPORTER,0.4,0.0,5,opponent,393
6.0,0.5714285714285714,1.0,3.0,3.0,6.0,6.0,0.0,2.0,0.0,0.0,0.0,1.0,0.0,0.0,0.0,0.0,PLAY_SUPPORTER,0.4,0.0,6,opponent,393
7.0,0.35714285714285715,1.0,3.0,3.0,6.0,6.0,0.0,1.0,0.0,0.0,0.0,1.0,0.0,0.0,0.0,0.0,PLAY_SUPPORTER,0.4,0.0,7,opponent,393
8.0,0.14285714285714285,1.0,3.0,3.0,6.0,6.0,0.0,0.0,0.0,1.0,0.0,0.0,0.0,0.0,0.0,0.0,RETREAT,-0.1,0.0,8,opponent,393
9.0,0.8333333333333334,1.0,3.0,3.0,6.0,6.0,0.0,0.0,0.0,0.0,0.0,0.0,0.0,0.0,0.0,1.0,PASS_TURN,0.0,0.0,9,opponent,393
10.0,0.8333333333333334,1.0,3.0,3.0,6.0,6.0,0.0,0.0,0.0,1.0,0.0,0.0,0.0,0.0,0.0,0.0,RETREAT,-0.1,0.0,10,opponent,393
11.0,0.625,1.0,3.0,3.0,6.0,6.0,0.0,0.0,0.0,0.0,0.0,0.0,0.0,0.0,0.0,1.0,PASS_TURN,0.0,0.0,11,opponent,393
12.0,0.125,1.0,3.0,3.0,6.0,6.0,0.0,0.0,0.0,1.0,0.0,0.0,0.0,0.0,0.0,0.0,RETREAT,-0.1,0.0,12,opponent,393
13.0,0.125,1.0,2.0,3.0,6.0,5.0,0.0,0.0,0.0,1.0,0.0,0.0,0.0,0.0,0.0,0.0,RETREAT,-0.1,0.0,13,opponent,393
14.0,0.6666666666666666,1.0,2.0,3.0,6.0,5.0,0.0,0.0,1.0,0.0,0.0,0.0,0.0,0.0,0.0,0.0,ATTACK,0.5,0.10000000000000009,14,opponent,393
15.0,0.3333333333333333,0.8888888888888888,2.0,3.0,6.0,5.0,0.0,0.0,0.0,0.0,0.0,0.0,0.0,0.0,0.0,1.0,PASS_TURN,0.0,0.0,15,opponent,393
16.0,0.125,0.8888888888888888,1.0,3.0,6.0,4.0,0.0,0.0,0.0,1.0,0.0,0.0,0.0,0.0,0.0,0.0,RETREAT,-0.1,0.0,16,opponent,393
17.0,0.8333333333333334,0.8888888888888888,1.0,3.0,6.0,4.0,0.0,0.0,0.0,0.0,0.0,0.0,0.0,0.0,0.0,1.0,PASS_TURN,0.0,0.0,17,opponent,393
18.0,0.6666666666666666,0.8888888888888888,1.0,3.0,6.0,4.0,0.0,0.0,0.0,0.0,0.0,0.0,0.0,0.0,0.0,1.0,PASS_TURN,0.0,0.0,18,opponent,393
19.0,0.5,0.8888888888888888,1.0,3.0,6.0,4.0,0.0,0.0,0.0,0.0,0.0,0.0,0.0,0.0,0.0,1.0,PASS_TURN,0.0,0.0,19,opponent,393
20.0,0.125,0.8888888888888888,0.0,3.0,6.0,3.0,0.0,0.0,0.0,0.0,0.0,0.0,0.0,0.0,0.0,1.0,PASS_TURN,0.0,0.0,20,opponent,393
1.0,1.0,1.0,2.0,2.0,6.0,6.0,2.0,6.0,0.0,0.0,1.0,0.0,0.0,0.0,0.0,0.0,ATTACH_ENERGY,0.3,0.7,1,opponent,394
2.0,0.8571428571428571,1.0,2.0,2.0,6.0,6.0,1.0,6.0,1.0,0.0,0.0,0.0,0.0,0.0,0.0,0.0,ATTACK,1.0,0.19999999999999973,2,opponent,394
3.0,0.7142857142857143,0.7777777777777778,2.0,2.0,6.0,6.0,1.0,6.0,1.0,0.0,0.0,0.0,0.0,0.0,0.0,0.0,ATTACK,1.0,0.19999999999999973,3,opponent,394
4.0,0.7142857142857143,0.5555555555555556,2.0,2.0,6.0,6.0,1.0,6.0,1.0,0.0,0.0,0.0,0.0,0.0,0.0,0.0,ATTACK,1.0,0.20000000000000018,4,opponent,394
5.0,0.7142857142857143,0.3333333333333333,2.0,2.0,6.0,6.0,1.0,6.0,1.0,0.0,0.0,0.0,0.0,0.0,0.0,0.0,ATTACK,1.0,0.19999999999999996,5,opponent,394
6.0,0.5,0.1111111111111111,2.0,2.0,6.0,6.0,1.0,6.0,1.0,0.0,0.0,0.0,0.0,0.0,0.0,0.0,ATTACK,6.0,-2.3999999999999995,6,opponent,394
7.0,0.42857142857142855,1.0,2.0,1.0,5.0,6.0,1.0,6.0,0.0,0.0,0.0,1.0,0.0,0.0,0.0,0.0,PLAY_SUPPORTER,0.4,0.0,7,opponent,394
8.0,0.42857142857142855,1.0,2.0,1.0,5.0,6.0,1.0,5.0,1.0,0.0,0.0,0.0,0.0,0.0,0.0,0.0,ATTACK,1.0,0.19999999999999973,8,opponent,394
9.0,0.2857142857142857,0.7777777777777778,2.0,1.0,5.0,6.0,1.0,5.0,0.0,0.0,0.0,0.0,1.0,0.0,0.0,0.0,PLAY_BASIC_TO_BENCH,0.2,1.4,9,opponent,394
10.0,0.14285714285714285,0.7777777777777778,3.0,1.0,5.0,6.0,1.0,4.0,0.0,0.0,0.0,0.0,0.0,0.0,0.0,1.0,PASS_TURN,0.0,0.0,10,opponent,394
11.0,0.07142857142857142,0.7777777777777778,3.0,1.0,5.0,6.0,1.0,4.0,0.0,1.0,0.0,0.0,0.0,0.0,0.0,0.0,RETREAT,-0.1,0.0,11,opponent,394
12.0,0.6666666666666666,0.7777777777777778,3.0,1.0,5.0,6.0,1.0,4.0,0.0,0.0,0.0,1.0,0.0,0.0,0.0,0.0,PLAY_SUPPORTER,0.4,0.0,12,opponent,394
13.0,0.07142857142857142,0.7777777777777778,2.0,1.0,5.0,5.0,1.0,3.0,0.0,1.0,0.0,0.0,0.0,0.0,0.0,0.0,RETREAT,-0.1,0.0,13,opponent,394
14.0,0.75,0.7777777777777778,2.0,1.0,5.0,5.0,1.0,3.0,0.0,0.0,0.0,0.0,0.0,0.0,0.0,1.0,PASS_TURN,0.0,0.0,14,opponent,394
15.0,0.5,0.7777777777777778,2.0,1.0,5.0,5.0,1.0,3.0,0.0,0.0,0.0,1.0,0.0,0.0,0.0,0.0,PLAY_SUPPORTER,0.4,0.0,15,opponent,394
16.0,0.5,0.7777777777777778,2.0,1.0,5.0,5.0,1.0,2.0,0.0,0.0,0.0,1.0,0.0,0.0,0.0,0.0,PLAY_SUPPORTER,0.4,0.0,16,opponent,394
17.0,0.4166666666666667,0.7777777777777778,2.0,1.0,5.0,5.0,1.0,1.0,0.0,0.0,0.0,1.0,0.0,0.0,0.0,0.0,PLAY_SUPPORTER,0.4,0.0,17,opponent,394
18.0,0.08333333333333333,0.7777777777777778,2.0,1.0,5.0,5.0,1.0,0.0,0.0,1.0,0.0,0.0,0.0,0.0,0.0,0.0,RETREAT,-0.1,0.0,18,opponent,394
19.0,0.08333333333333333,0.7777777777777778,1.0,1.0,5.0,4.0,1.0,0.0,0.0,1.0,0.0,0.0,0.0,0.0,0.0,0.0,RETREAT,-0.1,0.0,19,opponent,394
20.0,0.7777777777777778,0.7777777777777778,1.0,1.0,5.0,4.0,1.0,0.0,0.0,0.0,1.0,0.0,0.0,0.0,0.0,0.0,ATTACH_ENERGY,0.3,0.2999999999999998,20,opponent,394
21.0,0.4444444444444444,0.7777777777777778,1.0,1.0,5.0,4.0,0.0,0.0,1.0,0.0,0.0,0.0,0.0,0.0,0.0,0.0,ATTACK,1.5,0.30000000000000027,21,opponent,394
22.0,0.08333333333333333,0.4444444444444444,0.0,1.0,5.0,3.0,0.0,0.0,0.0,0.0,0.0,0.0,0.0,0.0,0.0,1.0,PASS_TURN,0.0,0.0,22,opponent,394
1.0,1.0,1.0,3.0,3.0,6.0,6.0,3.0,7.0,0.0,0.0,1.0,0.0,0.0,0.0,0.0,0.0,ATTACH_ENERGY,0.3,0.6999999999999998,1,opponent,395
2.0,0.8888888888888888,1.0,3.0,3.0,6.0,6.0,2.0,7.0,0.0,0.0,1.0,0.0,0.0,0.0,0.0,0.0,ATTACH_ENERGY,0.3,0.7,2,opponent,395
3.0,0.4444444444444444,1.0,3.0,3.0,6.0,6.0,1.0,7.0,0.0,0.0,1.0,0.0,0.0,0.0,0.0,0.0,ATTACH_ENERGY,0.3,0.7000000000000002,3,opponent,395
4.0,0.3333333333333333,1.0,3.0,3.0,6.0,6.0,0.0,7.0,1.0,0.0,0.0,0.0,0.0,0.0,0.0,0.0,ATTACK,4.0,0.8000000000000003,4,opponent,395
5.0,1.0,0.3333333333333333,2.0,3.0,6.0,5.0,0.0,7.0,0.0,0.0,0.0,1.0,0.0,0.0,0.0,0.0,PLAY_SUPPORTER,0.4,0.0,5,opponent,395
6.0,0.8333333333333334,0.3333333333333333,2.0,3.0,6.0,5.0,0.0,6.0,0.0,0.0,0.0,1.0,0.0,0.0,0.0,0.0,PLAY_SUPPORTER,0.4,0.0,6,opponent,395
7.0,0.5,0.3333333333333333,2.0,3.0,6.0,5.0,0.0,5.0,0.0,1.0,0.0,0.0,0.0,0.0,0.0,0.0,RETREAT,-0.1,0.0,7,opponent,395
8.0,1.0,0.3333333333333333,2.0,3.0,6.0,5.0,0.0,5.0,0.0,0.0,0.0,1.0,0.0,0.0,0.0,0.0,PLAY_SUPPORTER,0.4,0.0,8,opponent,395
9.0,0.7777777777777778,0.3333333333333333,2.0,3.0,6.0,5.0,0.0,4.0,0.0,0.0,0.0,1.0,0.0,0.0,0.0,0.0,PLAY_SUPPORTER,0.4,0.0,9,opponent,395
10.0,0.5555555555555556,0.3333333333333333,2.0,3.0,6.0,5.0,0.0,3.0,0.0,0.0,0.0,1.0,0.0,0.0,0.0,0.0,PLAY_SUPPORTER,0.4,0.0,10,opponent,395
11.0,0.2222222222222222,0.3333333333333333,2.0,3.0,6.0,5.0,0.0,2.0,0.0,1.0,0.0,0.0,0.0,0.0,0.0,0.0,RETREAT,-0.1,0.0,11,opponent,395
12.0,0.8888888888888888,0.3333333333333333,2.0,3.0,6.0,5.0,0.0,2.0,0.0,1.0,0.0,0.0,0.0,0.0,0.0,0.0,RETREAT,-0.1,0.0,12,opponent,395
13.0,0.3333333333333333,0.3333333333333333,2.0,3.0,6.0,5.0,0.0,2.0,0.0,0.0,0.0,1.0,0.0,0.0,0.0,0.0,PLAY_SUPPORTER,0.4,0.0,13,opponent,395
14.0,0.2222222222222222,0.3333333333333333,1.0,3.0,6.0,4.0,0.0,1.0,0.0,1.0,0.0,0.0,0.0,0.0,0.0,0.0,RETREAT,-0.1,0.0,14,opponent,395
15.0,0.5555555555555556,0.3333333333333333,1.0,3.0,6.0,4.0,0.0,1.0,0.0,0.0,0.0,1.0,0.0,0.0,0.0,0.0,PLAY_SUPPORTER,0.4,0.0,15,opponent,395
16.0,0.4444444444444444,0.3333333333333333,1.0,3.0,6.0,4.0,0.0,0.0,0.0,1.0,0.0,0.0,0.0,0.0,0.0,0.0,RETREAT,-0.1,0.0,16,opponent,395
17.0,0.4444444444444444,0.3333333333333333,0.0,3.0,6.0,3.0,0.0,0.0,0.0,0.0,0.0,0.0,0.0,0.0,0.0,1.0,PASS_TURN,0.0,0.0,17,opponent,395
18.0,0.1111111111111111,0.3333333333333333,0.0,3.0,6.0,3.0,0.0,0.0,0.0,0.0,0.0,0.0,0.0,0.0,0.0,1.0,PASS_TURN,0.0,0.0,18,opponent,395
1.0,1.0,1.0,2.0,3.0,6.0,6.0,1.0,7.0,0.0,0.0,1.0,0.0,0.0,0.0,0.0,0.0,ATTACH_ENERGY,0.3,0.7000000000000002,1,opponent,396
2.0,0.6666666666666666,1.0,2.0,3.0,6.0,6.0,0.0,7.0,1.0,0.0,0.0,0.0,0.0,0.0,0.0,0.0,ATTACK,1.5,0.30000000000000004,2,opponent,396
3.0,0.6666666666666666,0.6666666666666666,2.0,3.0,6.0,6.0,0.0,7.0,1.0,0.0,0.0,0.0,0.0,0.0,0.0,0.0,ATTACK,1.5,0.30000000000000004,3,opponent,396
4.0,0.4444444444444444,0.3333333333333333,2.0,3.0,6.0,6.0,0.0,7.0,1.0,0.0,0.0,0.0,0.0,0.0,0.0,0.0,ATTACK,6.5,-2.2,4,opponent,396
5.0,0.1111111111111111,1.0,2.0,2.0,5.0,6.0,0.0,7.0,1.0,0.0,0.0,0.0,0.0,0.0,0.0,0.0,ATTACK,1.5,0.2999999999999998,5,opponent,396
6.0,1.0,0.7857142857142857,1.0,2.0,5.0,5.0,0.0,7.0,0.0,0.0,0.0,1.0,0.0,0.0,0.0,0.0,PLAY_SUPPORTER,0.4,0.0,6,opponent,396
7.0,0.9,0.7857142857142857,1.0,2.0,5.0,5.0,0.0,6.0,0.0,0.0,0.0,1.0,0.0,0.0,0.0,0.0,PLAY_SUPPORTER,0.4,0.0,7,opponent,396
8.0,0.7,0.7857142857142857,1.0,2.0,5.0,5.0,0.0,5.0,0.0,0.0,0.0,1.0,0.0,0.0,0.0,0.0,PLAY_SUPPORTER,0.4,0.0,8,opponent,396
9.0,0.7,0.7857142857142857,1.0,2.0,5.0,5.0,0.0,4.0,0.0,0.0,0.0,1.0,0.0,0.0,0.0,0.0,PLAY_SUPPORTER,0.4,0.0,9,opponent,396
10.0,0.5,0.7857142857142857,1.0,2.0,5.0,5.0,0.0,3.0,0.0,0.0,0.0,1.0,0.0,0.0,0.0,0.0,PLAY_SUPPORTER,0.4,0.0,10,opponent,396
11.0,0.5,0.7857142857142857,1.0,2.0,5.0,5.0,0.0,2.0,0.0,0.0,0.0,1.0,0.0,0.0,0.0,0.0,PLAY_SUPPORTER,0.4,0.0,11,opponent,396
12.0,0.1,0.7857142857142857,1.0,2.0,5.0,5.0,0.0,1.0,0.0,1.0,0.0,0.0,0.0,0.0,0.0,0.0,RETREAT,-0.1,0.0,12,opponent,396
13.0,0.7777777777777778,0.7857142857142857,1.0,2.0,5.0,5.0,0.0,1.0,0.0,0.0,0.0,0.0,1.0,0.0,0.0,0.0,PLAY_BASIC_TO_BENCH,0.2,1.2,13,opponent,396
14.0,0.6666666666666666,0.7857142857142857,2.0,2.0,5.0,5.0,0.0,0.0,0.0,1.0,0.0,0.0,0.0,0.0,0.0,0.0,RETREAT,-0.1,0.0,14,opponent,396
15.0,0.6666666666666666,0.7857142857142857,1.0,2.0,5.0,4.0,0.0,0.0,0.0,0.0,0.0,0.0,0.0,0.0,0.0,1.0,PASS_TURN,0.0,0.0,15,opponent,396
16.0,0.2222222222222222,0.7857142857142857,1.0,2.0,5.0,4.0,0.0,0.0,0.0,1.0,0.0,0.0,0.0,0.0,0.0,0.0,RETREAT,-0.1,0.0,16,opponent,396
17.0,0.42857142857142855,0.7857142857142857,1.0,2.0,5.0,4.0,0.0,0.0,0.0,0.0,0.0,0.0,0.0,0.0,0.0,1.0,PASS_TURN,0.0,0.0,17,opponent,396
18.0,0.2222222222222222,0.7857142857142857,0.0,2.0,5.0,3.0,0.0,0.0,0.0,0.0,0.0,0.0,0.0,0.0,0.0,1.0,PASS_TURN,0.0,0.0,18,opponent,396
19.0,0.2222222222222222,0.7857142857142857,0.0,2.0,5.0,3.0,0.0,0.0,0.0,0.0,0.0,0.0,0.0,0.0,0.0,1.0,PASS_TURN,0.0,0.0,19,opponent,396
20.0,0.1111111111111111,0.7857142857142857,0.0,2.0,5.0,3.0,0.0,0.0,0.0,0.0,0.0,0.0,0.0,0.0,0.0,1.0,PASS_TURN,0.0,0.0,20,opponent,396
1.0,1.0,1.0,3.0,2.0,6.0,6.0,3.0,2.0,0.0,0.0,1.0,0.0,0.0,0.0,0.0,0.0,ATTACH_ENERGY,0.3,0.6999999999999997,1,opponent,397
2.0,0.6666666666666666,1.0,3.0,2.0,6.0,6.0,2.0,2.0,0.0,0.0,1.0,0.0,0.0,0.0,0.0,0.0,ATTACH_ENERGY,0.3,0.7000000000000002,2,opponent,397
3.0,0.6666666666666666,1.0,3.0,2.0,6.0,6.0,1.0,2.0,0.0,0.0,1.0,0.0,0.0,0.0,0.0,0.0,ATTACH_ENERGY,0.3,0.7000000000000002,3,opponent,397
4.0,0.2222222222222222,1.0,3.0,2.0,6.0,6.0,0.0,2.0,1.0,0.0,0.0,0.0,0.0,0.0,0.0,0.0,ATTACK,2.5,0.5,4,opponent,397
5.0,1.0,0.16666666666666666,2.0,2.0,6.0,5.0,0.0,2.0,0.0,0.0,0.0,1.0,0.0,0.0,0.0,0.0,PLAY_SUPPORTER,0.4,0.0,5,opponent,397
6.0,0.5,0.16666666666666666,2.0,2.0,6.0,5.0,0.0,1.0,0.0,0.0,0.0,1.0,0.0,0.0,0.0,0.0,PLAY_SUPPORTER,0.4,0.0,6,opponent,397
7.0,0.125,0.16666666666666666,2.0,2.0,6.0,5.0,0.0,0.0,0.0,1.0,0.0,0.0,0.0,0.0,0.0,0.0,RETREAT,-0.1,0.0,7,opponent,397
8.0,0.9166666666666666,0.16666666666666666,2.0,2.0,6.0,5.0,0.0,0.0,0.0,0.0,0.0,0.0,0.0,0.0,0.0,1.0,PASS_TURN,0.0,0.0,8,opponent,397
9.0,0.5833333333333334,0.16666666666666666,2.0,2.0,6.0,5.0,0.0,0.0,0.0,0.0,0.0,0.0,0.0,0.0,0.0,1.0,PASS_TURN,0.0,0.0,9,opponent,397
10.0,0.5833333333333334,0.16666666666666666,2.0,2.0,6.0,5.0,0.0,0.0,0.0,0.0,0.0,0.0,0.0,0.0,0.0,1.0,PASS_TURN,0.0,0.0,10,opponent,397
11.0,0.4166666666666667,0.16666666666666666,2.0,2.0,6.0,5.0,0.0,0.0,0.0,0.0,0.0,0.0,0.0,0.0,0.0,1.0,PASS_TURN,0.0,0.0,11,opponent,397
12.0,0.16666666666666666,0.16666666666666666,2.0,2.0,6.0,5.0,0.0,0.0,0.0,1.0,0.0,0.0,0.0,0.0,0.0,0.0,RETREAT,-0.1,0.0,12,opponent,397
13.0,0.16666666666666666,0.16666666666666666,1.0,2.0,6.0,4.0,0.0,0.0,0.0,1.0,0.0,0.0,0.0,0.0,0.0,0.0,RETREAT,-0.1,0.0,13,opponent,397
14.0,0.6,0.16666666666666666,1.0,2.0,6.0,4.0,0.0,0.0,0.0,0.0,0.0,0.0,0.0,0.0,0.0,1.0,PASS_TURN,0.0,0.0,14,opponent,397
15.0,0.3,0.16666666666666666,1.0,2.0,6.0,4.0,0.0,0.0,0.0,0.0,0.0,0.0,0.0,0.0,0.0,1.0,PASS_TURN,0.0,0.0,15,opponent,397
16.0,0.1,0.16666666666666666,1.0,2.0,6.0,4.0,0.0,0.0,0.0,1.0,0.0,0.0,0.0,0.0,0.0,0.0,RETREAT,-0.1,0.0,16,opponent,397
17.0,0.16666666666666666,0.16666666666666666,1.0,2.0,6.0,4.0,0.0,0.0,0.0,1.0,0.0,0.0,0.0,0.0,0.0,0.0,RETREAT,-0.1,0.0,17,opponent,397
18.0,0.1,0.16666666666666666,1.0,2.0,6.0,4.0,0.0,0.0,0.0,1.0,0.0,0.0,0.0,0.0,0.0,0.0,RETREAT,-0.1,0.0,18,opponent,397
19.0,0.1,0.16666666666666666,0.0,2.0,6.0,3.0,0.0,0.0,0.0,0.0,0.0,0.0,0.0,0.0,0.0,1.0,PASS_TURN,0.0,0.0,19,opponent,397
1.0,1.0,1.0,2.0,3.0,6.0,6.0,1.0,2.0,0.0,0.0,1.0,0.0,0.0,0.0,0.0,0.0,ATTACH_ENERGY,0.3,0.7000000000000002,1,opponent,398
2.0,0.8571428571428571,1.0,2.0,3.0,6.0,6.0,0.0,2.0,0.0,1.0,0.0,0.0,0.0,0.0,0.0,0.0,RETREAT,-0.1,0.0,2,opponent,398
3.0,0.8888888888888888,1.0,2.0,3.0,6.0,6.0,0.0,2.0,0.0,0.0,0.0,1.0,0.0,0.0,0.0,0.0,PLAY_SUPPORTER,0.4,0.0,3,opponent,398
4.0,0.6666666666666666,1.0,2.0,3.0,6.0,6.0,0.0,1.0,0.0,0.0,0.0,1.0,0.0,0.0,0.0,0.0,PLAY_SUPPORTER,0.4,0.0,4,opponent,398
5.0,0.2222222222222222,1.0,2.0,3.0,6.0,6.0,0.0,0.0,0.0,1.0,0.0,0.0,0.0,0.0,0.0,0.0,RETREAT,-0.1,0.0,5,opponent,398
6.0,0.5714285714285714,1.0,2.0,3.0,6.0,6.0,0.0,0.0,1.0,0.0,0.0,0.0,0.0,0.0,0.0,0.0,ATTACK,1.0,0.19999999999999973,6,opponent,398
7.0,0.14285714285714285,0.7142857142857143,2.0,3.0,6.0,6.0,0.0,0.0,0.0,1.0,0.0,0.0,0.0,0.0,0.0,0.0,RETREAT,-0.1,0.0,7,opponent,398
8.0,0.14285714285714285,0.7142857142857143,1.0,3.0,6.0,5.0,0.0,0.0,0.0,1.0,0.0,0.0,0.0,0.0,0.0,0.0,RETREAT,-0.1,0.0,8,opponent,398
9.0,0.7142857142857143,0.7142857142857143,1.0,3.0,6.0,5.0,0.0,0.0,0.0,0.0,0.0,0.0,0.0,0.0,0.0,1.0,PASS_TURN,0.0,0.0,9,opponent,398
10.0,0.5714285714285714,0.7142857142857143,1.0,3.0,6.0,5.0,0.0,0.0,0.0,0.0,0.0,0.0,0.0,0.0,0.0,1.0,PASS_TURN,0.0,0.0,10,opponent,398
11.0,0.42857142857142855,0.7142857142857143,1.0,3.0,6.0,5.0,0.0,0.0,0.0,0.0,0.0,0.0,0.0,0.0,0.0,1.0,PASS_TURN,0.0,0.0,11,opponent,398
12.0,0.14285714285714285,0.7142857142857143,0.0,3.0,6.0,4.0,0.0,0.0,1.0,0.0,0.0,0.0,0.0,0.0,0.0,0.0,ATTACK,1.0,0.19999999999999973,12,opponent,398
1.0,1.0,1.0,1.0,2.0,6.0,6.0,3.0,2.0,0.0,0.0,1.0,0.0,0.0,0.0,0.0,0.0,ATTACH_ENERGY,0.3,0.7000000000000001,1,opponent,399
2.0,0.8333333333333334,1.0,1.0,2.0,6.0,6.0,2.0,2.0,1.0,0.0,0.0,0.0,0.0,0.0,0.0,0.0,ATTACK,1.0,0.19999999999999996,2,opponent,399
3.0,0.8333333333333334,0.75,1.0,2.0,6.0,6.0,2.0,2.0,0.0,1.0,0.0,0.0,0.0,0.0,0.0,0.0,RETREAT,-0.1,0.0,3,opponent,399
4.0,0.3333333333333333,0.75,1.0,2.0,6.0,6.0,2.0,2.0,0.0,0.0,0.0,1.0,0.0,0.0,0.0,0.0,PLAY_SUPPORTER,0.4,0.0,4,opponent,399
5.0,0.8333333333333334,0.75,0.0,2.0,6.0,5.0,2.0,1.0,0.0,0.0,1.0,0.0,0.0,0.0,0.0,0.0,ATTACH_ENERGY,0.3,0.30000000000000004,5,opponent,399
6.0,0.5,0.75,0.0,2.0,6.0,5.0,1.0,1.0,1.0,0.0,0.0,0.0,0.0,0.0,0.0,0.0,ATTACK,1.0,0.19999999999999996,6,opponent,399
7.0,0.16666666666666666,0.5,0.0,2.0,6.0,5.0,1.0,1.0,0.0,0.0,0.0,1.0,0.0,0.0,0.0,0.0,PLAY_SUPPORTER,0.4,0.0,7,opponent,399
8.0,0.16666666666666666,0.5,0.0,2.0,6.0,5.0,1.0,0.0,0.0,0.0,1.0,0.0,0.0,0.0,0.0,0.0,ATTACH_ENERGY,0.3,0.29999999999999993,8,opponent,399
1.0,1.0,1.0,3.0,3.0,6.0,6.0,2.0,2.0,0.0,0.0,1.0,0.0,0.0,0.0,0.0,0.0,ATTACH_ENERGY,0.3,0.7000000000000002,1,opponent,400
2.0,0.9285714285714286,1.0,3.0,3.0,6.0,6.0,1.0,2.0,0.0,0.0,1.0,0.0,0.0,0.0,0.0,0.0,ATTACH_ENERGY,0.3,0.6999999999999997,2,opponent,400
3.0,0.9285714285714286,1.0,3.0,3.0,6.0,6.0,0.0,2.0,1.0,0.0,0.0,0.0,0.0,0.0,0.0,0.0,ATTACK,1.5,0.30000000000000027,3,opponent,400
4.0,0.8571428571428571,0.6666666666666666,3.0,3.0,6.0,6.0,0.0,2.0,1.0,0.0,0.0,0.0,0.0,0.0,0.0,0.0,ATTACK,1.5,0.2999999999999998,4,opponent,400
5.0,0.5714285714285714,0.3333333333333333,3.0,3.0,6.0,6.0,0.0,2.0,1.0,0.0,0.0,0.0,0.0,0.0,0.0,0.0,ATTACK,6.5,-2.1999999999999997,5,opponent,400
6.0,0.5714285714285714,1.0,3.0,2.0,5.0,6.0,0.0,2.0,1.0,0.0,0.0,0.0,0.0,0.0,0.0,0.0,ATTACK,1.5,0.2999999999999998,6,opponent,400
7.0,0.42857142857142855,0.625,3.0,2.0,5.0,6.0,0.0,2.0,1.0,0.0,0.0,0.0,0.0,0.0,0.0,0.0,ATTACK,1.5,0.30000000000000004,7,opponent,400
8.0,0.42857142857142855,0.25,3.0,2.0,5.0,6.0,0.0,2.0,1.0,0.0,0.0,0.0,0.0,0.0,0.0,0.0,ATTACK,6.5,-2.3,8,opponent,400
9.0,0.42857142857142855,1.0,3.0,1.0,4.0,6.0,0.0,2.0,1.0,0.0,0.0,0.0,0.0,0.0,0.0,0.0,ATTACK,1.5,0.2999999999999998,9,opponent,400
10.0,0.14285714285714285,0.75,3.0,1.0,4.0,6.0,0.0,2.0,1.0,0.0,0.0,0.0,0.0,0.0,0.0,0.0,ATTACK,1.5,0.3000000000000007,10,opponent,400
11.0,1.0,0.5,2.0,1.0,4.0,5.0,0.0,2.0,1.0,0.0,0.0,0.0,0.0,0.0,0.0,0.0,ATTACK,0.5,0.10000000000000003,11,opponent,400
12.0,0.7142857142857143,0.4166666666666667,2.0,1.0,4.0,5.0,0.0,2.0,1.0,0.0,0.0,0.0,0.0,0.0,0.0,0.0,ATTACK,0.5,0.10000000000000009,12,opponent,400
13.0,0.5,0.3333333333333333,2.0,1.0,4.0,5.0,0.0,2.0,1.0,0.0,0.0,0.0,0.0,0.0,0.0,0.0,ATTACK,0.5,0.10000000000000009,13,opponent,400
14.0,0.35714285714285715,0.25,2.0,1.0,4.0,5.0,0.0,2.0,1.0,0.0,0.0,0.0,0.0,0.0,0.0,0.0,ATTACK,0.5,0.09999999999999987,14,opponent,400
15.0,0.35714285714285715,0.16666666666666666,2.0,1.0,4.0,5.0,0.0,2.0,1.0,0.0,0.0,0.0,0.0,0.0,0.0,0.0,ATTACK,0.5,0.10000000000000009,15,opponent,400
16.0,0.14285714285714285,0.08333333333333333,2.0,1.0,4.0,5.0,0.0,2.0,1.0,0.0,0.0,0.0,0.0,0.0,0.0,0.0,ATTACK,5.5,-2.4000000000000004,16,opponent,400
17.0,1.0,1.0,1.0,0.0,3.0,4.0,0.0,2.0,0.0,0.0,0.0,1.0,0.0,0.0,0.0,0.0,PLAY_SUPPORTER,0.4,0.0,17,opponent,400
18.0,0.6666666666666666,1.0,1.0,0.0,3.0,4.0,0.0,1.0,0.0,0.0,0.0,1.0,0.0,0.0,0.0,0.0,PLAY_SUPPORTER,0.4,0.0,18,opponent,400
19.0,0.3333333333333333,1.0,1.0,0.0,3.0,4.0,0.0,0.0,0.0,1.0,0.0,0.0,0.0,0.0,0.0,0.0,RETREAT,-0.1,0.0,19,opponent,400
20.0,0.42857142857142855,1.0,1.0,0.0,3.0,4.0,0.0,0.0,0.0,0.0,0.0,0.0,0.0,0.0,0.0,1.0,PASS_TURN,0.0,0.0,20,opponent,400
21.0,0.3333333333333333,1.0,0.0,0.0,3.0,3.0,0.0,0.0,0.0,0.0,0.0,0.0,0.0,0.0,0.0,1.0,PASS_TURN,0.0,0.0,21,opponent,400
1.0,1.0,1.0,0.0,0.0,6.0,6.0,1.0,6.0,0.0,0.0,1.0,0.0,0.0,0.0,0.0,0.0,ATTACH_ENERGY,0.3,0.7,1,opponent,401
2.0,1.0,1.0,0.0,0.0,6.0,6.0,0.0,6.0,1.0,0.0,0.0,0.0,0.0,0.0,0.0,0.0,ATTACK,1.0,0.19999999999999996,2,opponent,401
3.0,0.5,0.8571428571428571,0.0,0.0,6.0,6.0,0.0,6.0,1.0,0.0,0.0,0.0,0.0,0.0,0.0,0.0,ATTACK,1.0,0.2,3,opponent,401
1.0,1.0,1.0,2.0,3.0,6.0,6.0,3.0,5.0,0.0,0.0,1.0,0.0,0.0,0.0,0.0,0.0,ATTACH_ENERGY,0.3,0.7000000000000002,1,opponent,402
2.0,0.9166666666666666,1.0,2.0,3.0,6.0,6.0,2.0,5.0,0.0,1.0,0.0,0.0,0.0,0.0,0.0,0.0,RETREAT,-0.1,0.0,2,opponent,402
3.0,0.6666666666666666,1.0,2.0,3.0,6.0,6.0,2.0,5.0,0.0,0.0,1.0,0.0,0.0,0.0,0.0,0.0,ATTACH_ENERGY,0.3,0.6999999999999997,3,opponent,402
4.0,0.5555555555555556,1.0,2.0,3.0,6.0,6.0,1.0,5.0,1.0,0.0,0.0,0.0,0.0,0.0,0.0,0.0,ATTACK,1.0,0.19999999999999973,4,opponent,402
5.0,0.2222222222222222,0.7142857142857143,2.0,3.0,6.0,6.0,1.0,5.0,0.0,1.0,0.0,0.0,0.0,0.0,0.0,0.0,RETREAT,-0.1,0.0,5,opponent,402
6.0,0.5833333333333334,0.7142857142857143,2.0,3.0,6.0,6.0,1.0,5.0,1.0,0.0,0.0,0.0,0.0,0.0,0.0,0.0,ATTACK,1.0,0.19999999999999973,6,opponent,402
7.0,0.4166666666666667,0.42857142857142855,2.0,3.0,6.0,6.0,1.0,5.0,1.0,0.0,0.0,0.0,0.0,0.0,0.0,0.0,ATTACK,1.0,0.19999999999999973,7,opponent,402
8.0,0.4166666666666667,0.14285714285714285,2.0,3.0,6.0,6.0,1.0,5.0,1.0,0.0,0.0,0.0,0.0,0.0,0.0,0.0,ATTACK,6.0,-2.3999999999999995,8,opponent,402
9.0,0.3333333333333333,1.0,2.0,2.0,5.0,6.0,1.0,5.0,0.0,0.0,0.0,1.0,0.0,0.0,0.0,0.0,PLAY_SUPPORTER,0.4,0.0,9,opponent,402
10.0,0.25,1.0,2.0,2.0,5.0,6.0,1.0,4.0,0.0,1.0,0.0,0.0,0.0,0.0,0.0,0.0,RETREAT,-0.1,0.0,10,opponent,402
11.0,0.2222222222222222,1.0,2.0,2.0,5.0,6.0,1.0,4.0,0.0,1.0,0.0,0.0,0.0,0.0,0.0,0.0,RETREAT,-0.1,0.0,11,opponent,402
12.0,0.2222222222222222,1.0,1.0,2.0,5.0,5.0,1.0,4.0,0.0,1.0,0.0,0.0,0.0,0.0,0.0,0.0,RETREAT,-0.1,0.0,12,opponent,402
13.0,0.7142857142857143,1.0,1.0,2.0,5.0,5.0,1.0,4.0,0.0,0.0,0.0,1.0,0.0,0.0,0.0,0.0,PLAY_SUPPORTER,0.4,0.0,13,opponent,402
14.0,0.7142857142857143,1.0,1.0,2.0,5.0,5.0,1.0,3.0,0.0,0.0,0.0,1.0,0.0,0.0,0.0,0.0,PLAY_SUPPORTER,0.4,0.0,14,opponent,402
15.0,0.14285714285714285,1.0,1.0,2.0,5.0,5.0,1.0,2.0,0.0,1.0,0.0,0.0,0.0,0.0,0.0,0.0,RETREAT,-0.1,0.0,15,opponent,402
16.0,0.2222222222222222,1.0,1.0,2.0,5.0,5.0,1.0,2.0,0.0,1.0,0.0,0.0,0.0,0.0,0.0,0.0,RETREAT,-0.1,0.0,16,opponent,402
17.0,0.2222222222222222,1.0,0.0,2.0,5.0,4.0,1.0,2.0,0.0,0.0,0.0,1.0,0.0,0.0,0.0,0.0,PLAY_SUPPORTER,0.4,0.0,17,opponent,402
1.0,1.0,1.0,2.0,2.0,6.0,6.0,1.0,7.0,0.0,0.0,1.0,0.0,0.0,0.0,0.0,0.0,ATTACH_ENERGY,0.3,0.7000000000000001,1,opponent,403
2.0,1.0,1.0,2.0,2.0,6.0,6.0,0.0,7.0,1.0,0.0,0.0,0.0,0.0,0.0,0.0,0.0,ATTACK,1.0,0.19999999999999996,2,opponent,403
3.0,0.9285714285714286,0.8571428571428571,2.0,2.0,6.0,6.0,0.0,7.0,1.0,0.0,0.0,0.0,0.0,0.0,0.0,0.0,ATTACK,1.0,0.19999999999999996,3,opponent,403
4.0,0.8571428571428571,0.7142857142857143,2.0,2.0,6.0,6.0,0.0,7.0,1.0,0.0,0.0,0.0,0.0,0.0,0.0,0.0,ATTACK,1.0,0.20000000000000018,4,opponent,403
5.0,0.8571428571428571,0.5714285714285714,2.0,2.0,6.0,6.0,0.0,7.0,1.0,0.0,0.0,0.0,0.0,0.0,0.0,0.0,ATTACK,1.0,0.20000000000000007,5,opponent,403
6.0,0.6428571428571429,0.42857142857142855,2.0,2.0,6.0,6.0,0.0,7.0,1.0,0.0,0.0,0.0,0.0,0.0,0.0,0.0,ATTACK,1.0,0.19999999999999996,6,opponent,403
7.0,0.35714285714285715,0.2857142857142857,2.0,2.0,6.0,6.0,0.0,7.0,1.0,0.0,0.0,0.0,0.0,0.0,0.0,0.0,ATTACK,1.0,0.2,7,opponent,403
8.0,0.35714285714285715,0.14285714285714285,2.0,2.0,6.0,6.0,0.0,7.0,1.0,0.0,0.0,0.0,0.0,0.0,0.0,0.0,ATTACK,6.0,-2.3,8,opponent,403
9.0,0.21428571428571427,1.0,2.0,1.0,5.0,6.0,0.0,7.0,0.0,0.0,0.0,0.0,0.0,0.0,0.0,1.0,PASS_TURN,0.0,0.0,9,opponent,403
10.0,0.21428571428571427,1.0,2.0,1.0,5.0,6.0,0.0,7.0,0.0,1.0,0.0,0.0,0.0,0.0,0.0,0.0,RETREAT,-0.1,0.0,10,opponent,403
11.0,0.7,1.0,2.0,1.0,5.0,6.0,0.0,7.0,0.0,0.0,0.0,1.0,0.0,0.0,0.0,0.0,PLAY_SUPPORTER,0.4,0.0,11,opponent,403
12.0,0.4,1.0,2.0,1.0,5.0,6.0,0.0,6.0,0.0,1.0,0.0,0.0,0.0,0.0,0.0,0.0,RETREAT,-0.1,0.0,12,opponent,403
13.0,0.21428571428571427,1.0,2.0,1.0,5.0,6.0,0.0,6.0,0.0,1.0,0.0,0.0,0.0,0.0,0.0,0.0,RETREAT,-0.1,0.0,13,opponent,403
14.0,0.2,1.0,2.0,1.0,5.0,6.0,0.0,6.0,0.0,1.0,0.0,0.0,0.0,0.0,0.0,0.0,RETREAT,-0.1,0.0,14,opponent,403
15.0,0.2,1.0,1.0,1.0,5.0,5.0,0.0,6.0,0.0,1.0,0.0,0.0,0.0,0.0,0.0,0.0,RETREAT,-0.1,0.0,15,opponent,403
16.0,1.0,1.0,1.0,1.0,5.0,5.0,0.0,6.0,0.0,0.0,0.0,1.0,0.0,0.0,0.0,0.0,PLAY_SUPPORTER,0.4,0.0,16,opponent,403
17.0,0.7142857142857143,1.0,1.0,1.0,5.0,5.0,0.0,5.0,0.0,0.0,0.0,1.0,0.0,0.0,0.0,0.0,PLAY_SUPPORTER,0.4,0.0,17,opponent,403
18.0,0.5714285714285714,1.0,1.0,1.0,5.0,5.0,0.0,4.0,0.0,0.0,0.0,0.0,0.0,0.0,0.0,1.0,PASS_TURN,0.0,0.0,18,opponent,403
19.0,0.14285714285714285,1.0,1.0,1.0,5.0,5.0,0.0,4.0,0.0,1.0,0.0,0.0,0.0,0.0,0.0,0.0,RETREAT,-0.1,0.0,19,opponent,403
20.0,0.14285714285714285,1.0,0.0,1.0,5.0,4.0,0.0,4.0,0.0,0.0,0.0,1.0,0.0,0.0,0.0,0.0,PLAY_SUPPORTER,0.4,0.0,20,opponent,403
1.0,1.0,1.0,0.0,0.0,6.0,6.0,2.0,5.0,0.0,0.0,0.0,0.0,0.0,0.0,0.0,1.0,PASS_TURN,0.0,0.0,1,opponent,404
2.0,0.7777777777777778,1.0,0.0,0.0,6.0,6.0,2.0,5.0,0.0,0.0,0.0,0.0,0.0,0.0,0.0,1.0,PASS_TURN,0.0,0.0,2,opponent,404
3.0,0.7777777777777778,1.0,0.0,0.0,6.0,6.0,2.0,5.0,0.0,0.0,1.0,0.0,0.0,0.0,0.0,0.0,ATTACH_ENERGY,0.3,0.7,3,opponent,404
4.0,0.7777777777777778,1.0,0.0,0.0,6.0,6.0,1.0,5.0,1.0,0.0,0.0,0.0,0.0,0.0,0.0,0.0,ATTACK,0.5,0.09999999999999998,4,opponent,404
5.0,0.7777777777777778,0.8888888888888888,0.0,0.0,6.0,6.0,1.0,5.0,0.0,0.0,1.0,0.0,0.0,0.0,0.0,0.0,ATTACH_ENERGY,0.3,0.30000000000000004,5,opponent,404
6.0,0.7777777777777778,0.8888888888888888,0.0,0.0,6.0,6.0,0.0,5.0,1.0,0.0,0.0,0.0,0.0,0.0,0.0,0.0,ATTACK,0.5,0.09999999999999998,6,opponent,404
7.0,0.3333333333333333,0.7777777777777778,0.0,0.0,6.0,6.0,0.0,5.0,0.0,0.0,0.0,1.0,0.0,0.0,0.0,0.0,PLAY_SUPPORTER,0.4,0.0,7,opponent,404
8.0,0.3333333333333333,0.7777777777777778,0.0,0.0,6.0,6.0,0.0,4.0,0.0,0.0,0.0,1.0,0.0,0.0,0.0,0.0,PLAY_SUPPORTER,0.4,0.0,8,opponent,404
9.0,0.2222222222222222,0.7777777777777778,0.0,0.0,6.0,6.0,0.0,3.0,0.0,0.0,0.0,1.0,0.0,0.0,0.0,0.0,PLAY_SUPPORTER,0.4,0.0,9,opponent,404
10.0,0.2222222222222222,0.7777777777777778,0.0,0.0,6.0,6.0,0.0,2.0,0.0,0.0,0.0,1.0,0.0,0.0,0.0,0.0,PLAY_SUPPORTER,0.4,0.0,10,opponent,404
1.0,1.0,1.0,0.0,3.0,6.0,6.0,0.0,6.0,0.0,0.0,0.0,1.0,0.0,0.0,0.0,0.0,PLAY_SUPPORTER,0.4,0.0,1,opponent,405
2.0,0.9285714285714286,1.0,0.0,3.0,6.0,6.0,0.0,5.0,0.0,0.0,0.0,1.0,0.0,0.0,0.0,0.0,PLAY_SUPPORTER,0.4,0.0,2,opponent,405
3.0,0.7142857142857143,1.0,0.0,3.0,6.0,6.0,0.0,4.0,0.0,0.0,0.0,1.0,0.0,0.0,0.0,0.0,PLAY_SUPPORTER,0.4,0.0,3,opponent,405
4.0,0.7142857142857143,1.0,0.0,3.0,6.0,6.0,0.0,3.0,0.0,0.0,0.0,0.0,1.0,0.0,0.0,0.0,PLAY_BASIC_TO_BENCH,0.2,2.3,4,opponent,405
5.0,0.5714285714285714,1.0,1.0,3.0,6.0,6.0,0.0,2.0,0.0,0.0,0.0,1.0,0.0,0.0,0.0,0.0,PLAY_SUPPORTER,0.4,0.0,5,opponent,405
6.0,0.2857142857142857,1.0,1.0,3.0,6.0,6.0,0.0,1.0,0.0,1.0,0.0,0.0,0.0,0.0,0.0,0.0,RETREAT,-0.1,0.0,6,opponent,405
7.0,0.8571428571428571,1.0,1.0,3.0,6.0,6.0,0.0,1.0,0.0,0.0,0.0,1.0,0.0,0.0,0.0,0.0,PLAY_SUPPORTER,0.4,0.0,7,opponent,405
8.0,0.7857142857142857,1.0,1.0,3.0,6.0,6.0,0.0,0.0,0.0,0.0,0.0,0.0,0.0,0.0,0.0,1.0,PASS_TURN,0.0,0.0,8,opponent,405
9.0,0.7857142857142857,1.0,1.0,3.0,6.0,6.0,0.0,0.0,0.0,0.0,0.0,0.0,0.0,0.0,0.0,1.0,PASS_TURN,0.0,0.0,9,opponent,405
10.0,0.7142857142857143,1.0,1.0,3.0,6.0,6.0,0.0,0.0,0.0,0.0,0.0,0.0,0.0,0.0,0.0,1.0,PASS_TURN,0.0,0.0,10,opponent,405
11.0,0.42857142857142855,1.0,1.0,3.0,6.0,6.0,0.0,0.0,0.0,0.0,0.0,0.0,0.0,0.0,0.0,1.0,PASS_TURN,0.0,0.0,11,opponent,405
12.0,0.2857142857142857,1.0,1.0,3.0,6.0,6.0,0.0,0.0,0.0,1.0,0.0,0.0,0.0,0.0,0.0,0.0,RETREAT,-0.1,0.0,12,opponent,405
13.0,0.14285714285714285,1.0,1.0,3.0,6.0,6.0,0.0,0.0,0.0,0.0,0.0,0.0,0.0,0.0,0.0,1.0,PASS_TURN,0.0,0.0,13,opponent,405
14.0,0.2857142857142857,1.0,0.0,3.0,6.0,5.0,0.0,0.0,0.0,0.0,0.0,0.0,0.0,0.0,0.0,1.0,PASS_TURN,0.0,0.0,14,opponent,405
15.0,0.21428571428571427,1.0,0.0,3.0,6.0,5.0,0.0,0.0,0.0,0.0,0.0,0.0,0.0,0.0,0.0,1.0,PASS_TURN,0.0,0.0,15,opponent,405
16.0,0.07142857142857142,1.0,0.0,3.0,6.0,5.0,0.0,0.0,0.0,0.0,0.0,0.0,0.0,0.0,0.0,1.0,PASS_TURN,0.0,0.0,16,opponent,405
1.0,1.0,1.0,1.0,2.0,6.0,6.0,1.0,3.0,0.0,0.0,1.0,0.0,0.0,0.0,0.0,0.0,ATTACH_ENERGY,0.3,0.7000000000000001,1,opponent,406
2.0,0.8333333333333334,1.0,1.0,2.0,6.0,6.0,0.0,3.0,1.0,0.0,0.0,0.0,0.0,0.0,0.0,0.0,ATTACK,1.0,0.19999999999999996,2,opponent,406
3.0,0.5833333333333334,0.8333333333333334,1.0,2.0,6.0,6.0,0.0,3.0,0.0,0.0,0.0,0.0,0.0,0.0,0.0,1.0,PASS_TURN,0.0,0.0,3,opponent,406
4.0,0.25,0.8333333333333334,1.0,2.0,6.0,6.0,0.0,3.0,0.0,1.0,0.0,0.0,0.0,0.0,0.0,0.0,RETREAT,-0.1,0.0,4,opponent,406
5.0,1.0,0.8333333333333334,1.0,2.0,6.0,6.0,0.0,3.0,0.0,0.0,0.0,1.0,0.0,0.0,0.0,0.0,PLAY_SUPPORTER,0.4,0.0,5,opponent,406
6.0,0.9166666666666666,0.8333333333333334,1.0,2.0,6.0,6.0,0.0,2.0,0.0,0.0,0.0,1.0,0.0,0.0,0.0,0.0,PLAY_SUPPORTER,0.4,0.0,6,opponent,406
7.0,0.8333333333333334,0.8333333333333334,1.0,2.0,6.0,6.0,0.0,1.0,0.0,0.0,0.0,1.0,0.0,0.0,0.0,0.0,PLAY_SUPPORTER,0.4,0.0,7,opponent,406
8.0,0.5833333333333334,0.8333333333333334,1.0,2.0,6.0,6.0,0.0,0.0,0.0,0.0,0.0,0.0,0.0,0.0,0.0,1.0,PASS_TURN,0.0,0.0,8,opponent,406
9.0,0.25,0.8333333333333334,1.0,2.0,6.0,6.0,0.0,0.0,0.0,1.0,0.0,0.0,0.0,0.0,0.0,0.0,RETREAT,-0.1,0.0,9,opponent,406
10.0,0.25,0.8333333333333334,0.0,2.0,6.0,5.0,0.0,0.0,0.0,0.0,0.0,0.0,0.0,0.0,0.0,1.0,PASS_TURN,0.0,0.0,10,opponent,406
1.0,1.0,1.0,3.0,1.0,6.0,6.0,3.0,3.0,0.0,0.0,1.0,0.0,0.0,0.0,0.0,0.0,ATTACH_ENERGY,0.3,0.6999999999999997,1,opponent,407
2.0,1.0,1.0,3.0,1.0,6.0,6.0,2.0,3.0,0.0,0.0,1.0,0.0,0.0,0.0,0.0,0.0,ATTACH_ENERGY,0.3,0.7000000000000002,2,opponent,407
3.0,1.0,1.0,3.0,1.0,6.0,6.0,1.0,3.0,0.0,0.0,1.0,0.0,0.0,0.0,0.0,0.0,ATTACH_ENERGY,0.3,0.7000000000000002,3,opponent,407
4.0,1.0,1.0,3.0,1.0,6.0,6.0,0.0,3.0,1.0,0.0,0.0,0.0,0.0,0.0,0.0,0.0,ATTACK,0.5,0.09999999999999964,4,opponent,407
5.0,0.6666666666666666,0.9166666666666666,3.0,1.0,6.0,6.0,0.0,3.0,1.0,0.0,0.0,0.0,0.0,0.0,0.0,0.0,ATTACK,0.5,0.10000000000000009,5,opponent,407
6.0,0.6666666666666666,0.8333333333333334,3.0,1.0,6.0,6.0,0.0,3.0,1.0,0.0,0.0,0.0,0.0,0.0,0.0,0.0,ATTACK,0.5,0.10000000000000009,6,opponent,407
7.0,0.5555555555555556,0.75,3.0,1.0,6.0,6.0,0.0,3.0,1.0,0.0,0.0,0.0,0.0,0.0,0.0,0.0,ATTACK,0.5,0.10000000000000009,7,opponent,407
8.0,0.2222222222222222,0.6666666666666666,3.0,1.0,6.0,6.0,0.0,3.0,0.0,1.0,0.0,0.0,0.0,0.0,0.0,0.0,RETREAT,-0.1,0.0,8,opponent,407
9.0,0.5714285714285714,0.6666666666666666,3.0,1.0,6.0,6.0,0.0,3.0,1.0,0.0,0.0,0.0,0.0,0.0,0.0,0.0,ATTACK,1.0,0.19999999999999973,9,opponent,407
10.0,0.5714285714285714,0.5,3.0,1.0,6.0,6.0,0.0,3.0,1.0,0.0,0.0,0.0,0.0,0.0,0.0,0.0,ATTACK,1.0,0.20000000000000018,10,opponent,407
11.0,0.2857142857142857,0.3333333333333333,3.0,1.0,6.0,6.0,0.0,3.0,0.0,1.0,0.0,0.0,0.0,0.0,0.0,0.0,RETREAT,-0.1,0.0,11,opponent,407
12.0,0.2857142857142857,0.3333333333333333,2.0,1.0,6.0,5.0,0.0,3.0,0.0,1.0,0.0,0.0,0.0,0.0,0.0,0.0,RETREAT,-0.1,0.0,12,opponent,407
13.0,1.0,0.3333333333333333,2.0,1.0,6.0,5.0,0.0,3.0,0.0,0.0,0.0,1.0,0.0,0.0,0.0,0.0,PLAY_SUPPORTER,0.4,0.0,13,opponent,407
14.0,0.42857142857142855,0.3333333333333333,2.0,1.0,6.0,5.0,0.0,2.0,0.0,0.0,0.0,1.0,0.0,0.0,0.0,0.0,PLAY_SUPPORTER,0.4,0.0,14,opponent,407
15.0,0.2857142857142857,0.3333333333333333,1.0,1.0,6.0,4.0,0.0,1.0,0.0,1.0,0.0,0.0,0.0,0.0,0.0,0.0,RETREAT,-0.1,0.0,15,opponent,407
16.0,0.7,0.3333333333333333,1.0,1.0,6.0,4.0,0.0,1.0,0.0,0.0,0.0,1.0,0.0,0.0,0.0,0.0,PLAY_SUPPORTER,0.4,0.0,16,opponent,407
17.0,0.6,0.3333333333333333,1.0,1.0,6.0,4.0,0.0,0.0,0.0,0.0,0.0,0.0,0.0,0.0,0.0,1.0,PASS_TURN,0.0,0.0,17,opponent,407
18.0,0.4,0.3333333333333333,1.0,1.0,6.0,4.0,0.0,0.0,0.0,0.0,0.0,0.0,0.0,0.0,0.0,1.0,PASS_TURN,0.0,0.0,18,opponent,407
19.0,0.4,0.3333333333333333,1.0,1.0,6.0,4.0,0.0,0.0,0.0,0.0,0.0,0.0,0.0,0.0,0.0,1.0,PASS_TURN,0.0,0.0,19,opponent,407
20.0,0.1,0.3333333333333333,1.0,1.0,6.0,4.0,0.0,0.0,0.0,1.0,0.0,0.0,0.0,0.0,0.0,0.0,RETREAT,-0.1,0.0,20,opponent,407
21.0,0.1,0.3333333333333333,0.0,1.0,6.0,3.0,0.0,0.0,0.0,0.0,0.0,0.0,0.0,0.0,0.0,1.0,PASS_TURN,0.0,0.0,21,opponent,407
1.0,1.0,1.0,0.0,2.0,6.0,6.0,0.0,5.0,0.0,0.0,0.0,1.0,0.0,0.0,0.0,0.0,PLAY_SUPPORTER,0.4,0.0,1,opponent,408
2.0,0.7,1.0,0.0,2.0,6.0,6.0,0.0,4.0,0.0,0.0,0.0,1.0,0.0,0.0,0.0,0.0,PLAY_SUPPORTER,0.4,0.0,2,opponent,408
3.0,0.3,1.0,0.0,2.0,6.0,6.0,0.0,3.0,0.0,0.0,0.0,1.0,0.0,0.0,0.0,0.0,PLAY_SUPPORTER,0.4,0.0,3,opponent,408
1.0,1.0,1.0,2.0,1.0,6.0,6.0,2.0,2.0,0.0,0.0,1.0,0.0,0.0,0.0,0.0,0.0,ATTACH_ENERGY,0.3,0.7000000000000004,1,opponent,409
2.0,0.5555555555555556,1.0,2.0,1.0,6.0,6.0,1.0,2.0,1.0,0.0,0.0,0.0,0.0,0.0,0.0,0.0,ATTACK,1.5,0.2999999999999998,2,opponent,409
3.0,0.1111111111111111,0.7857142857142857,2.0,1.0,6.0,6.0,1.0,2.0,1.0,0.0,0.0,0.0,0.0,0.0,0.0,0.0,ATTACK,1.5,0.30000000000000027,3,opponent,409
4.0,1.0,0.5714285714285714,1.0,1.0,6.0,5.0,1.0,2.0,0.0,0.0,0.0,1.0,0.0,0.0,0.0,0.0,PLAY_SUPPORTER,0.4,0.0,4,opponent,409
5.0,0.5714285714285714,0.5714285714285714,1.0,1.0,6.0,5.0,1.0,1.0,0.0,0.0,0.0,0.0,1.0,0.0,0.0,0.0,PLAY_BASIC_TO_BENCH,0.2,1.9000000000000004,5,opponent,409
6.0,0.14285714285714285,0.5714285714285714,2.0,1.0,6.0,5.0,1.0,0.0,0.0,1.0,0.0,0.0,0.0,0.0,0.0,0.0,RETREAT,-0.1,0.0,6,opponent,409
7.0,1.0,0.5714285714285714,2.0,1.0,6.0,5.0,1.0,0.0,0.0,0.0,1.0,0.0,0.0,0.0,0.0,0.0,ATTACH_ENERGY,0.3,0.2999999999999998,7,opponent,409
8.0,0.6666666666666666,0.5714285714285714,2.0,1.0,6.0,5.0,0.0,0.0,1.0,0.0,0.0,0.0,0.0,0.0,0.0,0.0,ATTACK,0.5,0.09999999999999964,8,opponent,409
9.0,0.5,0.5,2.0,1.0,6.0,5.0,0.0,0.0,1.0,0.0,0.0,0.0,0.0,0.0,0.0,0.0,ATTACK,0.5,0.10000000000000053,9,opponent,409
10.0,0.5,0.42857142857142855,2.0,1.0,6.0,5.0,0.0,0.0,0.0,1.0,0.0,0.0,0.0,0.0,0.0,0.0,RETREAT,-0.1,0.0,10,opponent,409
11.0,0.9285714285714286,0.42857142857142855,2.0,1.0,6.0,5.0,0.0,0.0,0.0,0.0,0.0,0.0,0.0,0.0,0.0,1.0,PASS_TURN,0.0,0.0,11,opponent,409
12.0,0.7142857142857143,0.42857142857142855,2.0,1.0,6.0,5.0,0.0,0.0,0.0,0.0,0.0,0.0,0.0,0.0,0.0,1.0,PASS_TURN,0.0,0.0,12,opponent,409
13.0,0.7142857142857143,0.42857142857142855,2.0,1.0,6.0,5.0,0.0,0.0,0.0,0.0,0.0,0.0,0.0,0.0,0.0,1.0,PASS_TURN,0.0,0.0,13,opponent,409
14.0,0.42857142857142855,0.42857142857142855,2.0,1.0,6.0,5.0,0.0,0.0,0.0,0.0,0.0,0.0,0.0,0.0,0.0,1.0,PASS_TURN,0.0,0.0,14,opponent,409
15.0,0.42857142857142855,0.42857142857142855,2.0,1.0,6.0,5.0,0.0,0.0,0.0,0.0,0.0,0.0,0.0,0.0,0.0,1.0,PASS_TURN,0.0,0.0,15,opponent,409
16.0,0.42857142857142855,0.42857142857142855,2.0,1.0,6.0,5.0,0.0,0.0,0.0,0.0,0.0,0.0,0.0,0.0,0.0,1.0,PASS_TURN,0.0,0.0,16,opponent,409
17.0,0.42857142857142855,0.42857142857142855,2.0,1.0,6.0,5.0,0.0,0.0,0.0,0.0,0.0,0.0,0.0,0.0,0.0,1.0,PASS_TURN,0.0,0.0,17,opponent,409
18.0,0.21428571428571427,0.42857142857142855,2.0,1.0,6.0,5.0,0.0,0.0,0.0,1.0,0.0,0.0,0.0,0.0,0.0,0.0,RETREAT,-0.1,0.0,18,opponent,409
19.0,0.21428571428571427,0.42857142857142855,1.0,1.0,6.0,4.0,0.0,0.0,0.0,1.0,0.0,0.0,0.0,0.0,0.0,0.0,RETREAT,-0.1,0.0,19,opponent,409
20.0,0.16666666666666666,0.42857142857142855,1.0,1.0,6.0,4.0,0.0,0.0,0.0,1.0,0.0,0.0,0.0,0.0,0.0,0.0,RETREAT,-0.1,0.0,20,opponent,409
21.0,0.21428571428571427,0.42857142857142855,1.0,1.0,6.0,4.0,0.0,0.0,0.0,1.0,0.0,0.0,0.0,0.0,0.0,0.0,RETREAT,-0.1,0.0,21,opponent,409
22.0,0.08333333333333333,0.42857142857142855,1.0,1.0,6.0,4.0,0.0,0.0,0.0,1.0,0.0,0.0,0.0,0.0,0.0,0.0,RETREAT,-0.1,0.0,22,opponent,409
23.0,0.14285714285714285,0.42857142857142855,1.0,1.0,6.0,4.0,0.0,0.0,0.0,1.0,0.0,0.0,0.0,0.0,0.0,0.0,RETREAT,-0.1,0.0,23,opponent,409
24.0,0.14285714285714285,0.42857142857142855,0.0,1.0,6.0,3.0,0.0,0.0,0.0,0.0,0.0,0.0,0.0,0.0,0.0,1.0,PASS_TURN,0.0,0.0,24,opponent,409
1.0,1.0,1.0,2.0,3.0,6.0,6.0,1.0,6.0,0.0,0.0,1.0,0.0,0.0,0.0,0.0,0.0,ATTACH_ENERGY,0.3,0.7000000000000002,1,opponent,410
2.0,0.6666666666666666,1.0,2.0,3.0,6.0,6.0,0.0,6.0,1.0,0.0,0.0,0.0,0.0,0.0,0.0,0.0,ATTACK,1.5,0.2999999999999998,2,opponent,410
3.0,0.3333333333333333,0.7857142857142857,2.0,3.0,6.0,6.0,0.0,6.0,1.0,0.0,0.0,0.0,0.0,0.0,0.0,0.0,ATTACK,1.5,0.30000000000000004,3,opponent,410
4.0,0.16666666666666666,0.5714285714285714,2.0,3.0,6.0,6.0,0.0,6.0,1.0,0.0,0.0,0.0,0.0,0.0,0.0,0.0,ATTACK,1.5,0.30000000000000004,4,opponent,410
5.0,1.0,0.35714285714285715,1.0,3.0,6.0,5.0,0.0,6.0,0.0,0.0,0.0,1.0,0.0,0.0,0.0,0.0,PLAY_SUPPORTER,0.4,0.0,5,opponent,410
6.0,0.9,0.35714285714285715,1.0,3.0,6.0,5.0,0.0,5.0,0.0,0.0,0.0,1.0,0.0,0.0,0.0,0.0,PLAY_SUPPORTER,0.4,0.0,6,opponent,410
7.0,0.6,0.35714285714285715,1.0,3.0,6.0,5.0,0.0,4.0,0.0,0.0,0.0,1.0,0.0,0.0,0.0,0.0,PLAY_SUPPORTER,0.4,0.0,7,opponent,410
8.0,0.6,0.35714285714285715,1.0,3.0,6.0,5.0,0.0,3.0,0.0,0.0,0.0,1.0,0.0,0.0,0.0,0.0,PLAY_SUPPORTER,0.4,0.0,8,opponent,410
9.0,0.2,0.35714285714285715,1.0,3.0,6.0,5.0,0.0,2.0,0.0,0.0,0.0,1.0,0.0,0.0,0.0,0.0,PLAY_SUPPORTER,0.4,0.0,9,opponent,410
10.0,0.2,0.35714285714285715,1.0,3.0,6.0,5.0,0.0,1.0,0.0,1.0,0.0,0.0,0.0,0.0,0.0,0.0,RETREAT,-0.1,0.0,10,opponent,410
11.0,0.7142857142857143,0.35714285714285715,1.0,3.0,6.0,5.0,0.0,1.0,0.0,0.0,0.0,1.0,0.0,0.0,0.0,0.0,PLAY_SUPPORTER,0.4,0.0,11,opponent,410
12.0,0.42857142857142855,0.35714285714285715,1.0,3.0,6.0,5.0,0.0,0.0,0.0,0.0,0.0,0.0,0.0,0.0,0.0,1.0,PASS_TURN,0.0,0.0,12,opponent,410
13.0,0.14285714285714285,0.35714285714285715,1.0,3.0,6.0,5.0,0.0,0.0,0.0,0.0,0.0,0.0,0.0,0.0,0.0,1.0,PASS_TURN,0.0,0.0,13,opponent,410
14.0,0.2,0.35714285714285715,0.0,3.0,6.0,4.0,0.0,0.0,0.0,0.0,0.0,0.0,0.0,0.0,0.0,1.0,PASS_TURN,0.0,0.0,14,opponent,410
15.0,0.1,0.35714285714285715,0.0,3.0,6.0,4.0,0.0,0.0,0.0,0.0,0.0,0.0,0.0,0.0,0.0,1.0,PASS_TURN,0.0,0.0,15,opponent,410
1.0,1.0,1.0,3.0,2.0,6.0,6.0,1.0,3.0,0.0,1.0,0.0,0.0,0.0,0.0,0.0,0.0,RETREAT,-0.1,0.0,1,opponent,411
2.0,0.875,1.0,3.0,2.0,6.0,6.0,1.0,3.0,0.0,0.0,1.0,0.0,0.0,0.0,0.0,0.0,ATTACH_ENERGY,0.3,0.6999999999999997,2,opponent,411
3.0,0.875,1.0,3.0,2.0,6.0,6.0,0.0,3.0,1.0,0.0,0.0,0.0,0.0,0.0,0.0,0.0,ATTACK,1.0,0.19999999999999973,3,opponent,411
4.0,0.875,0.7142857142857143,3.0,2.0,6.0,6.0,0.0,3.0,1.0,0.0,0.0,0.0,0.0,0.0,0.0,0.0,ATTACK,1.0,0.20000000000000018,4,opponent,411
5.0,0.75,0.42857142857142855,3.0,2.0,6.0,6.0,0.0,3.0,1.0,0.0,0.0,0.0,0.0,0.0,0.0,0.0,ATTACK,1.0,0.20000000000000018,5,opponent,411
6.0,0.625,0.14285714285714285,3.0,2.0,6.0,6.0,0.0,3.0,0.0,0.0,0.0,0.0,0.0,0.0,0.0,1.0,PASS_TURN,0.0,0.0,6,opponent,411
7.0,0.375,0.14285714285714285,3.0,2.0,6.0,6.0,0.0,3.0,1.0,0.0,0.0,0.0,0.0,0.0,0.0,0.0,ATTACK,6.0,-2.4,7,opponent,411
8.0,0.125,1.0,3.0,1.0,5.0,6.0,0.0,3.0,0.0,1.0,0.0,0.0,0.0,0.0,0.0,0.0,RETREAT,-0.1,0.0,8,opponent,411
9.0,0.8333333333333334,1.0,3.0,1.0,5.0,6.0,0.0,3.0,0.0,0.0,0.0,1.0,0.0,0.0,0.0,0.0,PLAY_SUPPORTER,0.4,0.0,9,opponent,411
10.0,0.6666666666666666,1.0,3.0,1.0,5.0,6.0,0.0,2.0,0.0,0.0,0.0,1.0,0.0,0.0,0.0,0.0,PLAY_SUPPORTER,0.4,0.0,10,opponent,411
11.0,0.5833333333333334,1.0,3.0,1.0,5.0,6.0,0.0,1.0,0.0,0.0,0.0,1.0,0.0,0.0,0.0,0.0,PLAY_SUPPORTER,0.4,0.0,11,opponent,411
12.0,0.25,1.0,3.0,1.0,5.0,6.0,0.0,0.0,0.0,1.0,0.0,0.0,0.0,0.0,0.0,0.0,RETREAT,-0.1,0.0,12,opponent,411
13.0,0.25,1.0,2.0,1.0,5.0,5.0,0.0,0.0,0.0,1.0,0.0,0.0,0.0,0.0,0.0,0.0,RETREAT,-0.1,0.0,13,opponent,411
14.0,1.0,1.0,2.0,1.0,5.0,5.0,0.0,0.0,0.0,0.0,0.0,0.0,0.0,0.0,0.0,1.0,PASS_TURN,0.0,0.0,14,opponent,411
15.0,0.8333333333333334,1.0,2.0,1.0,5.0,5.0,0.0,0.0,0.0,0.0,0.0,0.0,0.0,0.0,0.0,1.0,PASS_TURN,0.0,0.0,15,opponent,411
16.0,0.75,1.0,2.0,1.0,5.0,5.0,0.0,0.0,0.0,0.0,0.0,0.0,0.0,0.0,0.0,1.0,PASS_TURN,0.0,0.0,16,opponent,411
17.0,0.75,1.0,2.0,1.0,5.0,5.0,0.0,0.0,0.0,0.0,0.0,0.0,0.0,0.0,0.0,1.0,PASS_TURN,0.0,0.0,17,opponent,411
18.0,0.4166666666666667,1.0,2.0,1.0,5.0,5.0,0.0,0.0,0.0,0.0,0.0,0.0,0.0,0.0,0.0,1.0,PASS_TURN,0.0,0.0,18,opponent,411
19.0,0.08333333333333333,1.0,2.0,1.0,5.0,5.0,0.0,0.0,0.0,1.0,0.0,0.0,0.0,0.0,0.0,0.0,RETREAT,-0.1,0.0,19,opponent,411
20.0,0.16666666666666666,1.0,2.0,1.0,5.0,5.0,0.0,0.0,0.0,1.0,0.0,0.0,0.0,0.0,0.0,0.0,RETREAT,-0.1,0.0,20,opponent,411
21.0,0.16666666666666666,1.0,1.0,1.0,5.0,4.0,0.0,0.0,0.0,1.0,0.0,0.0,0.0,0.0,0.0,0.0,RETREAT,-0.1,0.0,21,opponent,411
22.0,0.5714285714285714,1.0,1.0,1.0,5.0,4.0,0.0,0.0,0.0,0.0,0.0,0.0,0.0,0.0,0.0,1.0,PASS_TURN,0.0,0.0,22,opponent,411
23.0,0.14285714285714285,1.0,1.0,1.0,5.0,4.0,0.0,0.0,0.0,1.0,0.0,0.0,0.0,0.0,0.0,0.0,RETREAT,-0.1,0.0,23,opponent,411
24.0,0.08333333333333333,1.0,1.0,1.0,5.0,4.0,0.0,0.0,0.0,1.0,0.0,0.0,0.0,0.0,0.0,0.0,RETREAT,-0.1,0.0,24,opponent,411
25.0,0.14285714285714285,1.0,1.0,1.0,5.0,4.0,0.0,0.0,0.0,1.0,0.0,0.0,0.0,0.0,0.0,0.0,RETREAT,-0.1,0.0,25,opponent,411
26.0,0.08333333333333333,1.0,1.0,1.0,5.0,4.0,0.0,0.0,0.0,1.0,0.0,0.0,0.0,0.0,0.0,0.0,RETREAT,-0.1,0.0,26,opponent,411
27.0,0.08333333333333333,1.0,0.0,1.0,5.0,3.0,0.0,0.0,0.0,0.0,0.0,0.0,0.0,0.0,0.0,1.0,PASS_TURN,0.0,0.0,27,opponent,411
1.0,1.0,1.0,0.0,3.0,6.0,6.0,3.0,2.0,0.0,0.0,1.0,0.0,0.0,0.0,0.0,0.0,ATTACH_ENERGY,0.3,0.6999999999999997,1,opponent,412
2.0,0.6,1.0,0.0,3.0,6.0,6.0,2.0,2.0,0.0,0.0,1.0,0.0,0.0,0.0,0.0,0.0,ATTACH_ENERGY,0.3,0.6999999999999993,2,opponent,412
3.0,0.6,1.0,0.0,3.0,6.0,6.0,1.0,2.0,0.0,0.0,1.0,0.0,0.0,0.0,0.0,0.0,ATTACH_ENERGY,0.3,0.7000000000000006,3,opponent,412
4.0,0.4,1.0,0.0,3.0,6.0,6.0,0.0,2.0,1.0,0.0,0.0,0.0,0.0,0.0,0.0,0.0,ATTACK,11.0,-1.8000000000000007,4,opponent,412
1.0,1.0,1.0,3.0,3.0,6.0,6.0,0.0,3.0,0.0,0.0,0.0,1.0,0.0,0.0,0.0,0.0,PLAY_SUPPORTER,0.4,0.0,1,opponent,413
2.0,0.5,1.0,3.0,3.0,6.0,6.0,0.0,2.0,0.0,0.0,0.0,1.0,0.0,0.0,0.0,0.0,PLAY_SUPPORTER,0.4,0.0,2,opponent,413
3.0,0.125,1.0,3.0,3.0,6.0,6.0,0.0,1.0,0.0,1.0,0.0,0.0,0.0,0.0,0.0,0.0,RETREAT,-0.1,0.0,3,opponent,413
4.0,0.9,1.0,3.0,3.0,6.0,6.0,0.0,1.0,0.0,0.0,0.0,1.0,0.0,0.0,0.0,0.0,PLAY_SUPPORTER,0.4,0.0,4,opponent,413
5.0,0.8,1.0,3.0,3.0,6.0,6.0,0.0,0.0,0.0,0.0,0.0,0.0,0.0,0.0,0.0,1.0,PASS_TURN,0.0,0.0,5,opponent,413
6.0,0.5,1.0,3.0,3.0,6.0,6.0,0.0,0.0,0.0,0.0,0.0,0.0,0.0,0.0,0.0,1.0,PASS_TURN,0.0,0.0,6,opponent,413
7.0,0.2,1.0,3.0,3.0,6.0,6.0,0.0,0.0,0.0,1.0,0.0,0.0,0.0,0.0,0.0,0.0,RETREAT,-0.1,0.0,7,opponent,413
8.0,0.7857142857142857,1.0,3.0,3.0,6.0,6.0,0.0,0.0,0.0,0.0,0.0,0.0,0.0,0.0,0.0,1.0,PASS_TURN,0.0,0.0,8,opponent,413
9.0,0.7142857142857143,1.0,3.0,3.0,6.0,6.0,0.0,0.0,0.0,0.0,0.0,0.0,0.0,0.0,0.0,1.0,PASS_TURN,0.0,0.0,9,opponent,413
10.0,0.42857142857142855,1.0,3.0,3.0,6.0,6.0,0.0,0.0,0.0,0.0,0.0,0.0,0.0,0.0,0.0,1.0,PASS_TURN,0.0,0.0,10,opponent,413
11.0,0.21428571428571427,1.0,3.0,3.0,6.0,6.0,0.0,0.0,0.0,1.0,0.0,0.0,0.0,0.0,0.0,0.0,RETREAT,-0.1,0.0,11,opponent,413
12.0,0.21428571428571427,1.0,2.0,3.0,6.0,5.0,0.0,0.0,0.0,1.0,0.0,0.0,0.0,0.0,0.0,0.0,RETREAT,-0.1,0.0,12,opponent,413
13.0,0.1,1.0,2.0,3.0,6.0,5.0,0.0,0.0,0.0,1.0,0.0,0.0,0.0,0.0,0.0,0.0,RETREAT,-0.1,0.0,13,opponent,413
14.0,0.07142857142857142,1.0,2.0,3.0,6.0,5.0,0.0,0.0,0.0,0.0,0.0,0.0,0.0,0.0,0.0,1.0,PASS_TURN,0.0,0.0,14,opponent,413
15.0,0.1,1.0,1.0,3.0,6.0,4.0,0.0,0.0,0.0,1.0,0.0,0.0,0.0,0.0,0.0,0.0,RETREAT,-0.1,0.0,15,opponent,413
16.0,0.8888888888888888,1.0,1.0,3.0,6.0,4.0,0.0,0.0,0.0,0.0,0.0,0.0,0.0,0.0,0.0,1.0,PASS_TURN,0.0,0.0,16,opponent,413
17.0,0.7777777777777778,1.0,1.0,3.0,6.0,4.0,0.0,0.0,0.0,0.0,0.0,0.0,0.0,0.0,0.0,1.0,PASS_TURN,0.0,0.0,17,opponent,413
18.0,0.5555555555555556,1.0,1.0,3.0,6.0,4.0,0.0,0.0,0.0,1.0,0.0,0.0,0.0,0.0,0.0,0.0,RETREAT,-0.1,0.0,18,opponent,413
19.0,0.5555555555555556,1.0,0.0,3.0,6.0,3.0,0.0,0.0,0.0,0.0,0.0,0.0,0.0,0.0,0.0,1.0,PASS_TURN,0.0,0.0,19,opponent,413
20.0,0.1111111111111111,1.0,0.0,3.0,6.0,3.0,0.0,0.0,0.0,0.0,0.0,0.0,0.0,0.0,0.0,1.0,PASS_TURN,0.0,0.0,20,opponent,413
1.0,1.0,1.0,0.0,0.0,6.0,6.0,1.0,4.0,0.0,0.0,1.0,0.0,0.0,0.0,0.0,0.0,ATTACH_ENERGY,0.3,0.7,1,opponent,414
2.0,0.8333333333333334,1.0,0.0,0.0,6.0,6.0,0.0,4.0,1.0,0.0,0.0,0.0,0.0,0.0,0.0,0.0,ATTACK,0.5,0.09999999999999998,2,opponent,414
3.0,0.6666666666666666,0.8888888888888888,0.0,0.0,6.0,6.0,0.0,4.0,1.0,0.0,0.0,0.0,0.0,0.0,0.0,0.0,ATTACK,0.5,0.10000000000000009,3,opponent,414
4.0,0.4166666666666667,0.7777777777777778,0.0,0.0,6.0,6.0,0.0,4.0,1.0,0.0,0.0,0.0,0.0,0.0,0.0,0.0,ATTACK,0.5,0.09999999999999998,4,opponent,414
5.0,0.25,0.6666666666666666,0.0,0.0,6.0,6.0,0.0,4.0,0.0,0.0,0.0,1.0,0.0,0.0,0.0,0.0,PLAY_SUPPORTER,0.4,0.0,5,opponent,414
6.0,0.08333333333333333,0.6666666666666666,0.0,0.0,6.0,6.0,0.0,3.0,0.0,0.0,0.0,1.0,0.0,0.0,0.0,0.0,PLAY_SUPPORTER,0.4,0.0,6,opponent,414
1.0,1.0,1.0,2.0,1.0,6.0,6.0,1.0,6.0,0.0,0.0,1.0,0.0,0.0,0.0,0.0,0.0,ATTACH_ENERGY,0.3,0.6999999999999997,1,opponent,415
2.0,1.0,1.0,2.0,1.0,6.0,6.0,0.0,6.0,0.0,1.0,0.0,0.0,0.0,0.0,0.0,0.0,RETREAT,-0.1,0.0,2,opponent,415
3.0,0.6,1.0,2.0,1.0,6.0,6.0,0.0,6.0,0.0,1.0,0.0,0.0,0.0,0.0,0.0,0.0,RETREAT,-0.1,0.0,3,opponent,415
4.0,0.42857142857142855,1.0,2.0,1.0,6.0,6.0,0.0,6.0,0.0,1.0,0.0,0.0,0.0,0.0,0.0,0.0,RETREAT,-0.1,0.0,4,opponent,415
5.0,0.4,1.0,2.0,1.0,6.0,6.0,0.0,6.0,0.0,0.0,0.0,1.0,0.0,0.0,0.0,0.0,PLAY_SUPPORTER,0.4,0.0,5,opponent,415
6.0,0.1,1.0,2.0,1.0,6.0,6.0,0.0,5.0,0.0,1.0,0.0,0.0,0.0,0.0,0.0,0.0,RETREAT,-0.1,0.0,6,opponent,415
7.0,0.14285714285714285,1.0,2.0,1.0,6.0,6.0,0.0,5.0,1.0,0.0,0.0,0.0,0.0,0.0,0.0,0.0,ATTACK,1.5,0.30000000000000004,7,opponent,415
8.0,0.1,0.5,1.0,1.0,6.0,5.0,0.0,5.0,0.0,1.0,0.0,0.0,0.0,0.0,0.0,0.0,RETREAT,-0.1,0.0,8,opponent,415
9.0,0.7142857142857143,0.5,1.0,1.0,6.0,5.0,0.0,5.0,0.0,0.0,0.0,1.0,0.0,0.0,0.0,0.0,PLAY_SUPPORTER,0.4,0.0,9,opponent,415
10.0,0.6428571428571429,0.5,1.0,1.0,6.0,5.0,0.0,4.0,0.0,0.0,0.0,1.0,0.0,0.0,0.0,0.0,PLAY_SUPPORTER,0.4,0.0,10,opponent,415
11.0,0.5,0.5,1.0,1.0,6.0,5.0,0.0,3.0,0.0,0.0,0.0,1.0,0.0,0.0,0.0,0.0,PLAY_SUPPORTER,0.4,0.0,11,opponent,415
12.0,0.5,0.5,1.0,1.0,6.0,5.0,0.0,2.0,0.0,0.0,0.0,1.0,0.0,0.0,0.0,0.0,PLAY_SUPPORTER,0.4,0.0,12,opponent,415
13.0,0.2857142857142857,0.5,1.0,1.0,6.0,5.0,0.0,1.0,0.0,1.0,0.0,0.0,0.0,0.0,0.0,0.0,RETREAT,-0.1,0.0,13,opponent,415
14.0,0.1,0.5,1.0,1.0,6.0,5.0,0.0,1.0,0.0,1.0,0.0,0.0,0.0,0.0,0.0,0.0,RETREAT,-0.1,0.0,14,opponent,415
15.0,0.21428571428571427,0.5,1.0,1.0,6.0,5.0,0.0,1.0,0.0,1.0,0.0,0.0,0.0,0.0,0.0,0.0,RETREAT,-0.1,0.0,15,opponent,415
16.0,0.21428571428571427,0.5,0.0,1.0,6.0,4.0,0.0,1.0,0.0,0.0,0.0,0.0,1.0,0.0,0.0,0.0,PLAY_BASIC_TO_BENCH,0.2,1.5,16,opponent,415
17.0,0.21428571428571427,0.5,1.0,1.0,6.0,4.0,0.0,0.0,0.0,1.0,0.0,0.0,0.0,0.0,0.0,0.0,RETREAT,-0.1,0.0,17,opponent,415
18.0,0.8,0.5,1.0,1.0,6.0,4.0,0.0,0.0,0.0,0.0,0.0,0.0,0.0,0.0,0.0,1.0,PASS_TURN,0.0,0.0,18,opponent,415
19.0,0.6,0.5,1.0,1.0,6.0,4.0,0.0,0.0,0.0,0.0,0.0,0.0,0.0,0.0,0.0,1.0,PASS_TURN,0.0,0.0,19,opponent,415
20.0,0.4,0.5,1.0,1.0,6.0,4.0,0.0,0.0,0.0,0.0,0.0,0.0,0.0,0.0,0.0,1.0,PASS_TURN,0.0,0.0,20,opponent,415
21.0,0.1,0.5,1.0,1.0,6.0,4.0,0.0,0.0,0.0,1.0,0.0,0.0,0.0,0.0,0.0,0.0,RETREAT,-0.1,0.0,21,opponent,415
22.0,0.07142857142857142,0.5,1.0,1.0,6.0,4.0,0.0,0.0,0.0,1.0,0.0,0.0,0.0,0.0,0.0,0.0,RETREAT,-0.1,0.0,22,opponent,415
23.0,0.1,0.5,1.0,1.0,6.0,4.0,0.0,0.0,0.0,1.0,0.0,0.0,0.0,0.0,0.0,0.0,RETREAT,-0.1,0.0,23,opponent,415
24.0,0.1,0.5,0.0,1.0,6.0,3.0,0.0,0.0,0.0,0.0,0.0,0.0,0.0,0.0,0.0,1.0,PASS_TURN,0.0,0.0,24,opponent,415
25.0,0.1,0.5,0.0,1.0,6.0,3.0,0.0,0.0,0.0,0.0,0.0,0.0,0.0,0.0,0.0,1.0,PASS_TURN,0.0,0.0,25,opponent,415
1.0,1.0,1.0,2.0,3.0,6.0,6.0,3.0,5.0,0.0,0.0,1.0,0.0,0.0,0.0,0.0,0.0,ATTACH_ENERGY,0.3,0.7000000000000002,1,opponent,416
2.0,0.7857142857142857,1.0,2.0,3.0,6.0,6.0,2.0,5.0,0.0,0.0,0.0,0.0,1.0,0.0,0.0,0.0,PLAY_BASIC_TO_BENCH,0.2,1.5,2,opponent,416
3.0,0.5714285714285714,1.0,3.0,3.0,6.0,6.0,2.0,4.0,0.0,0.0,1.0,0.0,0.0,0.0,0.0,0.0,ATTACH_ENERGY,0.3,0.6999999999999997,3,opponent,416
4.0,0.5,1.0,3.0,3.0,6.0,6.0,1.0,4.0,1.0,0.0,0.0,0.0,0.0,0.0,0.0,0.0,ATTACK,0.5,0.09999999999999964,4,opponent,416
5.0,0.42857142857142855,0.8571428571428571,3.0,3.0,6.0,6.0,1.0,4.0,1.0,0.0,0.0,0.0,0.0,0.0,0.0,0.0,ATTACK,0.5,0.10000000000000003,5,opponent,416
6.0,0.2857142857142857,0.7142857142857143,3.0,3.0,6.0,6.0,1.0,4.0,0.0,1.0,0.0,0.0,0.0,0.0,0.0,0.0,RETREAT,-0.1,0.0,6,opponent,416
7.0,0.875,0.7142857142857143,3.0,3.0,6.0,6.0,1.0,4.0,0.0,0.0,0.0,1.0,0.0,0.0,0.0,0.0,PLAY_SUPPORTER,0.4,0.0,7,opponent,416
8.0,0.75,0.7142857142857143,3.0,3.0,6.0,6.0,1.0,3.0,0.0,0.0,0.0,1.0,0.0,0.0,0.0,0.0,PLAY_SUPPORTER,0.4,0.0,8,opponent,416
9.0,0.375,0.7142857142857143,3.0,3.0,6.0,6.0,1.0,2.0,0.0,0.0,0.0,1.0,0.0,0.0,0.0,0.0,PLAY_SUPPORTER,0.4,0.0,9,opponent,416
10.0,0.25,0.7142857142857143,3.0,3.0,6.0,6.0,1.0,1.0,0.0,1.0,0.0,0.0,0.0,0.0,0.0,0.0,RETREAT,-0.1,0.0,10,opponent,416
11.0,0.25,0.7142857142857143,2.0,3.0,6.0,5.0,1.0,1.0,0.0,1.0,0.0,0.0,0.0,0.0,0.0,0.0,RETREAT,-0.1,0.0,11,opponent,416
12.0,0.5714285714285714,0.7142857142857143,2.0,3.0,6.0,5.0,1.0,1.0,0.0,0.0,0.0,1.0,0.0,0.0,0.0,0.0,PLAY_SUPPORTER,0.4,0.0,12,opponent,416
13.0,0.25,0.7142857142857143,1.0,3.0,6.0,4.0,1.0,0.0,0.0,1.0,0.0,0.0,0.0,0.0,0.0,0.0,RETREAT,-0.1,0.0,13,opponent,416
14.0,1.0,0.7142857142857143,1.0,3.0,6.0,4.0,1.0,0.0,0.0,0.0,1.0,0.0,0.0,0.0,0.0,0.0,ATTACH_ENERGY,0.3,0.2999999999999998,14,opponent,416
15.0,0.8333333333333334,0.7142857142857143,1.0,3.0,6.0,4.0,0.0,0.0,1.0,0.0,0.0,0.0,0.0,0.0,0.0,0.0,ATTACK,1.5,0.2999999999999998,15,opponent,416
16.0,0.8333333333333334,0.2857142857142857,1.0,3.0,6.0,4.0,0.0,0.0,1.0,0.0,0.0,0.0,0.0,0.0,0.0,0.0,ATTACK,6.5,-2.3,16,opponent,416
17.0,0.5,1.0,1.0,2.0,5.0,4.0,0.0,0.0,1.0,0.0,0.0,0.0,0.0,0.0,0.0,0.0,ATTACK,1.5,0.30000000000000004,17,opponent,416
18.0,0.3333333333333333,0.625,1.0,2.0,5.0,4.0,0.0,0.0,1.0,0.0,0.0,0.0,0.0,0.0,0.0,0.0,ATTACK,1.5,0.30000000000000004,18,opponent,416
19.0,0.25,0.25,0.0,2.0,5.0,3.0,0.0,0.0,0.0,0.0,0.0,0.0,0.0,0.0,0.0,1.0,PASS_TURN,0.0,0.0,19,opponent,416
1.0,1.0,1.0,3.0,0.0,6.0,6.0,2.0,5.0,0.0,0.0,1.0,0.0,0.0,0.0,0.0,0.0,ATTACH_ENERGY,0.3,0.7000000000000002,1,me,417
2.0,0.7,1.0,3.0,0.0,6.0,6.0,1.0,5.0,1.0,0.0,0.0,0.0,0.0,0.0,0.0,0.0,ATTACK,1.5,0.3000000000000007,2,me,417
3.0,0.7,0.5,3.0,0.0,6.0,6.0,1.0,5.0,1.0,0.0,0.0,0.0,0.0,0.0,0.0,0.0,ATTACK,6.5,-2.700000000000001,3,me,417
1.0,1.0,1.0,3.0,3.0,6.0,6.0,0.0,7.0,0.0,0.0,0.0,1.0,0.0,0.0,0.0,0.0,PLAY_SUPPORTER,0.4,0.0,1,opponent,418
2.0,0.8333333333333334,1.0,3.0,3.0,6.0,6.0,0.0,6.0,0.0,0.0,0.0,1.0,0.0,0.0,0.0,0.0,PLAY_SUPPORTER,0.4,0.0,2,opponent,418
3.0,0.5833333333333334,1.0,3.0,3.0,6.0,6.0,0.0,5.0,0.0,0.0,0.0,1.0,0.0,0.0,0.0,0.0,PLAY_SUPPORTER,0.4,0.0,3,opponent,418
4.0,0.25,1.0,3.0,3.0,6.0,6.0,0.0,4.0,0.0,1.0,0.0,0.0,0.0,0.0,0.0,0.0,RETREAT,-0.1,0.0,4,opponent,418
5.0,0.75,1.0,3.0,3.0,6.0,6.0,0.0,4.0,0.0,0.0,0.0,1.0,0.0,0.0,0.0,0.0,PLAY_SUPPORTER,0.4,0.0,5,opponent,418
6.0,0.75,1.0,3.0,3.0,6.0,6.0,0.0,3.0,0.0,0.0,0.0,1.0,0.0,0.0,0.0,0.0,PLAY_SUPPORTER,0.4,0.0,6,opponent,418
7.0,0.5833333333333334,1.0,3.0,3.0,6.0,6.0,0.0,2.0,0.0,0.0,0.0,1.0,0.0,0.0,0.0,0.0,PLAY_SUPPORTER,0.4,0.0,7,opponent,418
8.0,0.5833333333333334,1.0,3.0,3.0,6.0,6.0,0.0,1.0,0.0,0.0,0.0,1.0,0.0,0.0,0.0,0.0,PLAY_SUPPORTER,0.4,0.0,8,opponent,418
9.0,0.5,1.0,3.0,3.0,6.0,6.0,0.0,0.0,0.0,0.0,0.0,0.0,0.0,0.0,0.0,1.0,PASS_TURN,0.0,0.0,9,opponent,418
10.0,0.5,1.0,3.0,3.0,6.0,6.0,0.0,0.0,0.0,0.0,0.0,0.0,0.0,0.0,0.0,1.0,PASS_TURN,0.0,0.0,10,opponent,418
11.0,0.4166666666666667,1.0,3.0,3.0,6.0,6.0,0.0,0.0,0.0,0.0,0.0,0.0,0.0,0.0,0.0,1.0,PASS_TURN,0.0,0.0,11,opponent,418
12.0,0.08333333333333333,1.0,3.0,3.0,6.0,6.0,0.0,0.0,0.0,1.0,0.0,0.0,0.0,0.0,0.0,0.0,RETREAT,-0.1,0.0,12,opponent,418
13.0,0.25,1.0,3.0,3.0,6.0,6.0,0.0,0.0,0.0,1.0,0.0,0.0,0.0,0.0,0.0,0.0,RETREAT,-0.1,0.0,13,opponent,418
14.0,0.25,1.0,2.0,3.0,6.0,5.0,0.0,0.0,0.0,1.0,0.0,0.0,0.0,0.0,0.0,0.0,RETREAT,-0.1,0.0,14,opponent,418
15.0,1.0,1.0,2.0,3.0,6.0,5.0,0.0,0.0,0.0,0.0,0.0,0.0,0.0,0.0,0.0,1.0,PASS_TURN,0.0,0.0,15,opponent,418
16.0,0.8888888888888888,1.0,2.0,3.0,6.0,5.0,0.0,0.0,0.0,0.0,0.0,0.0,0.0,0.0,0.0,1.0,PASS_TURN,0.0,0.0,16,opponent,418
17.0,0.6666666666666666,1.0,2.0,3.0,6.0,5.0,0.0,0.0,0.0,0.0,0.0,0.0,0.0,0.0,0.0,1.0,PASS_TURN,0.0,0.0,17,opponent,418
18.0,0.4444444444444444,1.0,2.0,3.0,6.0,5.0,0.0,0.0,0.0,0.0,0.0,0.0,0.0,0.0,0.0,1.0,PASS_TURN,0.0,0.0,18,opponent,418
19.0,0.2222222222222222,1.0,2.0,3.0,6.0,5.0,0.0,0.0,0.0,1.0,0.0,0.0,0.0,0.0,0.0,0.0,RETREAT,-0.1,0.0,19,opponent,418
20.0,0.16666666666666666,1.0,2.0,3.0,6.0,5.0,0.0,0.0,0.0,1.0,0.0,0.0,0.0,0.0,0.0,0.0,RETREAT,-0.1,0.0,20,opponent,418
21.0,0.16666666666666666,1.0,1.0,3.0,6.0,4.0,0.0,0.0,0.0,0.0,0.0,0.0,0.0,0.0,0.0,1.0,PASS_TURN,0.0,0.0,21,opponent,418
22.0,1.0,1.0,0.0,3.0,6.0,3.0,0.0,0.0,0.0,0.0,0.0,0.0,0.0,0.0,0.0,1.0,PASS_TURN,0.0,0.0,22,opponent,418
23.0,0.8333333333333334,1.0,0.0,3.0,6.0,3.0,0.0,0.0,0.0,0.0,0.0,0.0,0.0,0.0,0.0,1.0,PASS_TURN,0.0,0.0,23,opponent,418
24.0,0.6666666666666666,1.0,0.0,3.0,6.0,3.0,0.0,0.0,0.0,0.0,0.0,0.0,0.0,0.0,0.0,1.0,PASS_TURN,0.0,0.0,24,opponent,418
25.0,0.6666666666666666,1.0,0.0,3.0,6.0,3.0,0.0,0.0,0.0,0.0,0.0,0.0,0.0,0.0,0.0,1.0,PASS_TURN,0.0,0.0,25,opponent,418
26.0,0.6666666666666666,1.0,0.0,3.0,6.0,3.0,0.0,0.0,0.0,0.0,0.0,0.0,0.0,0.0,0.0,1.0,PASS_TURN,0.0,0.0,26,opponent,418
27.0,0.16666666666666666,1.0,0.0,3.0,6.0,3.0,0.0,0.0,0.0,0.0,0.0,0.0,0.0,0.0,0.0,1.0,PASS_TURN,0.0,0.0,27,opponent,418
1.0,1.0,1.0,3.0,0.0,6.0,6.0,1.0,5.0,0.0,0.0,1.0,0.0,0.0,0.0,0.0,0.0,ATTACH_ENERGY,0.3,0.7000000000000002,1,opponent,419
2.0,0.6666666666666666,1.0,3.0,0.0,6.0,6.0,0.0,5.0,1.0,0.0,0.0,0.0,0.0,0.0,0.0,0.0,ATTACK,0.5,0.09999999999999964,2,opponent,419
3.0,0.3333333333333333,0.8333333333333334,3.0,0.0,6.0,6.0,0.0,5.0,0.0,0.0,0.0,1.0,0.0,0.0,0.0,0.0,PLAY_SUPPORTER,0.4,0.0,3,opponent,419
4.0,0.1111111111111111,0.8333333333333334,3.0,0.0,6.0,6.0,0.0,4.0,0.0,1.0,0.0,0.0,0.0,0.0,0.0,0.0,RETREAT,-0.1,0.0,4,opponent,419
5.0,1.0,0.8333333333333334,3.0,0.0,6.0,6.0,0.0,4.0,0.0,0.0,0.0,1.0,0.0,0.0,0.0,0.0,PLAY_SUPPORTER,0.4,0.0,5,opponent,419
6.0,0.75,0.8333333333333334,3.0,0.0,6.0,6.0,0.0,3.0,0.0,0.0,0.0,1.0,0.0,0.0,0.0,0.0,PLAY_SUPPORTER,0.4,0.0,6,opponent,419
7.0,0.6666666666666666,0.8333333333333334,3.0,0.0,6.0,6.0,0.0,2.0,0.0,0.0,0.0,1.0,0.0,0.0,0.0,0.0,PLAY_SUPPORTER,0.4,0.0,7,opponent,419
8.0,0.3333333333333333,0.8333333333333334,3.0,0.0,6.0,6.0,0.0,1.0,0.0,0.0,0.0,1.0,0.0,0.0,0.0,0.0,PLAY_SUPPORTER,0.4,0.0,8,opponent,419
9.0,0.25,0.8333333333333334,3.0,0.0,6.0,6.0,0.0,0.0,0.0,1.0,0.0,0.0,0.0,0.0,0.0,0.0,RETREAT,-0.1,0.0,9,opponent,419
10.0,0.25,0.8333333333333334,2.0,0.0,6.0,5.0,0.0,0.0,0.0,1.0,0.0,0.0,0.0,0.0,0.0,0.0,RETREAT,-0.1,0.0,10,opponent,419
11.0,0.9,0.8333333333333334,2.0,0.0,6.0,5.0,0.0,0.0,0.0,0.0,0.0,0.0,0.0,0.0,0.0,1.0,PASS_TURN,0.0,0.0,11,opponent,419
12.0,0.8,0.8333333333333334,2.0,0.0,6.0,5.0,0.0,0.0,0.0,0.0,0.0,0.0,0.0,0.0,0.0,1.0,PASS_TURN,0.0,0.0,12,opponent,419
13.0,0.4,0.8333333333333334,2.0,0.0,6.0,5.0,0.0,0.0,0.0,0.0,0.0,0.0,0.0,0.0,0.0,1.0,PASS_TURN,0.0,0.0,13,opponent,419
14.0,0.25,0.8333333333333334,1.0,0.0,6.0,4.0,0.0,0.0,0.0,1.0,0.0,0.0,0.0,0.0,0.0,0.0,RETREAT,-0.1,0.0,14,opponent,419
15.0,1.0,0.8333333333333334,1.0,0.0,6.0,4.0,0.0,0.0,0.0,0.0,0.0,0.0,0.0,0.0,0.0,1.0,PASS_TURN,0.0,0.0,15,opponent,419
16.0,0.8888888888888888,0.8333333333333334,1.0,0.0,6.0,4.0,0.0,0.0,0.0,0.0,0.0,0.0,0.0,0.0,0.0,1.0,PASS_TURN,0.0,0.0,16,opponent,419
17.0,0.8888888888888888,0.8333333333333334,1.0,0.0,6.0,4.0,0.0,0.0,0.0,0.0,0.0,0.0,0.0,0.0,0.0,1.0,PASS_TURN,0.0,0.0,17,opponent,419
18.0,0.5555555555555556,0.8333333333333334,1.0,0.0,6.0,4.0,0.0,0.0,0.0,0.0,0.0,0.0,0.0,0.0,0.0,1.0,PASS_TURN,0.0,0.0,18,opponent,419
19.0,0.5555555555555556,0.8333333333333334,1.0,0.0,6.0,4.0,0.0,0.0,0.0,0.0,0.0,0.0,0.0,0.0,0.0,1.0,PASS_TURN,0.0,0.0,19,opponent,419
20.0,0.1111111111111111,0.8333333333333334,1.0,0.0,6.0,4.0,0.0,0.0,0.0,1.0,0.0,0.0,0.0,0.0,0.0,0.0,RETREAT,-0.1,0.0,20,opponent,419
21.0,0.1111111111111111,0.8333333333333334,0.0,0.0,6.0,3.0,0.0,0.0,0.0,0.0,0.0,0.0,0.0,0.0,0.0,1.0,PASS_TURN,0.0,0.0,21,opponent,419
1.0,1.0,1.0,3.0,1.0,6.0,6.0,3.0,3.0,0.0,0.0,1.0,0.0,0.0,0.0,0.0,0.0,ATTACH_ENERGY,0.3,0.6999999999999993,1,opponent,420
2.0,0.5555555555555556,1.0,3.0,1.0,6.0,6.0,2.0,3.0,0.0,0.0,1.0,0.0,0.0,0.0,0.0,0.0,ATTACH_ENERGY,0.3,0.7000000000000011,2,opponent,420
3.0,0.1111111111111111,1.0,3.0,1.0,6.0,6.0,1.0,3.0,0.0,1.0,0.0,0.0,0.0,0.0,0.0,0.0,RETREAT,-0.1,0.0,3,opponent,420
4.0,1.0,1.0,3.0,1.0,6.0,6.0,1.0,3.0,0.0,0.0,0.0,1.0,0.0,0.0,0.0,0.0,PLAY_SUPPORTER,0.4,0.0,4,opponent,420
5.0,1.0,1.0,3.0,1.0,6.0,6.0,1.0,2.0,0.0,1.0,0.0,0.0,0.0,0.0,0.0,0.0,RETREAT,-0.1,0.0,5,opponent,420
6.0,1.0,1.0,2.0,1.0,6.0,5.0,1.0,2.0,0.0,0.0,0.0,1.0,0.0,0.0,0.0,0.0,PLAY_SUPPORTER,0.4,0.0,6,opponent,420
7.0,0.9,1.0,2.0,1.0,6.0,5.0,1.0,1.0,0.0,0.0,0.0,1.0,0.0,0.0,0.0,0.0,PLAY_SUPPORTER,0.4,0.0,7,opponent,420
8.0,0.6,1.0,2.0,1.0,6.0,5.0,1.0,0.0,0.0,0.0,1.0,0.0,0.0,0.0,0.0,0.0,ATTACH_ENERGY,0.3,0.2999999999999998,8,opponent,420
9.0,0.2,1.0,2.0,1.0,6.0,5.0,0.0,0.0,1.0,0.0,0.0,0.0,0.0,0.0,0.0,0.0,ATTACK,1.5,0.2999999999999998,9,opponent,420
10.0,1.0,0.5,1.0,1.0,6.0,4.0,0.0,0.0,0.0,0.0,0.0,0.0,0.0,0.0,0.0,1.0,PASS_TURN,0.0,0.0,10,opponent,420
11.0,0.8,0.5,1.0,1.0,6.0,4.0,0.0,0.0,0.0,0.0,0.0,0.0,0.0,0.0,0.0,1.0,PASS_TURN,0.0,0.0,11,opponent,420
12.0,0.6,0.5,1.0,1.0,6.0,4.0,0.0,0.0,0.0,0.0,0.0,0.0,0.0,0.0,0.0,1.0,PASS_TURN,0.0,0.0,12,opponent,420
13.0,0.2,0.5,1.0,1.0,6.0,4.0,0.0,0.0,0.0,1.0,0.0,0.0,0.0,0.0,0.0,0.0,RETREAT,-0.1,0.0,13,opponent,420
14.0,1.0,0.5,1.0,1.0,6.0,4.0,0.0,0.0,0.0,0.0,0.0,0.0,0.0,0.0,0.0,1.0,PASS_TURN,0.0,0.0,14,opponent,420
15.0,0.7142857142857143,0.5,1.0,1.0,6.0,4.0,0.0,0.0,0.0,0.0,0.0,0.0,0.0,0.0,0.0,1.0,PASS_TURN,0.0,0.0,15,opponent,420
16.0,0.7142857142857143,0.5,1.0,1.0,6.0,4.0,0.0,0.0,0.0,0.0,0.0,0.0,0.0,0.0,0.0,1.0,PASS_TURN,0.0,0.0,16,opponent,420
17.0,0.7142857142857143,0.5,1.0,1.0,6.0,4.0,0.0,0.0,0.0,0.0,0.0,0.0,0.0,0.0,0.0,1.0,PASS_TURN,0.0,0.0,17,opponent,420
18.0,0.5714285714285714,0.5,1.0,1.0,6.0,4.0,0.0,0.0,0.0,1.0,0.0,0.0,0.0,0.0,0.0,0.0,RETREAT,-0.1,0.0,18,opponent,420
19.0,0.2,0.5,1.0,1.0,6.0,4.0,0.0,0.0,0.0,1.0,0.0,0.0,0.0,0.0,0.0,0.0,RETREAT,-0.1,0.0,19,opponent,420
20.0,0.42857142857142855,0.5,1.0,1.0,6.0,4.0,0.0,0.0,0.0,0.0,0.0,0.0,0.0,0.0,0.0,1.0,PASS_TURN,0.0,0.0,20,opponent,420
21.0,0.21428571428571427,0.5,1.0,1.0,6.0,4.0,0.0,0.0,0.0,1.0,0.0,0.0,0.0,0.0,0.0,0.0,RETREAT,-0.1,0.0,21,opponent,420
22.0,0.21428571428571427,0.5,0.0,1.0,6.0,3.0,0.0,0.0,0.0,0.0,0.0,0.0,0.0,0.0,0.0,1.0,PASS_TURN,0.0,0.0,22,opponent,420
1.0,1.0,1.0,1.0,2.0,6.0,6.0,2.0,3.0,0.0,0.0,1.0,0.0,0.0,0.0,0.0,0.0,ATTACH_ENERGY,0.3,0.7000000000000002,1,opponent,421
2.0,0.5714285714285714,1.0,1.0,2.0,6.0,6.0,1.0,3.0,0.0,0.0,1.0,0.0,0.0,0.0,0.0,0.0,ATTACH_ENERGY,0.3,0.7000000000000002,2,opponent,421
3.0,1.0,1.0,0.0,2.0,6.0,5.0,0.0,3.0,0.0,0.0,0.0,1.0,0.0,0.0,0.0,0.0,PLAY_SUPPORTER,0.4,0.0,3,opponent,421
4.0,0.6666666666666666,1.0,0.0,2.0,6.0,5.0,0.0,2.0,0.0,0.0,0.0,1.0,0.0,0.0,0.0,0.0,PLAY_SUPPORTER,0.4,0.0,4,opponent,421
1.0,1.0,1.0,0.0,1.0,6.0,6.0,1.0,7.0,0.0,0.0,1.0,0.0,0.0,0.0,0.0,0.0,ATTACH_ENERGY,0.3,0.6999999999999997,1,opponent,422
2.0,0.8333333333333334,1.0,0.0,1.0,6.0,6.0,0.0,7.0,1.0,0.0,0.0,0.0,0.0,0.0,0.0,0.0,ATTACK,0.5,0.10000000000000009,2,opponent,422
3.0,0.5,0.9166666666666666,0.0,1.0,6.0,6.0,0.0,7.0,1.0,0.0,0.0,0.0,0.0,0.0,0.0,0.0,ATTACK,0.5,0.10000000000000009,3,opponent,422
4.0,0.5,0.8333333333333334,0.0,1.0,6.0,6.0,0.0,7.0,1.0,0.0,0.0,0.0,0.0,0.0,0.0,0.0,ATTACK,0.5,0.10000000000000009,4,opponent,422
5.0,0.3333333333333333,0.75,0.0,1.0,6.0,6.0,0.0,7.0,0.0,0.0,0.0,1.0,0.0,0.0,0.0,0.0,PLAY_SUPPORTER,0.4,0.0,5,opponent,422
6.0,0.3333333333333333,0.75,0.0,1.0,6.0,6.0,0.0,6.0,0.0,0.0,0.0,1.0,0.0,0.0,0.0,0.0,PLAY_SUPPORTER,0.4,0.0,6,opponent,422
7.0,0.16666666666666666,0.75,0.0,1.0,6.0,6.0,0.0,5.0,0.0,0.0,0.0,1.0,0.0,0.0,0.0,0.0,PLAY_SUPPORTER,0.4,0.0,7,opponent,422
1.0,1.0,1.0,3.0,1.0,6.0,6.0,2.0,4.0,0.0,0.0,1.0,0.0,0.0,0.0,0.0,0.0,ATTACH_ENERGY,0.3,0.6999999999999993,1,opponent,423
2.0,0.3333333333333333,1.0,3.0,1.0,6.0,6.0,1.0,4.0,0.0,0.0,1.0,0.0,0.0,0.0,0.0,0.0,ATTACH_ENERGY,0.3,0.7000000000000002,2,opponent,423
3.0,1.0,1.0,2.0,1.0,6.0,5.0,0.0,4.0,0.0,0.0,0.0,1.0,0.0,0.0,0.0,0.0,PLAY_SUPPORTER,0.4,0.0,3,opponent,423
4.0,1.0,1.0,2.0,1.0,6.0,5.0,0.0,3.0,0.0,0.0,0.0,1.0,0.0,0.0,0.0,0.0,PLAY_SUPPORTER,0.4,0.0,4,opponent,423
5.0,0.7857142857142857,1.0,2.0,1.0,6.0,5.0,0.0,2.0,0.0,0.0,0.0,1.0,0.0,0.0,0.0,0.0,PLAY_SUPPORTER,0.4,0.0,5,opponent,423
6.0,0.5714285714285714,1.0,2.0,1.0,6.0,5.0,0.0,1.0,0.0,0.0,0.0,1.0,0.0,0.0,0.0,0.0,PLAY_SUPPORTER,0.4,0.0,6,opponent,423
7.0,0.5714285714285714,1.0,2.0,1.0,6.0,5.0,0.0,0.0,0.0,0.0,0.0,0.0,0.0,0.0,0.0,1.0,PASS_TURN,0.0,0.0,7,opponent,423
8.0,0.35714285714285715,1.0,2.0,1.0,6.0,5.0,0.0,0.0,0.0,0.0,0.0,0.0,0.0,0.0,0.0,1.0,PASS_TURN,0.0,0.0,8,opponent,423
9.0,0.21428571428571427,1.0,2.0,1.0,6.0,5.0,0.0,0.0,0.0,1.0,0.0,0.0,0.0,0.0,0.0,0.0,RETREAT,-0.1,0.0,9,opponent,423
10.0,0.6666666666666666,1.0,2.0,1.0,6.0,5.0,0.0,0.0,0.0,0.0,0.0,0.0,0.0,0.0,0.0,1.0,PASS_TURN,0.0,0.0,10,opponent,423
11.0,0.21428571428571427,1.0,1.0,1.0,6.0,4.0,0.0,0.0,0.0,1.0,0.0,0.0,0.0,0.0,0.0,0.0,RETREAT,-0.1,0.0,11,opponent,423
12.0,1.0,1.0,1.0,1.0,6.0,4.0,0.0,0.0,0.0,0.0,0.0,0.0,0.0,0.0,0.0,1.0,PASS_TURN,0.0,0.0,12,opponent,423
13.0,0.5714285714285714,1.0,1.0,1.0,6.0,4.0,0.0,0.0,0.0,0.0,0.0,0.0,0.0,0.0,0.0,1.0,PASS_TURN,0.0,0.0,13,opponent,423
14.0,0.14285714285714285,1.0,1.0,1.0,6.0,4.0,0.0,0.0,0.0,1.0,0.0,0.0,0.0,0.0,0.0,0.0,RETREAT,-0.1,0.0,14,opponent,423
15.0,0.07142857142857142,1.0,1.0,1.0,6.0,4.0,0.0,0.0,0.0,1.0,0.0,0.0,0.0,0.0,0.0,0.0,RETREAT,-0.1,0.0,15,opponent,423
16.0,0.07142857142857142,1.0,0.0,1.0,6.0,3.0,0.0,0.0,0.0,0.0,0.0,0.0,0.0,0.0,0.0,1.0,PASS_TURN,0.0,0.0,16,opponent,423
1.0,1.0,1.0,3.0,2.0,6.0,6.0,3.0,2.0,0.0,0.0,1.0,0.0,0.0,0.0,0.0,0.0,ATTACH_ENERGY,0.3,0.6999999999999997,1,me,424
2.0,0.7142857142857143,1.0,3.0,2.0,6.0,6.0,2.0,2.0,1.0,0.0,0.0,0.0,0.0,0.0,0.0,0.0,ATTACK,1.5,0.2999999999999998,2,me,424
3.0,0.5714285714285714,0.5714285714285714,3.0,2.0,6.0,6.0,2.0,2.0,1.0,0.0,0.0,0.0,0.0,0.0,0.0,0.0,ATTACK,1.5,0.30000000000000027,3,me,424
4.0,0.5714285714285714,0.14285714285714285,3.0,2.0,6.0,6.0,2.0,2.0,1.0,0.0,0.0,0.0,0.0,0.0,0.0,0.0,ATTACK,6.5,-2.4000000000000004,4,me,424
5.0,0.14285714285714285,1.0,3.0,1.0,5.0,6.0,2.0,2.0,1.0,0.0,0.0,0.0,0.0,0.0,0.0,0.0,ATTACK,1.5,0.30000000000000027,5,me,424
6.0,0.14285714285714285,0.6666666666666666,3.0,1.0,5.0,6.0,2.0,2.0,1.0,0.0,0.0,0.0,0.0,0.0,0.0,0.0,ATTACK,1.5,0.29999999999999977,6,me,424
7.0,1.0,0.3333333333333333,2.0,1.0,5.0,5.0,2.0,2.0,0.0,0.0,0.0,1.0,0.0,0.0,0.0,0.0,PLAY_SUPPORTER,0.4,0.0,7,me,424
8.0,1.0,0.3333333333333333,2.0,1.0,5.0,5.0,2.0,1.0,0.0,0.0,0.0,1.0,0.0,0.0,0.0,0.0,PLAY_SUPPORTER,0.4,0.0,8,me,424
9.0,0.5,0.3333333333333333,2.0,1.0,5.0,5.0,2.0,0.0,0.0,1.0,0.0,0.0,0.0,0.0,0.0,0.0,RETREAT,-0.1,0.0,9,me,424
10.0,0.8888888888888888,0.3333333333333333,2.0,1.0,5.0,5.0,2.0,0.0,0.0,0.0,1.0,0.0,0.0,0.0,0.0,0.0,ATTACH_ENERGY,0.3,0.30000000000000004,10,me,424
11.0,0.8888888888888888,0.3333333333333333,2.0,1.0,5.0,5.0,1.0,0.0,1.0,0.0,0.0,0.0,0.0,0.0,0.0,0.0,ATTACK,6.5,-2.2,11,me,424
12.0,0.7777777777777778,1.0,2.0,0.0,4.0,5.0,1.0,0.0,1.0,0.0,0.0,0.0,0.0,0.0,0.0,0.0,ATTACK,1.5,0.29999999999999977,12,me,424
13.0,0.3333333333333333,0.6666666666666666,2.0,0.0,4.0,5.0,1.0,0.0,1.0,0.0,0.0,0.0,0.0,0.0,0.0,0.0,ATTACK,1.5,0.3,13,me,424
14.0,0.5,0.3333333333333333,1.0,0.0,4.0,4.0,1.0,0.0,0.0,0.0,1.0,0.0,0.0,0.0,0.0,0.0,ATTACH_ENERGY,0.3,0.30000000000000004,14,me,424
15.0,0.5,0.3333333333333333,1.0,0.0,4.0,4.0,0.0,0.0,1.0,0.0,0.0,0.0,0.0,0.0,0.0,0.0,ATTACK,6.5,-2.7,15,me,424
1.0,1.0,1.0,3.0,1.0,6.0,6.0,3.0,4.0,0.0,1.0,0.0,0.0,0.0,0.0,0.0,0.0,RETREAT,-0.1,0.0,1,opponent,425
2.0,1.0,1.0,3.0,1.0,6.0,6.0,3.0,4.0,0.0,0.0,1.0,0.0,0.0,0.0,0.0,0.0,ATTACH_ENERGY,0.3,0.6999999999999997,2,opponent,425
3.0,0.625,1.0,3.0,1.0,6.0,6.0,2.0,4.0,0.0,0.0,1.0,0.0,0.0,0.0,0.0,0.0,ATTACH_ENERGY,0.3,0.7000000000000011,3,opponent,425
4.0,0.625,1.0,3.0,1.0,6.0,6.0,1.0,4.0,1.0,0.0,0.0,0.0,0.0,0.0,0.0,0.0,ATTACK,0.5,0.09999999999999964,4,opponent,425
5.0,0.5,0.9,3.0,1.0,6.0,6.0,1.0,4.0,1.0,0.0,0.0,0.0,0.0,0.0,0.0,0.0,ATTACK,0.5,0.10000000000000009,5,opponent,425
6.0,0.125,0.8,3.0,1.0,6.0,6.0,1.0,4.0,0.0,1.0,0.0,0.0,0.0,0.0,0.0,0.0,RETREAT,-0.1,0.0,6,opponent,425
7.0,0.5,0.8,3.0,1.0,6.0,6.0,1.0,4.0,0.0,0.0,0.0,1.0,0.0,0.0,0.0,0.0,PLAY_SUPPORTER,0.4,0.0,7,opponent,425
8.0,0.5,0.8,3.0,1.0,6.0,6.0,1.0,3.0,0.0,0.0,0.0,1.0,0.0,0.0,0.0,0.0,PLAY_SUPPORTER,0.4,0.0,8,opponent,425
9.0,0.3333333333333333,0.8,3.0,1.0,6.0,6.0,1.0,2.0,0.0,0.0,0.0,1.0,0.0,0.0,0.0,0.0,PLAY_SUPPORTER,0.4,0.0,9,opponent,425
10.0,0.125,0.8,2.0,1.0,6.0,5.0,1.0,1.0,0.0,1.0,0.0,0.0,0.0,0.0,0.0,0.0,RETREAT,-0.1,0.0,10,opponent,425
11.0,0.8333333333333334,0.8,2.0,1.0,6.0,5.0,1.0,1.0,0.0,0.0,0.0,0.0,1.0,0.0,0.0,0.0,PLAY_BASIC_TO_BENCH,0.2,1.9000000000000004,11,opponent,425
12.0,0.6666666666666666,0.8,3.0,1.0,6.0,5.0,1.0,0.0,0.0,0.0,1.0,0.0,0.0,0.0,0.0,0.0,ATTACH_ENERGY,0.3,0.3000000000000007,12,opponent,425
13.0,0.3333333333333333,0.8,3.0,1.0,6.0,5.0,0.0,0.0,1.0,0.0,0.0,0.0,0.0,0.0,0.0,0.0,ATTACK,1.5,0.3000000000000007,13,opponent,425
14.0,0.3333333333333333,0.5,3.0,1.0,6.0,5.0,0.0,0.0,1.0,0.0,0.0,0.0,0.0,0.0,0.0,0.0,ATTACK,1.5,0.29999999999999893,14,opponent,425
15.0,0.3333333333333333,0.2,3.0,1.0,6.0,5.0,0.0,0.0,1.0,0.0,0.0,0.0,0.0,0.0,0.0,0.0,ATTACK,6.5,-2.3,15,opponent,425
16.0,0.08333333333333333,1.0,3.0,0.0,5.0,5.0,0.0,0.0,1.0,0.0,0.0,0.0,0.0,0.0,0.0,0.0,ATTACK,1.5,0.2999999999999998,16,opponent,425
17.0,0.125,0.625,2.0,0.0,5.0,4.0,0.0,0.0,0.0,1.0,0.0,0.0,0.0,0.0,0.0,0.0,RETREAT,-0.1,0.0,17,opponent,425
18.0,0.625,0.625,2.0,0.0,5.0,4.0,0.0,0.0,0.0,0.0,0.0,0.0,0.0,0.0,0.0,1.0,PASS_TURN,0.0,0.0,18,opponent,425
19.0,0.625,0.625,2.0,0.0,5.0,4.0,0.0,0.0,0.0,0.0,0.0,0.0,0.0,0.0,0.0,1.0,PASS_TURN,0.0,0.0,19,opponent,425
20.0,0.25,0.625,2.0,0.0,5.0,4.0,0.0,0.0,0.0,1.0,0.0,0.0,0.0,0.0,0.0,0.0,RETREAT,-0.1,0.0,20,opponent,425
21.0,0.25,0.625,1.0,0.0,5.0,3.0,0.0,0.0,0.0,1.0,0.0,0.0,0.0,0.0,0.0,0.0,RETREAT,-0.1,0.0,21,opponent,425
22.0,1.0,0.625,1.0,0.0,5.0,3.0,0.0,0.0,0.0,0.0,0.0,0.0,0.0,0.0,0.0,1.0,PASS_TURN,0.0,0.0,22,opponent,425
23.0,0.7142857142857143,0.625,1.0,0.0,5.0,3.0,0.0,0.0,0.0,0.0,0.0,0.0,0.0,0.0,0.0,1.0,PASS_TURN,0.0,0.0,23,opponent,425
24.0,0.7142857142857143,0.625,1.0,0.0,5.0,3.0,0.0,0.0,0.0,0.0,0.0,0.0,0.0,0.0,0.0,1.0,PASS_TURN,0.0,0.0,24,opponent,425
25.0,0.7142857142857143,0.625,1.0,0.0,5.0,3.0,0.0,0.0,0.0,0.0,0.0,0.0,0.0,0.0,0.0,1.0,PASS_TURN,0.0,0.0,25,opponent,425
26.0,0.7142857142857143,0.625,1.0,0.0,5.0,3.0,0.0,0.0,0.0,0.0,0.0,0.0,0.0,0.0,0.0,1.0,PASS_TURN,0.0,0.0,26,opponent,425
27.0,0.5,0.625,1.0,0.0,5.0,3.0,0.0,0.0,0.0,0.0,0.0,0.0,0.0,0.0,0.0,1.0,PASS_TURN,0.0,0.0,27,opponent,425
28.0,0.2857142857142857,0.625,1.0,0.0,5.0,3.0,0.0,0.0,0.0,1.0,0.0,0.0,0.0,0.0,0.0,0.0,RETREAT,-0.1,0.0,28,opponent,425
29.0,0.2857142857142857,0.625,0.0,0.0,5.0,2.0,0.0,0.0,0.0,0.0,0.0,0.0,0.0,0.0,0.0,1.0,PASS_TURN,0.0,0.0,29,opponent,425
30.0,0.21428571428571427,0.625,0.0,0.0,5.0,2.0,0.0,0.0,0.0,0.0,0.0,0.0,0.0,0.0,0.0,1.0,PASS_TURN,0.0,0.0,30,opponent,425
1.0,1.0,1.0,1.0,1.0,6.0,6.0,1.0,5.0,0.0,1.0,0.0,0.0,0.0,0.0,0.0,0.0,RETREAT,-0.1,0.0,1,me,426
2.0,0.9166666666666666,1.0,1.0,1.0,6.0,6.0,1.0,5.0,0.0,0.0,1.0,0.0,0.0,0.0,0.0,0.0,ATTACH_ENERGY,0.3,0.7000000000000002,2,me,426
3.0,0.75,1.0,1.0,1.0,6.0,6.0,0.0,5.0,1.0,0.0,0.0,0.0,0.0,0.0,0.0,0.0,ATTACK,1.5,0.2999999999999998,3,me,426
4.0,0.75,0.5,1.0,1.0,6.0,6.0,0.0,5.0,1.0,0.0,0.0,0.0,0.0,0.0,0.0,0.0,ATTACK,6.5,-2.2,4,me,426
5.0,0.6666666666666666,1.0,1.0,0.0,5.0,6.0,0.0,5.0,1.0,0.0,0.0,0.0,0.0,0.0,0.0,0.0,ATTACK,1.5,0.29999999999999977,5,me,426
6.0,0.4166666666666667,0.5,1.0,0.0,5.0,6.0,0.0,5.0,1.0,0.0,0.0,0.0,0.0,0.0,0.0,0.0,ATTACK,6.5,-2.7,6,me,426
1.0,1.0,1.0,1.0,0.0,6.0,6.0,1.0,4.0,0.0,0.0,1.0,0.0,0.0,0.0,0.0,0.0,ATTACH_ENERGY,0.3,0.7000000000000002,1,opponent,427
2.0,0.7142857142857143,1.0,1.0,0.0,6.0,6.0,0.0,4.0,1.0,0.0,0.0,0.0,0.0,0.0,0.0,0.0,ATTACK,0.5,0.10000000000000053,2,opponent,427
3.0,0.42857142857142855,0.8571428571428571,1.0,0.0,6.0,6.0,0.0,4.0,0.0,0.0,0.0,0.0,1.0,0.0,0.0,0.0,PLAY_BASIC_TO_BENCH,0.2,1.6000000000000005,3,opponent,427
4.0,0.14285714285714285,0.8571428571428571,2.0,0.0,6.0,6.0,0.0,3.0,0.0,1.0,0.0,0.0,0.0,0.0,0.0,0.0,RETREAT,-0.1,0.0,4,opponent,427
5.0,1.0,0.8571428571428571,2.0,0.0,6.0,6.0,0.0,3.0,0.0,0.0,0.0,1.0,0.0,0.0,0.0,0.0,PLAY_SUPPORTER,0.4,0.0,5,opponent,427
6.0,1.0,0.8571428571428571,2.0,0.0,6.0,6.0,0.0,2.0,0.0,0.0,0.0,1.0,0.0,0.0,0.0,0.0,PLAY_SUPPORTER,0.4,0.0,6,opponent,427
7.0,0.9166666666666666,0.8571428571428571,2.0,0.0,6.0,6.0,0.0,1.0,0.0,0.0,0.0,1.0,0.0,0.0,0.0,0.0,PLAY_SUPPORTER,0.4,0.0,7,opponent,427
8.0,0.8333333333333334,0.8571428571428571,2.0,0.0,6.0,6.0,0.0,0.0,0.0,0.0,0.0,0.0,0.0,0.0,0.0,1.0,PASS_TURN,0.0,0.0,8,opponent,427
9.0,0.5,0.8571428571428571,2.0,0.0,6.0,6.0,0.0,0.0,0.0,0.0,0.0,0.0,0.0,0.0,0.0,1.0,PASS_TURN,0.0,0.0,9,opponent,427
10.0,0.25,0.8571428571428571,2.0,0.0,6.0,6.0,0.0,0.0,0.0,1.0,0.0,0.0,0.0,0.0,0.0,0.0,RETREAT,-0.1,0.0,10,opponent,427
11.0,0.25,0.8571428571428571,1.0,0.0,6.0,5.0,0.0,0.0,0.0,1.0,0.0,0.0,0.0,0.0,0.0,0.0,RETREAT,-0.1,0.0,11,opponent,427
12.0,0.5714285714285714,0.8571428571428571,1.0,0.0,6.0,5.0,0.0,0.0,0.0,0.0,0.0,0.0,0.0,0.0,0.0,1.0,PASS_TURN,0.0,0.0,12,opponent,427
13.0,0.42857142857142855,0.8571428571428571,1.0,0.0,6.0,5.0,0.0,0.0,0.0,0.0,0.0,0.0,0.0,0.0,0.0,1.0,PASS_TURN,0.0,0.0,13,opponent,427
14.0,0.14285714285714285,0.8571428571428571,1.0,0.0,6.0,5.0,0.0,0.0,0.0,1.0,0.0,0.0,0.0,0.0,0.0,0.0,RETREAT,-0.1,0.0,14,opponent,427
15.0,0.08333333333333333,0.8571428571428571,1.0,0.0,6.0,5.0,0.0,0.0,0.0,1.0,0.0,0.0,0.0,0.0,0.0,0.0,RETREAT,-0.1,0.0,15,opponent,427
16.0,0.08333333333333333,0.8571428571428571,0.0,0.0,6.0,4.0,0.0,0.0,0.0,0.0,0.0,0.0,0.0,0.0,0.0,1.0,PASS_TURN,0.0,0.0,16,opponent,427
1.0,1.0,1.0,1.0,0.0,6.0,6.0,1.0,6.0,0.0,0.0,1.0,0.0,0.0,0.0,0.0,0.0,ATTACH_ENERGY,0.3,0.6999999999999997,1,opponent,428
2.0,0.6,1.0,1.0,0.0,6.0,6.0,0.0,6.0,1.0,0.0,0.0,0.0,0.0,0.0,0.0,0.0,ATTACK,1.0,0.19999999999999973,2,opponent,428
3.0,0.4,0.8333333333333334,1.0,0.0,6.0,6.0,0.0,6.0,1.0,0.0,0.0,0.0,0.0,0.0,0.0,0.0,ATTACK,1.0,0.19999999999999973,3,opponent,428
4.0,0.1,0.6666666666666666,1.0,0.0,6.0,6.0,0.0,6.0,0.0,1.0,0.0,0.0,0.0,0.0,0.0,0.0,RETREAT,-0.1,0.0,4,opponent,428
5.0,0.7857142857142857,0.6666666666666666,1.0,0.0,6.0,6.0,0.0,6.0,0.0,0.0,0.0,1.0,0.0,0.0,0.0,0.0,PLAY_SUPPORTER,0.4,0.0,5,opponent,428
6.0,0.7142857142857143,0.6666666666666666,1.0,0.0,6.0,6.0,0.0,5.0,0.0,0.0,0.0,1.0,0.0,0.0,0.0,0.0,PLAY_SUPPORTER,0.4,0.0,6,opponent,428
7.0,0.5,0.6666666666666666,1.0,0.0,6.0,6.0,0.0,4.0,0.0,0.0,0.0,1.0,0.0,0.0,0.0,0.0,PLAY_SUPPORTER,0.4,0.0,7,opponent,428
8.0,0.5,0.6666666666666666,1.0,0.0,6.0,6.0,0.0,3.0,0.0,0.0,0.0,1.0,0.0,0.0,0.0,0.0,PLAY_SUPPORTER,0.4,0.0,8,opponent,428
9.0,0.35714285714285715,0.6666666666666666,1.0,0.0,6.0,6.0,0.0,2.0,0.0,0.0,0.0,1.0,0.0,0.0,0.0,0.0,PLAY_SUPPORTER,0.4,0.0,9,opponent,428
10.0,0.2857142857142857,0.6666666666666666,1.0,0.0,6.0,6.0,0.0,1.0,0.0,1.0,0.0,0.0,0.0,0.0,0.0,0.0,RETREAT,-0.1,0.0,10,opponent,428
11.0,0.2857142857142857,0.6666666666666666,0.0,0.0,6.0,5.0,0.0,1.0,0.0,0.0,0.0,1.0,0.0,0.0,0.0,0.0,PLAY_SUPPORTER,0.4,0.0,11,opponent,428
1.0,1.0,1.0,0.0,1.0,6.0,6.0,3.0,4.0,0.0,0.0,1.0,0.0,0.0,0.0,0.0,0.0,ATTACH_ENERGY,0.3,0.7000000000000002,1,opponent,429
2.0,0.8333333333333334,1.0,0.0,1.0,6.0,6.0,2.0,4.0,1.0,0.0,0.0,0.0,0.0,0.0,0.0,0.0,ATTACK,1.5,0.29999999999999993,2,opponent,429
3.0,0.5,0.75,0.0,1.0,6.0,6.0,2.0,4.0,1.0,0.0,0.0,0.0,0.0,0.0,0.0,0.0,ATTACK,1.5,0.2999999999999997,3,opponent,429
1.0,1.0,1.0,3.0,3.0,6.0,6.0,2.0,3.0,0.0,0.0,1.0,0.0,0.0,0.0,0.0,0.0,ATTACH_ENERGY,0.3,0.7,1,opponent,430
2.0,1.0,1.0,3.0,3.0,6.0,6.0,1.0,3.0,0.0,0.0,1.0,0.0,0.0,0.0,0.0,0.0,ATTACH_ENERGY,0.3,0.6999999999999997,2,opponent,430
3.0,0.75,1.0,3.0,3.0,6.0,6.0,0.0,3.0,1.0,0.0,0.0,0.0,0.0,0.0,0.0,0.0,ATTACK,1.5,0.2999999999999998,3,opponent,430
4.0,0.75,0.5714285714285714,3.0,3.0,6.0,6.0,0.0,3.0,1.0,0.0,0.0,0.0,0.0,0.0,0.0,0.0,ATTACK,1.5,0.30000000000000027,4,opponent,430
5.0,0.25,0.14285714285714285,3.0,3.0,6.0,6.0,0.0,3.0,0.0,1.0,0.0,0.0,0.0,0.0,0.0,0.0,RETREAT,-0.1,0.0,5,opponent,430
6.0,0.5,0.14285714285714285,3.0,3.0,6.0,6.0,0.0,3.0,0.0,0.0,0.0,1.0,0.0,0.0,0.0,0.0,PLAY_SUPPORTER,0.4,0.0,6,opponent,430
7.0,1.0,0.14285714285714285,2.0,3.0,6.0,5.0,0.0,2.0,0.0,0.0,0.0,1.0,0.0,0.0,0.0,0.0,PLAY_SUPPORTER,0.4,0.0,7,opponent,430
8.0,0.6666666666666666,0.14285714285714285,2.0,3.0,6.0,5.0,0.0,1.0,0.0,0.0,0.0,1.0,0.0,0.0,0.0,0.0,PLAY_SUPPORTER,0.4,0.0,8,opponent,430
9.0,0.5,0.14285714285714285,2.0,3.0,6.0,5.0,0.0,0.0,0.0,0.0,0.0,0.0,0.0,0.0,0.0,1.0,PASS_TURN,0.0,0.0,9,opponent,430
10.0,0.25,0.14285714285714285,2.0,3.0,6.0,5.0,0.0,0.0,0.0,1.0,0.0,0.0,0.0,0.0,0.0,0.0,RETREAT,-0.1,0.0,10,opponent,430
11.0,0.125,0.14285714285714285,2.0,3.0,6.0,5.0,0.0,0.0,1.0,0.0,0.0,0.0,0.0,0.0,0.0,0.0,ATTACK,6.5,-2.4000000000000004,11,opponent,430
12.0,1.0,1.0,1.0,2.0,5.0,4.0,0.0,0.0,0.0,0.0,0.0,0.0,0.0,0.0,0.0,1.0,PASS_TURN,0.0,0.0,12,opponent,430
13.0,0.8333333333333334,1.0,1.0,2.0,5.0,4.0,0.0,0.0,0.0,0.0,0.0,0.0,0.0,0.0,0.0,1.0,PASS_TURN,0.0,0.0,13,opponent,430
14.0,0.8333333333333334,1.0,1.0,2.0,5.0,4.0,0.0,0.0,0.0,0.0,0.0,0.0,0.0,0.0,0.0,1.0,PASS_TURN,0.0,0.0,14,opponent,430
15.0,0.5833333333333334,1.0,1.0,2.0,5.0,4.0,0.0,0.0,0.0,0.0,0.0,0.0,0.0,0.0,0.0,1.0,PASS_TURN,0.0,0.0,15,opponent,430
16.0,0.5,1.0,1.0,2.0,5.0,4.0,0.0,0.0,0.0,0.0,0.0,0.0,0.0,0.0,0.0,1.0,PASS_TURN,0.0,0.0,16,opponent,430
17.0,0.25,1.0,1.0,2.0,5.0,4.0,0.0,0.0,0.0,1.0,0.0,0.0,0.0,0.0,0.0,0.0,RETREAT,-0.1,0.0,17,opponent,430
18.0,0.08333333333333333,1.0,1.0,2.0,5.0,4.0,0.0,0.0,0.0,1.0,0.0,0.0,0.0,0.0,0.0,0.0,RETREAT,-0.1,0.0,18,opponent,430
19.0,0.25,1.0,1.0,2.0,5.0,4.0,0.0,0.0,0.0,1.0,0.0,0.0,0.0,0.0,0.0,0.0,RETREAT,-0.1,0.0,19,opponent,430
20.0,0.25,1.0,0.0,2.0,5.0,3.0,0.0,0.0,0.0,0.0,0.0,0.0,0.0,0.0,0.0,1.0,PASS_TURN,0.0,0.0,20,opponent,430
21.0,0.08333333333333333,1.0,0.0,2.0,5.0,3.0,0.0,0.0,0.0,0.0,0.0,0.0,0.0,0.0,0.0,1.0,PASS_TURN,0.0,0.0,21,opponent,430
1.0,1.0,1.0,2.0,3.0,6.0,6.0,0.0,6.0,0.0,0.0,0.0,1.0,0.0,0.0,0.0,0.0,PLAY_SUPPORTER,0.4,0.0,1,opponent,431
2.0,0.6666666666666666,1.0,2.0,3.0,6.0,6.0,0.0,5.0,0.0,0.0,0.0,1.0,0.0,0.0,0.0,0.0,PLAY_SUPPORTER,0.4,0.0,2,opponent,431
3.0,0.5,1.0,2.0,3.0,6.0,6.0,0.0,4.0,0.0,0.0,0.0,1.0,0.0,0.0,0.0,0.0,PLAY_SUPPORTER,0.4,0.0,3,opponent,431
4.0,0.25,1.0,2.0,3.0,6.0,6.0,0.0,3.0,0.0,1.0,0.0,0.0,0.0,0.0,0.0,0.0,RETREAT,-0.1,0.0,4,opponent,431
5.0,0.6666666666666666,1.0,2.0,3.0,6.0,6.0,0.0,3.0,0.0,0.0,0.0,1.0,0.0,0.0,0.0,0.0,PLAY_SUPPORTER,0.4,0.0,5,opponent,431
6.0,0.5,1.0,2.0,3.0,6.0,6.0,0.0,2.0,0.0,0.0,0.0,1.0,0.0,0.0,0.0,0.0,PLAY_SUPPORTER,0.4,0.0,6,opponent,431
7.0,0.4166666666666667,1.0,2.0,3.0,6.0,6.0,0.0,1.0,0.0,0.0,0.0,1.0,0.0,0.0,0.0,0.0,PLAY_SUPPORTER,0.4,0.0,7,opponent,431
8.0,0.4166666666666667,1.0,2.0,3.0,6.0,6.0,0.0,0.0,0.0,0.0,0.0,0.0,0.0,0.0,0.0,1.0,PASS_TURN,0.0,0.0,8,opponent,431
9.0,0.4166666666666667,1.0,2.0,3.0,6.0,6.0,0.0,0.0,0.0,0.0,0.0,0.0,0.0,0.0,0.0,1.0,PASS_TURN,0.0,0.0,9,opponent,431
10.0,0.25,1.0,2.0,3.0,6.0,6.0,0.0,0.0,0.0,1.0,0.0,0.0,0.0,0.0,0.0,0.0,RETREAT,-0.1,0.0,10,opponent,431
11.0,0.3333333333333333,1.0,2.0,3.0,6.0,6.0,0.0,0.0,0.0,1.0,0.0,0.0,0.0,0.0,0.0,0.0,RETREAT,-0.1,0.0,11,opponent,431
12.0,0.25,1.0,2.0,3.0,6.0,6.0,0.0,0.0,0.0,1.0,0.0,0.0,0.0,0.0,0.0,0.0,RETREAT,-0.1,0.0,12,opponent,431
13.0,0.25,1.0,1.0,3.0,6.0,5.0,0.0,0.0,0.0,1.0,0.0,0.0,0.0,0.0,0.0,0.0,RETREAT,-0.1,0.0,13,opponent,431
14.0,0.25,1.0,1.0,3.0,6.0,5.0,0.0,0.0,0.0,1.0,0.0,0.0,0.0,0.0,0.0,0.0,RETREAT,-0.1,0.0,14,opponent,431
15.0,0.16666666666666666,1.0,1.0,3.0,6.0,5.0,0.0,0.0,0.0,1.0,0.0,0.0,0.0,0.0,0.0,0.0,RETREAT,-0.1,0.0,15,opponent,431
16.0,0.25,1.0,1.0,3.0,6.0,5.0,0.0,0.0,0.0,1.0,0.0,0.0,0.0,0.0,0.0,0.0,RETREAT,-0.1,0.0,16,opponent,431
17.0,0.25,1.0,0.0,3.0,6.0,4.0,0.0,0.0,0.0,0.0,0.0,0.0,0.0,0.0,0.0,1.0,PASS_TURN,0.0,0.0,17,opponent,431
18.0,0.25,1.0,0.0,3.0,6.0,4.0,0.0,0.0,0.0,0.0,0.0,0.0,0.0,0.0,0.0,1.0,PASS_TURN,0.0,0.0,18,opponent,431
19.0,0.08333333333333333,1.0,0.0,3.0,6.0,4.0,0.0,0.0,0.0,0.0,0.0,0.0,0.0,0.0,0.0,1.0,PASS_TURN,0.0,0.0,19,opponent,431
20.0,0.08333333333333333,1.0,0.0,3.0,6.0,4.0,0.0,0.0,0.0,0.0,0.0,0.0,0.0,0.0,0.0,1.0,PASS_TURN,0.0,0.0,20,opponent,431
1.0,1.0,1.0,3.0,2.0,6.0,6.0,3.0,3.0,0.0,0.0,1.0,0.0,0.0,0.0,0.0,0.0,ATTACH_ENERGY,0.3,0.6999999999999993,1,opponent,432
2.0,0.75,1.0,3.0,2.0,6.0,6.0,2.0,3.0,1.0,0.0,0.0,0.0,0.0,0.0,0.0,0.0,ATTACK,1.0,0.19999999999999973,2,opponent,432
3.0,0.75,0.7777777777777778,3.0,2.0,6.0,6.0,2.0,3.0,1.0,0.0,0.0,0.0,0.0,0.0,0.0,0.0,ATTACK,1.0,0.20000000000000018,3,opponent,432
4.0,0.75,0.5555555555555556,3.0,2.0,6.0,6.0,2.0,3.0,1.0,0.0,0.0,0.0,0.0,0.0,0.0,0.0,ATTACK,1.0,0.20000000000000018,4,opponent,432
5.0,0.5,0.3333333333333333,3.0,2.0,6.0,6.0,2.0,3.0,1.0,0.0,0.0,0.0,0.0,0.0,0.0,0.0,ATTACK,1.0,0.20000000000000018,5,opponent,432
6.0,0.4166666666666667,0.1111111111111111,3.0,2.0,6.0,6.0,2.0,3.0,1.0,0.0,0.0,0.0,0.0,0.0,0.0,0.0,ATTACK,6.0,-2.4,6,opponent,432
7.0,0.3333333333333333,1.0,3.0,1.0,5.0,6.0,2.0,3.0,0.0,0.0,1.0,0.0,0.0,0.0,0.0,0.0,ATTACH_ENERGY,0.3,0.3,7,opponent,432
8.0,0.16666666666666666,1.0,3.0,1.0,5.0,6.0,1.0,3.0,0.0,1.0,0.0,0.0,0.0,0.0,0.0,0.0,RETREAT,-0.1,0.0,8,opponent,432
9.0,0.9166666666666666,1.0,3.0,1.0,5.0,6.0,1.0,3.0,0.0,0.0,0.0,1.0,0.0,0.0,0.0,0.0,PLAY_SUPPORTER,0.4,0.0,9,opponent,432
10.0,0.5833333333333334,1.0,3.0,1.0,5.0,6.0,1.0,2.0,0.0,0.0,0.0,1.0,0.0,0.0,0.0,0.0,PLAY_SUPPORTER,0.4,0.0,10,opponent,432
11.0,0.5833333333333334,1.0,3.0,1.0,5.0,6.0,1.0,1.0,0.0,0.0,0.0,1.0,0.0,0.0,0.0,0.0,PLAY_SUPPORTER,0.4,0.0,11,opponent,432
12.0,0.5833333333333334,1.0,3.0,1.0,5.0,6.0,1.0,0.0,0.0,0.0,1.0,0.0,0.0,0.0,0.0,0.0,ATTACH_ENERGY,0.3,0.29999999999999993,12,opponent,432
13.0,0.5833333333333334,1.0,3.0,1.0,5.0,6.0,0.0,0.0,1.0,0.0,0.0,0.0,0.0,0.0,0.0,0.0,ATTACK,1.0,0.19999999999999996,13,opponent,432
14.0,0.3333333333333333,0.75,3.0,1.0,5.0,6.0,0.0,0.0,1.0,0.0,0.0,0.0,0.0,0.0,0.0,0.0,ATTACK,1.0,0.19999999999999996,14,opponent,432
15.0,0.16666666666666666,0.5,3.0,1.0,5.0,6.0,0.0,0.0,0.0,1.0,0.0,0.0,0.0,0.0,0.0,0.0,RETREAT,-0.1,0.0,15,opponent,432
16.0,0.16666666666666666,0.5,2.0,1.0,5.0,5.0,0.0,0.0,0.0,1.0,0.0,0.0,0.0,0.0,0.0,0.0,RETREAT,-0.1,0.0,16,opponent,432
17.0,0.6666666666666666,0.5,2.0,1.0,5.0,5.0,0.0,0.0,0.0,0.0,0.0,0.0,0.0,0.0,0.0,1.0,PASS_TURN,0.0,0.0,17,opponent,432
18.0,0.5555555555555556,0.5,2.0,1.0,5.0,5.0,0.0,0.0,0.0,0.0,0.0,0.0,0.0,0.0,0.0,1.0,PASS_TURN,0.0,0.0,18,opponent,432
19.0,0.1111111111111111,0.5,2.0,1.0,5.0,5.0,0.0,0.0,0.0,1.0,0.0,0.0,0.0,0.0,0.0,0.0,RETREAT,-0.1,0.0,19,opponent,432
20.0,0.08333333333333333,0.5,2.0,1.0,5.0,5.0,0.0,0.0,0.0,1.0,0.0,0.0,0.0,0.0,0.0,0.0,RETREAT,-0.1,0.0,20,opponent,432
21.0,0.08333333333333333,0.5,1.0,1.0,5.0,4.0,0.0,0.0,0.0,1.0,0.0,0.0,0.0,0.0,0.0,0.0,RETREAT,-0.1,0.0,21,opponent,432
22.0,0.7142857142857143,0.5,1.0,1.0,5.0,4.0,0.0,0.0,1.0,0.0,0.0,0.0,0.0,0.0,0.0,0.0,ATTACK,1.0,0.20000000000000018,22,opponent,432
23.0,0.7142857142857143,0.25,1.0,1.0,5.0,4.0,0.0,0.0,1.0,0.0,0.0,0.0,0.0,0.0,0.0,0.0,ATTACK,6.0,-2.3000000000000003,23,opponent,432
24.0,0.7142857142857143,1.0,1.0,0.0,4.0,4.0,0.0,0.0,1.0,0.0,0.0,0.0,0.0,0.0,0.0,0.0,ATTACK,1.0,0.19999999999999996,24,opponent,432
25.0,0.5,0.8333333333333334,1.0,0.0,4.0,4.0,0.0,0.0,1.0,0.0,0.0,0.0,0.0,0.0,0.0,0.0,ATTACK,1.0,0.20000000000000018,25,opponent,432
26.0,0.21428571428571427,0.6666666666666666,1.0,0.0,4.0,4.0,0.0,0.0,0.0,1.0,0.0,0.0,0.0,0.0,0.0,0.0,RETREAT,-0.1,0.0,26,opponent,432
27.0,0.21428571428571427,0.6666666666666666,0.0,0.0,4.0,3.0,0.0,0.0,1.0,0.0,0.0,0.0,0.0,0.0,0.0,0.0,ATTACK,1.0,0.20000000000000018,27,opponent,432
28.0,0.07142857142857142,0.5,0.0,0.0,4.0,3.0,0.0,0.0,1.0,0.0,0.0,0.0,0.0,0.0,0.0,0.0,ATTACK,1.0,0.20000000000000018,28,opponent,432
1.0,1.0,1.0,3.0,1.0,6.0,6.0,1.0,2.0,0.0,0.0,1.0,0.0,0.0,0.0,0.0,0.0,ATTACH_ENERGY,0.3,0.7000000000000002,1,opponent,433
2.0,0.6,1.0,3.0,1.0,6.0,6.0,0.0,2.0,1.0,0.0,0.0,0.0,0.0,0.0,0.0,0.0,ATTACK,0.5,0.09999999999999964,2,opponent,433
3.0,0.4,0.9166666666666666,3.0,1.0,6.0,6.0,0.0,2.0,1.0,0.0,0.0,0.0,0.0,0.0,0.0,0.0,ATTACK,0.5,0.10000000000000053,3,opponent,433
4.0,0.1,0.8333333333333334,3.0,1.0,6.0,6.0,0.0,2.0,0.0,1.0,0.0,0.0,0.0,0.0,0.0,0.0,RETREAT,-0.1,0.0,4,opponent,433
5.0,1.0,0.8333333333333334,3.0,1.0,6.0,6.0,0.0,2.0,0.0,0.0,0.0,1.0,0.0,0.0,0.0,0.0,PLAY_SUPPORTER,0.4,0.0,5,opponent,433
6.0,1.0,0.8333333333333334,3.0,1.0,6.0,6.0,0.0,1.0,0.0,0.0,0.0,1.0,0.0,0.0,0.0,0.0,PLAY_SUPPORTER,0.4,0.0,6,opponent,433
7.0,0.9285714285714286,0.8333333333333334,3.0,1.0,6.0,6.0,0.0,0.0,0.0,0.0,0.0,0.0,0.0,0.0,0.0,1.0,PASS_TURN,0.0,0.0,7,opponent,433
8.0,0.9285714285714286,0.8333333333333334,3.0,1.0,6.0,6.0,0.0,0.0,0.0,0.0,0.0,0.0,0.0,0.0,0.0,1.0,PASS_TURN,0.0,0.0,8,opponent,433
9.0,0.6428571428571429,0.8333333333333334,3.0,1.0,6.0,6.0,0.0,0.0,0.0,0.0,0.0,0.0,0.0,0.0,0.0,1.0,PASS_TURN,0.0,0.0,9,opponent,433
10.0,0.35714285714285715,0.8333333333333334,3.0,1.0,6.0,6.0,0.0,0.0,0.0,0.0,0.0,0.0,0.0,0.0,0.0,1.0,PASS_TURN,0.0,0.0,10,opponent,433
11.0,0.2857142857142857,0.8333333333333334,3.0,1.0,6.0,6.0,0.0,0.0,0.0,1.0,0.0,0.0,0.0,0.0,0.0,0.0,RETREAT,-0.1,0.0,11,opponent,433
12.0,0.2857142857142857,0.8333333333333334,2.0,1.0,6.0,5.0,0.0,0.0,0.0,1.0,0.0,0.0,0.0,0.0,0.0,0.0,RETREAT,-0.1,0.0,12,opponent,433
13.0,0.5555555555555556,0.8333333333333334,2.0,1.0,6.0,5.0,0.0,0.0,0.0,0.0,0.0,0.0,0.0,0.0,0.0,1.0,PASS_TURN,0.0,0.0,13,opponent,433
14.0,0.4444444444444444,0.8333333333333334,2.0,1.0,6.0,5.0,0.0,0.0,0.0,0.0,0.0,0.0,0.0,0.0,0.0,1.0,PASS_TURN,0.0,0.0,14,opponent,433
15.0,0.1111111111111111,0.8333333333333334,2.0,1.0,6.0,5.0,0.0,0.0,0.0,1.0,0.0,0.0,0.0,0.0,0.0,0.0,RETREAT,-0.1,0.0,15,opponent,433
16.0,0.21428571428571427,0.8333333333333334,2.0,1.0,6.0,5.0,0.0,0.0,0.0,1.0,0.0,0.0,0.0,0.0,0.0,0.0,RETREAT,-0.1,0.0,16,opponent,433
17.0,0.21428571428571427,0.8333333333333334,1.0,1.0,6.0,4.0,0.0,0.0,0.0,0.0,0.0,0.0,0.0,0.0,0.0,1.0,PASS_TURN,0.0,0.0,17,opponent,433
18.0,1.0,0.8333333333333334,0.0,1.0,6.0,3.0,0.0,0.0,0.0,0.0,0.0,0.0,0.0,0.0,0.0,1.0,PASS_TURN,0.0,0.0,18,opponent,433
19.0,1.0,0.8333333333333334,0.0,1.0,6.0,3.0,0.0,0.0,0.0,0.0,0.0,0.0,0.0,0.0,0.0,1.0,PASS_TURN,0.0,0.0,19,opponent,433
20.0,0.7142857142857143,0.8333333333333334,0.0,1.0,6.0,3.0,0.0,0.0,0.0,0.0,0.0,0.0,0.0,0.0,0.0,1.0,PASS_TURN,0.0,0.0,20,opponent,433
21.0,0.14285714285714285,0.8333333333333334,0.0,1.0,6.0,3.0,0.0,0.0,0.0,0.0,0.0,0.0,0.0,0.0,0.0,1.0,PASS_TURN,0.0,0.0,21,opponent,433
1.0,1.0,1.0,2.0,1.0,6.0,6.0,2.0,7.0,0.0,0.0,1.0,0.0,0.0,0.0,0.0,0.0,ATTACH_ENERGY,0.3,0.6999999999999993,1,me,434
2.0,0.8,1.0,2.0,1.0,6.0,6.0,1.0,7.0,0.0,0.0,1.0,0.0,0.0,0.0,0.0,0.0,ATTACH_ENERGY,0.3,0.6999999999999997,2,me,434
3.0,0.4,1.0,2.0,1.0,6.0,6.0,0.0,7.0,1.0,0.0,0.0,0.0,0.0,0.0,0.0,0.0,ATTACK,1.5,0.2999999999999998,3,me,434
4.0,0.1,0.625,2.0,1.0,6.0,6.0,0.0,7.0,1.0,0.0,0.0,0.0,0.0,0.0,0.0,0.0,ATTACK,1.5,0.2999999999999998,4,me,434
5.0,1.0,0.25,1.0,1.0,6.0,5.0,0.0,7.0,0.0,1.0,0.0,0.0,0.0,0.0,0.0,0.0,RETREAT,-0.1,0.0,5,me,434
6.0,0.9285714285714286,0.25,1.0,1.0,6.0,5.0,0.0,7.0,0.0,0.0,0.0,0.0,0.0,0.0,0.0,1.0,PASS_TURN,0.0,0.0,6,me,434
7.0,0.7142857142857143,0.25,1.0,1.0,6.0,5.0,0.0,7.0,1.0,0.0,0.0,0.0,0.0,0.0,0.0,0.0,ATTACK,6.5,-2.3,7,me,434
8.0,0.42857142857142855,1.0,1.0,0.0,5.0,5.0,0.0,7.0,1.0,0.0,0.0,0.0,0.0,0.0,0.0,0.0,ATTACK,1.5,0.2999999999999996,8,me,434
9.0,0.21428571428571427,0.6666666666666666,1.0,0.0,5.0,5.0,0.0,7.0,1.0,0.0,0.0,0.0,0.0,0.0,0.0,0.0,ATTACK,1.5,0.2999999999999996,9,me,434
10.0,0.14285714285714285,0.3333333333333333,1.0,0.0,5.0,5.0,0.0,7.0,1.0,0.0,0.0,0.0,0.0,0.0,0.0,0.0,ATTACK,6.5,-2.7,10,me,434
1.0,1.0,1.0,2.0,2.0,6.0,6.0,3.0,4.0,0.0,0.0,1.0,0.0,0.0,0.0,0.0,0.0,ATTACH_ENERGY,0.3,0.7000000000000002,1,opponent,435
2.0,0.3333333333333333,1.0,2.0,2.0,6.0,6.0,2.0,4.0,1.0,0.0,0.0,0.0,0.0,0.0,0.0,0.0,ATTACK,1.5,0.30000000000000004,2,opponent,435
3.0,0.3333333333333333,0.7,2.0,2.0,6.0,6.0,2.0,4.0,1.0,0.0,0.0,0.0,0.0,0.0,0.0,0.0,ATTACK,1.5,0.30000000000000004,3,opponent,435
4.0,1.0,0.4,1.0,2.0,6.0,5.0,2.0,4.0,0.0,0.0,0.0,1.0,0.0,0.0,0.0,0.0,PLAY_SUPPORTER,0.4,0.0,4,opponent,435
5.0,1.0,0.4,1.0,2.0,6.0,5.0,2.0,3.0,0.0,0.0,0.0,1.0,0.0,0.0,0.0,0.0,PLAY_SUPPORTER,0.4,0.0,5,opponent,435
6.0,0.6666666666666666,0.4,1.0,2.0,6.0,5.0,2.0,2.0,0.0,0.0,0.0,1.0,0.0,0.0,0.0,0.0,PLAY_SUPPORTER,0.4,0.0,6,opponent,435
7.0,0.3333333333333333,0.4,1.0,2.0,6.0,5.0,2.0,1.0,0.0,0.0,0.0,1.0,0.0,0.0,0.0,0.0,PLAY_SUPPORTER,0.4,0.0,7,opponent,435
8.0,0.2222222222222222,0.4,1.0,2.0,6.0,5.0,2.0,0.0,0.0,1.0,0.0,0.0,0.0,0.0,0.0,0.0,RETREAT,-0.1,0.0,8,opponent,435
9.0,0.75,0.4,1.0,2.0,6.0,5.0,2.0,0.0,0.0,0.0,1.0,0.0,0.0,0.0,0.0,0.0,ATTACH_ENERGY,0.3,0.30000000000000004,9,opponent,435
10.0,0.4166666666666667,0.4,1.0,2.0,6.0,5.0,1.0,0.0,1.0,0.0,0.0,0.0,0.0,0.0,0.0,0.0,ATTACK,0.5,0.09999999999999987,10,opponent,435
11.0,0.16666666666666666,0.3,1.0,2.0,6.0,5.0,1.0,0.0,0.0,1.0,0.0,0.0,0.0,0.0,0.0,0.0,RETREAT,-0.1,0.0,11,opponent,435
12.0,0.16666666666666666,0.3,0.0,2.0,6.0,4.0,1.0,0.0,0.0,0.0,1.0,0.0,0.0,0.0,0.0,0.0,ATTACH_ENERGY,0.3,0.30000000000000027,12,opponent,435
1.0,1.0,1.0,0.0,1.0,6.0,6.0,3.0,5.0,0.0,0.0,1.0,0.0,0.0,0.0,0.0,0.0,ATTACH_ENERGY,0.3,0.7000000000000001,1,opponent,436
2.0,0.625,1.0,0.0,1.0,6.0,6.0,2.0,5.0,0.0,0.0,1.0,0.0,0.0,0.0,0.0,0.0,ATTACH_ENERGY,0.3,0.7000000000000001,2,opponent,436
3.0,0.25,1.0,0.0,1.0,6.0,6.0,1.0,5.0,0.0,0.0,1.0,0.0,0.0,0.0,0.0,0.0,ATTACH_ENERGY,0.3,0.7,3,opponent,436
1.0,1.0,1.0,2.0,3.0,6.0,6.0,1.0,6.0,0.0,0.0,1.0,0.0,0.0,0.0,0.0,0.0,ATTACH_ENERGY,0.3,0.7,1,opponent,437
2.0,0.7142857142857143,1.0,2.0,3.0,6.0,6.0,0.0,6.0,1.0,0.0,0.0,0.0,0.0,0.0,0.0,0.0,ATTACK,0.5,0.10000000000000009,2,opponent,437
3.0,0.14285714285714285,0.8888888888888888,2.0,3.0,6.0,6.0,0.0,6.0,0.0,1.0,0.0,0.0,0.0,0.0,0.0,0.0,RETREAT,-0.1,0.0,3,opponent,437
4.0,0.3333333333333333,0.8888888888888888,2.0,3.0,6.0,6.0,0.0,6.0,0.0,0.0,0.0,1.0,0.0,0.0,0.0,0.0,PLAY_SUPPORTER,0.4,0.0,4,opponent,437
5.0,0.14285714285714285,0.8888888888888888,1.0,3.0,6.0,5.0,0.0,5.0,0.0,1.0,0.0,0.0,0.0,0.0,0.0,0.0,RETREAT,-0.1,0.0,5,opponent,437
6.0,0.7777777777777778,0.8888888888888888,1.0,3.0,6.0,5.0,0.0,5.0,0.0,0.0,0.0,1.0,0.0,0.0,0.0,0.0,PLAY_SUPPORTER,0.4,0.0,6,opponent,437
7.0,0.4444444444444444,0.8888888888888888,1.0,3.0,6.0,5.0,0.0,4.0,0.0,0.0,0.0,1.0,0.0,0.0,0.0,0.0,PLAY_SUPPORTER,0.4,0.0,7,opponent,437
8.0,0.1111111111111111,0.8888888888888888,1.0,3.0,6.0,5.0,0.0,3.0,0.0,0.0,0.0,0.0,0.0,0.0,0.0,1.0,PASS_TURN,0.0,0.0,8,opponent,437
9.0,0.14285714285714285,0.8888888888888888,0.0,3.0,6.0,4.0,0.0,3.0,0.0,0.0,0.0,1.0,0.0,0.0,0.0,0.0,PLAY_SUPPORTER,0.4,0.0,9,opponent,437
1.0,1.0,1.0,0.0,3.0,6.0,6.0,0.0,3.0,0.0,0.0,0.0,1.0,0.0,0.0,0.0,0.0,PLAY_SUPPORTER,0.4,0.0,1,opponent,438
2.0,1.0,1.0,0.0,3.0,6.0,6.0,0.0,2.0,0.0,0.0,0.0,1.0,0.0,0.0,0.0,0.0,PLAY_SUPPORTER,0.4,0.0,2,opponent,438
3.0,0.9285714285714286,1.0,0.0,3.0,6.0,6.0,0.0,1.0,0.0,0.0,0.0,1.0,0.0,0.0,0.0,0.0,PLAY_SUPPORTER,0.4,0.0,3,opponent,438
4.0,0.9285714285714286,1.0,0.0,3.0,6.0,6.0,0.0,0.0,0.0,0.0,0.0,0.0,0.0,0.0,0.0,1.0,PASS_TURN,0.0,0.0,4,opponent,438
5.0,0.7142857142857143,1.0,0.0,3.0,6.0,6.0,0.0,0.0,0.0,0.0,0.0,0.0,0.0,0.0,0.0,1.0,PASS_TURN,0.0,0.0,5,opponent,438
6.0,0.42857142857142855,1.0,0.0,3.0,6.0,6.0,0.0,0.0,0.0,0.0,0.0,0.0,0.0,0.0,0.0,1.0,PASS_TURN,0.0,0.0,6,opponent,438
7.0,0.14285714285714285,1.0,0.0,3.0,6.0,6.0,0.0,0.0,0.0,0.0,0.0,0.0,0.0,0.0,0.0,1.0,PASS_TURN,0.0,0.0,7,opponent,438
1.0,1.0,1.0,3.0,3.0,6.0,6.0,0.0,2.0,0.0,0.0,0.0,0.0,1.0,0.0,0.0,0.0,PLAY_BASIC_TO_BENCH,0.2,2.0999999999999996,1,opponent,439
2.0,0.8333333333333334,1.0,4.0,3.0,6.0,6.0,0.0,1.0,0.0,0.0,0.0,1.0,0.0,0.0,0.0,0.0,PLAY_SUPPORTER,0.4,0.0,2,opponent,439
3.0,0.8333333333333334,1.0,4.0,3.0,6.0,6.0,0.0,0.0,0.0,0.0,0.0,0.0,0.0,0.0,0.0,1.0,PASS_TURN,0.0,0.0,3,opponent,439
4.0,0.5,1.0,4.0,3.0,6.0,6.0,0.0,0.0,0.0,0.0,0.0,0.0,0.0,0.0,0.0,1.0,PASS_TURN,0.0,0.0,4,opponent,439
5.0,1.0,1.0,3.0,3.0,6.0,5.0,0.0,0.0,0.0,0.0,0.0,0.0,0.0,0.0,0.0,1.0,PASS_TURN,0.0,0.0,5,opponent,439
6.0,0.5,1.0,3.0,3.0,6.0,5.0,0.0,0.0,0.0,0.0,0.0,0.0,0.0,0.0,0.0,1.0,PASS_TURN,0.0,0.0,6,opponent,439
7.0,0.5,1.0,3.0,3.0,6.0,5.0,0.0,0.0,0.0,1.0,0.0,0.0,0.0,0.0,0.0,0.0,RETREAT,-0.1,0.0,7,opponent,439
8.0,1.0,1.0,3.0,3.0,6.0,5.0,0.0,0.0,0.0,0.0,0.0,0.0,0.0,0.0,0.0,1.0,PASS_TURN,0.0,0.0,8,opponent,439
9.0,1.0,1.0,3.0,3.0,6.0,5.0,0.0,0.0,0.0,0.0,0.0,0.0,0.0,0.0,0.0,1.0,PASS_TURN,0.0,0.0,9,opponent,439
10.0,0.8888888888888888,1.0,3.0,3.0,6.0,5.0,0.0,0.0,0.0,0.0,0.0,0.0,0.0,0.0,0.0,1.0,PASS_TURN,0.0,0.0,10,opponent,439
11.0,0.4444444444444444,1.0,3.0,3.0,6.0,5.0,0.0,0.0,0.0,1.0,0.0,0.0,0.0,0.0,0.0,0.0,RETREAT,-0.1,0.0,11,opponent,439
12.0,1.0,1.0,3.0,3.0,6.0,5.0,0.0,0.0,0.0,0.0,0.0,0.0,0.0,0.0,0.0,1.0,PASS_TURN,0.0,0.0,12,opponent,439
13.0,0.8333333333333334,1.0,3.0,3.0,6.0,5.0,0.0,0.0,0.0,0.0,0.0,0.0,0.0,0.0,0.0,1.0,PASS_TURN,0.0,0.0,13,opponent,439
14.0,0.16666666666666666,1.0,3.0,3.0,6.0,5.0,0.0,0.0,0.0,1.0,0.0,0.0,0.0,0.0,0.0,0.0,RETREAT,-0.1,0.0,14,opponent,439
15.0,0.1111111111111111,1.0,3.0,3.0,6.0,5.0,0.0,0.0,0.0,1.0,0.0,0.0,0.0,0.0,0.0,0.0,RETREAT,-0.1,0.0,15,opponent,439
16.0,0.1111111111111111,1.0,2.0,3.0,6.0,4.0,0.0,0.0,0.0,1.0,0.0,0.0,0.0,0.0,0.0,0.0,RETREAT,-0.1,0.0,16,opponent,439
17.0,0.1111111111111111,1.0,1.0,3.0,6.0,3.0,0.0,0.0,0.0,1.0,0.0,0.0,0.0,0.0,0.0,0.0,RETREAT,-0.1,0.0,17,opponent,439
18.0,0.6666666666666666,1.0,1.0,3.0,6.0,3.0,0.0,0.0,0.0,0.0,0.0,0.0,0.0,0.0,0.0,1.0,PASS_TURN,0.0,0.0,18,opponent,439
19.0,0.4166666666666667,1.0,1.0,3.0,6.0,3.0,0.0,0.0,0.0,0.0,0.0,0.0,0.0,0.0,0.0,1.0,PASS_TURN,0.0,0.0,19,opponent,439
20.0,0.08333333333333333,1.0,1.0,3.0,6.0,3.0,0.0,0.0,0.0,1.0,0.0,0.0,0.0,0.0,0.0,0.0,RETREAT,-0.1,0.0,20,opponent,439
21.0,0.08333333333333333,1.0,0.0,3.0,6.0,2.0,0.0,0.0,0.0,0.0,0.0,0.0,0.0,0.0,0.0,1.0,PASS_TURN,0.0,0.0,21,opponent,439
1.0,1.0,1.0,2.0,0.0,6.0,6.0,1.0,4.0,0.0,0.0,1.0,0.0,0.0,0.0,0.0,0.0,ATTACH_ENERGY,0.3,0.7000000000000002,1,opponent,440
2.0,0.875,1.0,2.0,0.0,6.0,6.0,0.0,4.0,1.0,0.0,0.0,0.0,0.0,0.0,0.0,0.0,ATTACK,1.0,0.1999999999999993,2,opponent,440
3.0,0.625,0.8,2.0,0.0,6.0,6.0,0.0,4.0,0.0,1.0,0.0,0.0,0.0,0.0,0.0,0.0,RETREAT,-0.1,0.0,3,opponent,440
4.0,0.75,0.8,2.0,0.0,6.0,6.0,0.0,4.0,0.0,0.0,0.0,1.0,0.0,0.0,0.0,0.0,PLAY_SUPPORTER,0.4,0.0,4,opponent,440
5.0,0.6666666666666666,0.8,2.0,0.0,6.0,6.0,0.0,3.0,0.0,0.0,0.0,1.0,0.0,0.0,0.0,0.0,PLAY_SUPPORTER,0.4,0.0,5,opponent,440
6.0,0.4166666666666667,0.8,2.0,0.0,6.0,6.0,0.0,2.0,0.0,0.0,0.0,1.0,0.0,0.0,0.0,0.0,PLAY_SUPPORTER,0.4,0.0,6,opponent,440
7.0,0.3333333333333333,0.8,2.0,0.0,6.0,6.0,0.0,1.0,0.0,0.0,0.0,1.0,0.0,0.0,0.0,0.0,PLAY_SUPPORTER,0.4,0.0,7,opponent,440
8.0,0.16666666666666666,0.8,2.0,0.0,6.0,6.0,0.0,0.0,0.0,1.0,0.0,0.0,0.0,0.0,0.0,0.0,RETREAT,-0.1,0.0,8,opponent,440
9.0,0.375,0.8,2.0,0.0,6.0,6.0,0.0,0.0,1.0,0.0,0.0,0.0,0.0,0.0,0.0,0.0,ATTACK,1.0,0.19999999999999973,9,opponent,440
10.0,0.25,0.6,2.0,0.0,6.0,6.0,0.0,0.0,0.0,1.0,0.0,0.0,0.0,0.0,0.0,0.0,RETREAT,-0.1,0.0,10,opponent,440
11.0,0.16666666666666666,0.6,2.0,0.0,6.0,6.0,0.0,0.0,0.0,1.0,0.0,0.0,0.0,0.0,0.0,0.0,RETREAT,-0.1,0.0,11,opponent,440
12.0,0.125,0.6,2.0,0.0,6.0,6.0,0.0,0.0,0.0,1.0,0.0,0.0,0.0,0.0,0.0,0.0,RETREAT,-0.1,0.0,12,opponent,440
13.0,0.125,0.6,1.0,0.0,6.0,5.0,0.0,0.0,0.0,1.0,0.0,0.0,0.0,0.0,0.0,0.0,RETREAT,-0.1,0.0,13,opponent,440
14.0,0.9,0.6,1.0,0.0,6.0,5.0,0.0,0.0,0.0,0.0,0.0,0.0,0.0,0.0,0.0,1.0,PASS_TURN,0.0,0.0,14,opponent,440
15.0,0.7,0.6,1.0,0.0,6.0,5.0,0.0,0.0,0.0,1.0,0.0,0.0,0.0,0.0,0.0,0.0,RETREAT,-0.1,0.0,15,opponent,440
16.0,0.7,0.6,0.0,0.0,6.0,4.0,0.0,0.0,0.0,0.0,0.0,0.0,0.0,0.0,0.0,1.0,PASS_TURN,0.0,0.0,16,opponent,440
17.0,0.4,0.6,0.0,0.0,6.0,4.0,0.0,0.0,0.0,0.0,0.0,0.0,0.0,0.0,0.0,1.0,PASS_TURN,0.0,0.0,17,opponent,440
18.0,0.4,0.6,0.0,0.0,6.0,4.0,0.0,0.0,0.0,0.0,0.0,0.0,0.0,0.0,0.0,1.0,PASS_TURN,0.0,0.0,18,opponent,440
19.0,0.1,0.6,0.0,0.0,6.0,4.0,0.0,0.0,0.0,0.0,0.0,0.0,0.0,0.0,0.0,1.0,PASS_TURN,0.0,0.0,19,opponent,440
1.0,1.0,1.0,3.0,3.0,6.0,6.0,1.0,4.0,0.0,0.0,1.0,0.0,0.0,0.0,0.0,0.0,ATTACH_ENERGY,0.3,0.7,1,opponent,441
2.0,1.0,1.0,3.0,3.0,6.0,6.0,0.0,4.0,1.0,0.0,0.0,0.0,0.0,0.0,0.0,0.0,ATTACK,1.5,0.2999999999999998,2,opponent,441
3.0,0.875,0.7857142857142857,3.0,3.0,6.0,6.0,0.0,4.0,1.0,0.0,0.0,0.0,0.0,0.0,0.0,0.0,ATTACK,1.5,0.30000000000000004,3,opponent,441
4.0,0.625,0.5714285714285714,3.0,3.0,6.0,6.0,0.0,4.0,0.0,1.0,0.0,0.0,0.0,0.0,0.0,0.0,RETREAT,-0.1,0.0,4,opponent,441
5.0,0.8333333333333334,0.5714285714285714,3.0,3.0,6.0,6.0,0.0,4.0,0.0,0.0,0.0,1.0,0.0,0.0,0.0,0.0,PLAY_SUPPORTER,0.4,0.0,5,opponent,441
6.0,0.6666666666666666,0.5714285714285714,3.0,3.0,6.0,6.0,0.0,3.0,0.0,0.0,0.0,1.0,0.0,0.0,0.0,0.0,PLAY_SUPPORTER,0.4,0.0,6,opponent,441
7.0,0.5,0.5714285714285714,3.0,3.0,6.0,6.0,0.0,2.0,0.0,0.0,0.0,1.0,0.0,0.0,0.0,0.0,PLAY_SUPPORTER,0.4,0.0,7,opponent,441
8.0,0.3333333333333333,0.5714285714285714,3.0,3.0,6.0,6.0,0.0,1.0,0.0,1.0,0.0,0.0,0.0,0.0,0.0,0.0,RETREAT,-0.1,0.0,8,opponent,441
9.0,0.8571428571428571,0.5714285714285714,3.0,3.0,6.0,6.0,0.0,1.0,0.0,0.0,0.0,1.0,0.0,0.0,0.0,0.0,PLAY_SUPPORTER,0.4,0.0,9,opponent,441
10.0,0.7857142857142857,0.5714285714285714,3.0,3.0,6.0,6.0,0.0,0.0,0.0,0.0,0.0,0.0,0.0,0.0,0.0,1.0,PASS_TURN,0.0,0.0,10,opponent,441
11.0,0.6428571428571429,0.5714285714285714,3.0,3.0,6.0,6.0,0.0,0.0,0.0,0.0,0.0,0.0,0.0,0.0,0.0,1.0,PASS_TURN,0.0,0.0,11,opponent,441
12.0,0.5714285714285714,0.5714285714285714,3.0,3.0,6.0,6.0,0.0,0.0,0.0,0.0,0.0,0.0,0.0,0.0,0.0,1.0,PASS_TURN,0.0,0.0,12,opponent,441
13.0,0.5714285714285714,0.5714285714285714,3.0,3.0,6.0,6.0,0.0,0.0,0.0,0.0,0.0,0.0,0.0,0.0,0.0,1.0,PASS_TURN,0.0,0.0,13,opponent,441
14.0,0.5714285714285714,0.5714285714285714,3.0,3.0,6.0,6.0,0.0,0.0,0.0,0.0,0.0,0.0,0.0,0.0,0.0,1.0,PASS_TURN,0.0,0.0,14,opponent,441
15.0,0.5714285714285714,0.5714285714285714,3.0,3.0,6.0,6.0,0.0,0.0,0.0,0.0,0.0,0.0,0.0,0.0,0.0,1.0,PASS_TURN,0.0,0.0,15,opponent,441
16.0,0.35714285714285715,0.5714285714285714,3.0,3.0,6.0,6.0,0.0,0.0,0.0,0.0,0.0,0.0,0.0,0.0,0.0,1.0,PASS_TURN,0.0,0.0,16,opponent,441
17.0,0.21428571428571427,0.5714285714285714,3.0,3.0,6.0,6.0,0.0,0.0,0.0,1.0,0.0,0.0,0.0,0.0,0.0,0.0,RETREAT,-0.1,0.0,17,opponent,441
18.0,0.21428571428571427,0.5714285714285714,2.0,3.0,6.0,5.0,0.0,0.0,0.0,1.0,0.0,0.0,0.0,0.0,0.0,0.0,RETREAT,-0.1,0.0,18,opponent,441
19.0,0.375,0.5714285714285714,2.0,3.0,6.0,5.0,0.0,0.0,1.0,0.0,0.0,0.0,0.0,0.0,0.0,0.0,ATTACK,1.5,0.2999999999999998,19,opponent,441
20.0,0.25,0.35714285714285715,2.0,3.0,6.0,5.0,0.0,0.0,1.0,0.0,0.0,0.0,0.0,0.0,0.0,0.0,ATTACK,1.5,0.30000000000000004,20,opponent,441
21.0,0.21428571428571427,0.14285714285714285,1.0,3.0,6.0,4.0,0.0,0.0,0.0,1.0,0.0,0.0,0.0,0.0,0.0,0.0,RETREAT,-0.1,0.0,21,opponent,441
22.0,0.7857142857142857,0.14285714285714285,1.0,3.0,6.0,4.0,0.0,0.0,0.0,0.0,0.0,0.0,0.0,0.0,0.0,1.0,PASS_TURN,0.0,0.0,22,opponent,441
23.0,0.5,0.14285714285714285,1.0,3.0,6.0,4.0,0.0,0.0,0.0,0.0,0.0,0.0,0.0,0.0,0.0,1.0,PASS_TURN,0.0,0.0,23,opponent,441
24.0,0.35714285714285715,0.14285714285714285,1.0,3.0,6.0,4.0,0.0,0.0,0.0,0.0,0.0,0.0,0.0,0.0,0.0,1.0,PASS_TURN,0.0,0.0,24,opponent,441
25.0,0.21428571428571427,0.14285714285714285,1.0,3.0,6.0,4.0,0.0,0.0,0.0,1.0,0.0,0.0,0.0,0.0,0.0,0.0,RETREAT,-0.1,0.0,25,opponent,441
26.0,0.07142857142857142,0.14285714285714285,1.0,3.0,6.0,4.0,0.0,0.0,0.0,1.0,0.0,0.0,0.0,0.0,0.0,0.0,RETREAT,-0.1,0.0,26,opponent,441
27.0,0.07142857142857142,0.14285714285714285,0.0,3.0,6.0,3.0,0.0,0.0,0.0,0.0,0.0,0.0,0.0,0.0,0.0,1.0,PASS_TURN,0.0,0.0,27,opponent,441
1.0,1.0,1.0,2.0,2.0,6.0,6.0,0.0,6.0,0.0,0.0,0.0,1.0,0.0,0.0,0.0,0.0,PLAY_SUPPORTER,0.4,0.0,1,opponent,442
2.0,0.8888888888888888,1.0,2.0,2.0,6.0,6.0,0.0,5.0,0.0,1.0,0.0,0.0,0.0,0.0,0.0,0.0,RETREAT,-0.1,0.0,2,opponent,442
3.0,0.75,1.0,2.0,2.0,6.0,6.0,0.0,5.0,0.0,0.0,0.0,1.0,0.0,0.0,0.0,0.0,PLAY_SUPPORTER,0.4,0.0,3,opponent,442
4.0,0.75,1.0,2.0,2.0,6.0,6.0,0.0,4.0,0.0,0.0,0.0,1.0,0.0,0.0,0.0,0.0,PLAY_SUPPORTER,0.4,0.0,4,opponent,442
5.0,0.5833333333333334,1.0,2.0,2.0,6.0,6.0,0.0,3.0,0.0,0.0,0.0,1.0,0.0,0.0,0.0,0.0,PLAY_SUPPORTER,0.4,0.0,5,opponent,442
6.0,0.5833333333333334,1.0,2.0,2.0,6.0,6.0,0.0,2.0,0.0,0.0,0.0,1.0,0.0,0.0,0.0,0.0,PLAY_SUPPORTER,0.4,0.0,6,opponent,442
7.0,0.5,1.0,2.0,2.0,6.0,6.0,0.0,1.0,0.0,0.0,0.0,1.0,0.0,0.0,0.0,0.0,PLAY_SUPPORTER,0.4,0.0,7,opponent,442
8.0,0.5,1.0,2.0,2.0,6.0,6.0,0.0,0.0,0.0,0.0,0.0,0.0,0.0,0.0,0.0,1.0,PASS_TURN,0.0,0.0,8,opponent,442
9.0,0.4166666666666667,1.0,2.0,2.0,6.0,6.0,0.0,0.0,0.0,0.0,0.0,0.0,0.0,0.0,0.0,1.0,PASS_TURN,0.0,0.0,9,opponent,442
10.0,0.25,1.0,2.0,2.0,6.0,6.0,0.0,0.0,0.0,1.0,0.0,0.0,0.0,0.0,0.0,0.0,RETREAT,-0.1,0.0,10,opponent,442
11.0,1.0,1.0,2.0,2.0,6.0,6.0,0.0,0.0,0.0,0.0,0.0,0.0,0.0,0.0,0.0,1.0,PASS_TURN,0.0,0.0,11,opponent,442
12.0,0.8333333333333334,1.0,2.0,2.0,6.0,6.0,0.0,0.0,0.0,1.0,0.0,0.0,0.0,0.0,0.0,0.0,RETREAT,-0.1,0.0,12,opponent,442
13.0,0.7777777777777778,1.0,2.0,2.0,6.0,6.0,0.0,0.0,0.0,0.0,0.0,0.0,0.0,0.0,0.0,1.0,PASS_TURN,0.0,0.0,13,opponent,442
14.0,0.7777777777777778,1.0,2.0,2.0,6.0,6.0,0.0,0.0,0.0,0.0,0.0,0.0,0.0,0.0,0.0,1.0,PASS_TURN,0.0,0.0,14,opponent,442
15.0,0.7777777777777778,1.0,2.0,2.0,6.0,6.0,0.0,0.0,0.0,0.0,0.0,0.0,0.0,0.0,0.0,1.0,PASS_TURN,0.0,0.0,15,opponent,442
16.0,0.4444444444444444,1.0,2.0,2.0,6.0,6.0,0.0,0.0,0.0,1.0,0.0,0.0,0.0,0.0,0.0,0.0,RETREAT,-0.1,0.0,16,opponent,442
17.0,0.4444444444444444,1.0,1.0,2.0,6.0,5.0,0.0,0.0,0.0,0.0,0.0,0.0,0.0,0.0,0.0,1.0,PASS_TURN,0.0,0.0,17,opponent,442
18.0,0.4444444444444444,1.0,1.0,2.0,6.0,5.0,0.0,0.0,0.0,0.0,0.0,0.0,0.0,0.0,0.0,1.0,PASS_TURN,0.0,0.0,18,opponent,442
19.0,0.2222222222222222,1.0,1.0,2.0,6.0,5.0,0.0,0.0,0.0,1.0,0.0,0.0,0.0,0.0,0.0,0.0,RETREAT,-0.1,0.0,19,opponent,442
20.0,0.6666666666666666,1.0,1.0,2.0,6.0,5.0,0.0,0.0,0.0,0.0,0.0,0.0,0.0,0.0,0.0,1.0,PASS_TURN,0.0,0.0,20,opponent,442
21.0,0.3333333333333333,1.0,1.0,2.0,6.0,5.0,0.0,0.0,0.0,0.0,0.0,0.0,0.0,0.0,0.0,1.0,PASS_TURN,0.0,0.0,21,opponent,442
22.0,0.2222222222222222,1.0,0.0,2.0,6.0,4.0,0.0,0.0,0.0,0.0,0.0,0.0,0.0,0.0,0.0,1.0,PASS_TURN,0.0,0.0,22,opponent,442
1.0,1.0,1.0,1.0,3.0,6.0,6.0,3.0,2.0,0.0,0.0,1.0,0.0,0.0,0.0,0.0,0.0,ATTACH_ENERGY,0.3,0.7,1,opponent,443
2.0,1.0,1.0,1.0,3.0,6.0,6.0,2.0,2.0,1.0,0.0,0.0,0.0,0.0,0.0,0.0,0.0,ATTACK,1.5,0.2999999999999998,2,opponent,443
3.0,0.8571428571428571,0.625,1.0,3.0,6.0,6.0,2.0,2.0,1.0,0.0,0.0,0.0,0.0,0.0,0.0,0.0,ATTACK,1.5,0.2999999999999998,3,opponent,443
4.0,0.7857142857142857,0.25,1.0,3.0,6.0,6.0,2.0,2.0,1.0,0.0,0.0,0.0,0.0,0.0,0.0,0.0,ATTACK,6.5,-2.3,4,opponent,443
5.0,0.5,1.0,1.0,2.0,5.0,6.0,2.0,2.0,1.0,0.0,0.0,0.0,0.0,0.0,0.0,0.0,ATTACK,1.5,0.3000000000000007,5,opponent,443
6.0,0.21428571428571427,0.7857142857142857,1.0,2.0,5.0,6.0,2.0,2.0,1.0,0.0,0.0,0.0,0.0,0.0,0.0,0.0,ATTACK,1.5,0.2999999999999998,6,opponent,443
7.0,1.0,0.5714285714285714,0.0,2.0,5.0,5.0,2.0,2.0,0.0,0.0,0.0,1.0,0.0,0.0,0.0,0.0,PLAY_SUPPORTER,0.4,0.0,7,opponent,443
8.0,1.0,0.5714285714285714,0.0,2.0,5.0,5.0,2.0,1.0,0.0,0.0,0.0,1.0,0.0,0.0,0.0,0.0,PLAY_SUPPORTER,0.4,0.0,8,opponent,443
9.0,1.0,0.5714285714285714,0.0,2.0,5.0,5.0,2.0,0.0,0.0,0.0,0.0,0.0,0.0,0.0,0.0,1.0,PASS_TURN,0.0,0.0,9,opponent,443
10.0,1.0,0.5714285714285714,0.0,2.0,5.0,5.0,2.0,0.0,0.0,0.0,0.0,0.0,0.0,0.0,0.0,1.0,PASS_TURN,0.0,0.0,10,opponent,443
11.0,0.5555555555555556,0.5714285714285714,0.0,2.0,5.0,5.0,2.0,0.0,0.0,0.0,1.0,0.0,0.0,0.0,0.0,0.0,ATTACH_ENERGY,0.3,0.2999999999999998,11,opponent,443
12.0,0.3333333333333333,0.5714285714285714,0.0,2.0,5.0,5.0,1.0,0.0,0.0,0.0,1.0,0.0,0.0,0.0,0.0,0.0,ATTACH_ENERGY,0.3,0.30000000000000027,12,opponent,443
13.0,0.3333333333333333,0.5714285714285714,0.0,2.0,5.0,5.0,0.0,0.0,0.0,0.0,0.0,0.0,0.0,0.0,0.0,1.0,PASS_TURN,0.0,0.0,13,opponent,443
1.0,1.0,1.0,0.0,2.0,6.0,6.0,1.0,4.0,0.0,0.0,0.0,0.0,1.0,0.0,0.0,0.0,PLAY_BASIC_TO_BENCH,0.2,2.1,1,opponent,444
2.0,0.8571428571428571,1.0,1.0,2.0,6.0,6.0,1.0,3.0,0.0,0.0,1.0,0.0,0.0,0.0,0.0,0.0,ATTACH_ENERGY,0.3,0.7000000000000002,2,opponent,444
3.0,0.7142857142857143,1.0,1.0,2.0,6.0,6.0,0.0,3.0,1.0,0.0,0.0,0.0,0.0,0.0,0.0,0.0,ATTACK,1.0,0.20000000000000018,3,opponent,444
4.0,0.42857142857142855,0.8333333333333334,1.0,2.0,6.0,6.0,0.0,3.0,1.0,0.0,0.0,0.0,0.0,0.0,0.0,0.0,ATTACK,1.0,0.20000000000000018,4,opponent,444
5.0,0.14285714285714285,0.6666666666666666,1.0,2.0,6.0,6.0,0.0,3.0,0.0,1.0,0.0,0.0,0.0,0.0,0.0,0.0,RETREAT,-0.1,0.0,5,opponent,444
6.0,0.9166666666666666,0.6666666666666666,1.0,2.0,6.0,6.0,0.0,3.0,0.0,0.0,0.0,1.0,0.0,0.0,0.0,0.0,PLAY_SUPPORTER,0.4,0.0,6,opponent,444
7.0,0.9166666666666666,0.6666666666666666,1.0,2.0,6.0,6.0,0.0,2.0,0.0,0.0,0.0,1.0,0.0,0.0,0.0,0.0,PLAY_SUPPORTER,0.4,0.0,7,opponent,444
8.0,0.6666666666666666,0.6666666666666666,1.0,2.0,6.0,6.0,0.0,1.0,0.0,0.0,0.0,1.0,0.0,0.0,0.0,0.0,PLAY_SUPPORTER,0.4,0.0,8,opponent,444
9.0,0.5833333333333334,0.6666666666666666,1.0,2.0,6.0,6.0,0.0,0.0,0.0,0.0,0.0,0.0,0.0,0.0,0.0,1.0,PASS_TURN,0.0,0.0,9,opponent,444
10.0,0.5,0.6666666666666666,1.0,2.0,6.0,6.0,0.0,0.0,0.0,0.0,0.0,0.0,0.0,0.0,0.0,1.0,PASS_TURN,0.0,0.0,10,opponent,444
11.0,0.16666666666666666,0.6666666666666666,1.0,2.0,6.0,6.0,0.0,0.0,0.0,0.0,0.0,0.0,0.0,0.0,0.0,1.0,PASS_TURN,0.0,0.0,11,opponent,444
12.0,0.14285714285714285,0.6666666666666666,0.0,2.0,6.0,5.0,0.0,0.0,1.0,0.0,0.0,0.0,0.0,0.0,0.0,0.0,ATTACK,1.0,0.19999999999999973,12,opponent,444
1.0,1.0,1.0,3.0,3.0,6.0,6.0,2.0,3.0,0.0,0.0,1.0,0.0,0.0,0.0,0.0,0.0,ATTACH_ENERGY,0.3,0.7,1,opponent,445
2.0,0.8,1.0,3.0,3.0,6.0,6.0,1.0,3.0,0.0,0.0,1.0,0.0,0.0,0.0,0.0,0.0,ATTACH_ENERGY,0.3,0.6999999999999997,2,opponent,445
3.0,0.7,1.0,3.0,3.0,6.0,6.0,0.0,3.0,1.0,0.0,0.0,0.0,0.0,0.0,0.0,0.0,ATTACK,0.5,0.10000000000000009,3,opponent,445
4.0,0.7,0.8333333333333334,3.0,3.0,6.0,6.0,0.0,3.0,0.0,1.0,0.0,0.0,0.0,0.0,0.0,0.0,RETREAT,-0.1,0.0,4,opponent,445
5.0,1.0,0.8333333333333334,3.0,3.0,6.0,6.0,0.0,3.0,0.0,0.0,0.0,1.0,0.0,0.0,0.0,0.0,PLAY_SUPPORTER,0.4,0.0,5,opponent,445
6.0,0.8571428571428571,0.8333333333333334,3.0,3.0,6.0,6.0,0.0,2.0,0.0,0.0,0.0,1.0,0.0,0.0,0.0,0.0,PLAY_SUPPORTER,0.4,0.0,6,opponent,445
7.0,0.42857142857142855,0.8333333333333334,3.0,3.0,6.0,6.0,0.0,1.0,0.0,0.0,0.0,1.0,0.0,0.0,0.0,0.0,PLAY_SUPPORTER,0.4,0.0,7,opponent,445
8.0,1.0,0.8333333333333334,2.0,3.0,6.0,5.0,0.0,0.0,0.0,0.0,0.0,0.0,0.0,0.0,0.0,1.0,PASS_TURN,0.0,0.0,8,opponent,445
9.0,0.8571428571428571,0.8333333333333334,2.0,3.0,6.0,5.0,0.0,0.0,0.0,0.0,0.0,0.0,0.0,0.0,0.0,1.0,PASS_TURN,0.0,0.0,9,opponent,445
10.0,0.5714285714285714,0.8333333333333334,2.0,3.0,6.0,5.0,0.0,0.0,0.0,1.0,0.0,0.0,0.0,0.0,0.0,0.0,RETREAT,-0.1,0.0,10,opponent,445
11.0,1.0,0.8333333333333334,2.0,3.0,6.0,5.0,0.0,0.0,0.0,0.0,0.0,0.0,0.0,0.0,0.0,1.0,PASS_TURN,0.0,0.0,11,opponent,445
12.0,1.0,0.8333333333333334,2.0,3.0,6.0,5.0,0.0,0.0,0.0,0.0,0.0,0.0,0.0,0.0,0.0,1.0,PASS_TURN,0.0,0.0,12,opponent,445
13.0,1.0,0.8333333333333334,2.0,3.0,6.0,5.0,0.0,0.0,0.0,0.0,0.0,0.0,0.0,0.0,0.0,1.0,PASS_TURN,0.0,0.0,13,opponent,445
14.0,1.0,0.8333333333333334,2.0,3.0,6.0,5.0,0.0,0.0,0.0,0.0,0.0,0.0,0.0,0.0,0.0,1.0,PASS_TURN,0.0,0.0,14,opponent,445
15.0,1.0,0.8333333333333334,2.0,3.0,6.0,5.0,0.0,0.0,0.0,0.0,0.0,0.0,0.0,0.0,0.0,1.0,PASS_TURN,0.0,0.0,15,opponent,445
16.0,0.9166666666666666,0.8333333333333334,2.0,3.0,6.0,5.0,0.0,0.0,0.0,0.0,0.0,0.0,0.0,0.0,0.0,1.0,PASS_TURN,0.0,0.0,16,opponent,445
17.0,0.9166666666666666,0.8333333333333334,2.0,3.0,6.0,5.0,0.0,0.0,0.0,1.0,0.0,0.0,0.0,0.0,0.0,0.0,RETREAT,-0.1,0.0,17,opponent,445
18.0,0.5,0.8333333333333334,2.0,3.0,6.0,5.0,0.0,0.0,1.0,0.0,0.0,0.0,0.0,0.0,0.0,0.0,ATTACK,0.5,0.10000000000000009,18,opponent,445
19.0,0.3,0.6666666666666666,2.0,3.0,6.0,5.0,0.0,0.0,0.0,0.0,0.0,0.0,0.0,0.0,0.0,1.0,PASS_TURN,0.0,0.0,19,opponent,445
20.0,0.1,0.6666666666666666,2.0,3.0,6.0,5.0,0.0,0.0,0.0,1.0,0.0,0.0,0.0,0.0,0.0,0.0,RETREAT,-0.1,0.0,20,opponent,445
21.0,0.8333333333333334,0.6666666666666666,2.0,3.0,6.0,5.0,0.0,0.0,0.0,0.0,0.0,0.0,0.0,0.0,0.0,1.0,PASS_TURN,0.0,0.0,21,opponent,445
22.0,0.5833333333333334,0.6666666666666666,2.0,3.0,6.0,5.0,0.0,0.0,0.0,0.0,0.0,0.0,0.0,0.0,0.0,1.0,PASS_TURN,0.0,0.0,22,opponent,445
23.0,0.5,0.6666666666666666,2.0,3.0,6.0,5.0,0.0,0.0,0.0,0.0,0.0,0.0,0.0,0.0,0.0,1.0,PASS_TURN,0.0,0.0,23,opponent,445
24.0,0.3333333333333333,0.6666666666666666,2.0,3.0,6.0,5.0,0.0,0.0,0.0,0.0,0.0,0.0,0.0,0.0,0.0,1.0,PASS_TURN,0.0,0.0,24,opponent,445
25.0,0.08333333333333333,0.6666666666666666,2.0,3.0,6.0,5.0,0.0,0.0,0.0,1.0,0.0,0.0,0.0,0.0,0.0,0.0,RETREAT,-0.1,0.0,25,opponent,445
26.0,0.08333333333333333,0.6666666666666666,1.0,3.0,6.0,4.0,0.0,0.0,0.0,1.0,0.0,0.0,0.0,0.0,0.0,0.0,RETREAT,-0.1,0.0,26,opponent,445
27.0,0.5714285714285714,0.6666666666666666,1.0,3.0,6.0,4.0,0.0,0.0,0.0,0.0,0.0,0.0,0.0,0.0,0.0,1.0,PASS_TURN,0.0,0.0,27,opponent,445
28.0,0.42857142857142855,0.6666666666666666,1.0,3.0,6.0,4.0,0.0,0.0,0.0,1.0,0.0,0.0,0.0,0.0,0.0,0.0,RETREAT,-0.1,0.0,28,opponent,445
29.0,0.08333333333333333,0.6666666666666666,1.0,3.0,6.0,4.0,0.0,0.0,0.0,1.0,0.0,0.0,0.0,0.0,0.0,0.0,RETREAT,-0.1,0.0,29,opponent,445
30.0,0.2857142857142857,0.6666666666666666,1.0,3.0,6.0,4.0,0.0,0.0,0.0,1.0,0.0,0.0,0.0,0.0,0.0,0.0,RETREAT,-0.1,0.0,30,opponent,445
31.0,0.2857142857142857,0.6666666666666666,0.0,3.0,6.0,3.0,0.0,0.0,0.0,0.0,0.0,0.0,0.0,0.0,0.0,1.0,PASS_TURN,0.0,0.0,31,opponent,445
32.0,0.14285714285714285,0.6666666666666666,0.0,3.0,6.0,3.0,0.0,0.0,0.0,0.0,0.0,0.0,0.0,0.0,0.0,1.0,PASS_TURN,0.0,0.0,32,opponent,445
1.0,1.0,1.0,1.0,0.0,6.0,6.0,3.0,4.0,0.0,0.0,1.0,0.0,0.0,0.0,0.0,0.0,ATTACH_ENERGY,0.3,0.7,1,opponent,446
2.0,0.5714285714285714,1.0,1.0,0.0,6.0,6.0,2.0,4.0,1.0,0.0,0.0,0.0,0.0,0.0,0.0,0.0,ATTACK,1.0,0.19999999999999996,2,opponent,446
3.0,0.14285714285714285,0.8571428571428571,1.0,0.0,6.0,6.0,2.0,4.0,0.0,1.0,0.0,0.0,0.0,0.0,0.0,0.0,RETREAT,-0.1,0.0,3,opponent,446
4.0,1.0,0.8571428571428571,1.0,0.0,6.0,6.0,2.0,4.0,0.0,0.0,0.0,1.0,0.0,0.0,0.0,0.0,PLAY_SUPPORTER,0.4,0.0,4,opponent,446
5.0,0.8,0.8571428571428571,1.0,0.0,6.0,6.0,2.0,3.0,0.0,0.0,0.0,1.0,0.0,0.0,0.0,0.0,PLAY_SUPPORTER,0.4,0.0,5,opponent,446
6.0,0.5,0.8571428571428571,1.0,0.0,6.0,6.0,2.0,2.0,0.0,0.0,0.0,1.0,0.0,0.0,0.0,0.0,PLAY_SUPPORTER,0.4,0.0,6,opponent,446
7.0,0.4,0.8571428571428571,1.0,0.0,6.0,6.0,2.0,1.0,0.0,0.0,0.0,1.0,0.0,0.0,0.0,0.0,PLAY_SUPPORTER,0.4,0.0,7,opponent,446
8.0,0.14285714285714285,0.8571428571428571,0.0,0.0,6.0,5.0,2.0,0.0,0.0,0.0,1.0,0.0,0.0,0.0,0.0,0.0,ATTACH_ENERGY,0.3,0.30000000000000027,8,opponent,446
1.0,1.0,1.0,1.0,0.0,6.0,6.0,0.0,2.0,0.0,0.0,0.0,1.0,0.0,0.0,0.0,0.0,PLAY_SUPPORTER,0.4,0.0,1,opponent,447
2.0,1.0,1.0,1.0,0.0,6.0,6.0,0.0,1.0,0.0,0.0,0.0,1.0,0.0,0.0,0.0,0.0,PLAY_SUPPORTER,0.4,0.0,2,opponent,447
3.0,0.5,1.0,1.0,0.0,6.0,6.0,0.0,0.0,0.0,0.0,0.0,0.0,0.0,0.0,0.0,1.0,PASS_TURN,0.0,0.0,3,opponent,447
4.0,0.25,1.0,1.0,0.0,6.0,6.0,0.0,0.0,0.0,1.0,0.0,0.0,0.0,0.0,0.0,0.0,RETREAT,-0.1,0.0,4,opponent,447
5.0,0.8333333333333334,1.0,1.0,0.0,6.0,6.0,0.0,0.0,0.0,0.0,0.0,0.0,0.0,0.0,0.0,1.0,PASS_TURN,0.0,0.0,5,opponent,447
6.0,0.6666666666666666,1.0,1.0,0.0,6.0,6.0,0.0,0.0,0.0,0.0,0.0,0.0,0.0,0.0,0.0,1.0,PASS_TURN,0.0,0.0,6,opponent,447
7.0,0.5,1.0,1.0,0.0,6.0,6.0,0.0,0.0,0.0,0.0,0.0,0.0,0.0,0.0,0.0,1.0,PASS_TURN,0.0,0.0,7,opponent,447
8.0,0.16666666666666666,1.0,1.0,0.0,6.0,6.0,0.0,0.0,0.0,1.0,0.0,0.0,0.0,0.0,0.0,0.0,RETREAT,-0.1,0.0,8,opponent,447
9.0,0.16666666666666666,1.0,0.0,0.0,6.0,5.0,0.0,0.0,0.0,0.0,0.0,0.0,0.0,0.0,0.0,1.0,PASS_TURN,0.0,0.0,9,opponent,447
10.0,0.16666666666666666,1.0,0.0,0.0,6.0,5.0,0.0,0.0,0.0,0.0,0.0,0.0,0.0,0.0,0.0,1.0,PASS_TURN,0.0,0.0,10,opponent,447
1.0,1.0,1.0,3.0,2.0,6.0,6.0,2.0,7.0,0.0,0.0,1.0,0.0,0.0,0.0,0.0,0.0,ATTACH_ENERGY,0.3,0.7000000000000002,1,opponent,448
2.0,0.8333333333333334,1.0,3.0,2.0,6.0,6.0,1.0,7.0,1.0,0.0,0.0,0.0,0.0,0.0,0.0,0.0,ATTACK,1.0,0.19999999999999973,2,opponent,448
3.0,0.3333333333333333,0.6666666666666666,3.0,2.0,6.0,6.0,1.0,7.0,0.0,0.0,1.0,0.0,0.0,0.0,0.0,0.0,ATTACH_ENERGY,0.3,0.7000000000000002,3,opponent,448
4.0,0.16666666666666666,0.6666666666666666,3.0,2.0,6.0,6.0,0.0,7.0,0.0,1.0,0.0,0.0,0.0,0.0,0.0,0.0,RETREAT,-0.1,0.0,4,opponent,448
5.0,0.8888888888888888,0.6666666666666666,3.0,2.0,6.0,6.0,0.0,7.0,0.0,0.0,0.0,1.0,0.0,0.0,0.0,0.0,PLAY_SUPPORTER,0.4,0.0,5,opponent,448
6.0,0.8888888888888888,0.6666666666666666,3.0,2.0,6.0,6.0,0.0,6.0,0.0,1.0,0.0,0.0,0.0,0.0,0.0,0.0,RETREAT,-0.1,0.0,6,opponent,448
7.0,0.75,0.6666666666666666,3.0,2.0,6.0,6.0,0.0,6.0,0.0,1.0,0.0,0.0,0.0,0.0,0.0,0.0,RETREAT,-0.1,0.0,7,opponent,448
8.0,0.75,0.6666666666666666,2.0,2.0,6.0,5.0,0.0,6.0,0.0,0.0,0.0,1.0,0.0,0.0,0.0,0.0,PLAY_SUPPORTER,0.4,0.0,8,opponent,448
9.0,0.75,0.6666666666666666,2.0,2.0,6.0,5.0,0.0,5.0,0.0,0.0,0.0,1.0,0.0,0.0,0.0,0.0,PLAY_SUPPORTER,0.4,0.0,9,opponent,448
10.0,0.5833333333333334,0.6666666666666666,2.0,2.0,6.0,5.0,0.0,4.0,0.0,0.0,0.0,1.0,0.0,0.0,0.0,0.0,PLAY_SUPPORTER,0.4,0.0,10,opponent,448
11.0,0.25,0.6666666666666666,2.0,2.0,6.0,5.0,0.0,3.0,0.0,1.0,0.0,0.0,0.0,0.0,0.0,0.0,RETREAT,-0.1,0.0,11,opponent,448
12.0,0.7142857142857143,0.6666666666666666,2.0,2.0,6.0,5.0,0.0,3.0,0.0,0.0,0.0,1.0,0.0,0.0,0.0,0.0,PLAY_SUPPORTER,0.4,0.0,12,opponent,448
13.0,0.5714285714285714,0.6666666666666666,2.0,2.0,6.0,5.0,0.0,2.0,0.0,0.0,0.0,1.0,0.0,0.0,0.0,0.0,PLAY_SUPPORTER,0.4,0.0,13,opponent,448
14.0,0.25,0.6666666666666666,1.0,2.0,6.0,4.0,0.0,1.0,0.0,1.0,0.0,0.0,0.0,0.0,0.0,0.0,RETREAT,-0.1,0.0,14,opponent,448
15.0,0.5555555555555556,0.6666666666666666,1.0,2.0,6.0,4.0,0.0,1.0,0.0,0.0,0.0,1.0,0.0,0.0,0.0,0.0,PLAY_SUPPORTER,0.4,0.0,15,opponent,448
16.0,0.1111111111111111,0.6666666666666666,1.0,2.0,6.0,4.0,0.0,0.0,0.0,1.0,0.0,0.0,0.0,0.0,0.0,0.0,RETREAT,-0.1,0.0,16,opponent,448
17.0,0.08333333333333333,0.6666666666666666,1.0,2.0,6.0,4.0,0.0,0.0,0.0,1.0,0.0,0.0,0.0,0.0,0.0,0.0,RETREAT,-0.1,0.0,17,opponent,448
18.0,0.08333333333333333,0.6666666666666666,0.0,2.0,6.0,3.0,0.0,0.0,0.0,0.0,0.0,0.0,0.0,0.0,0.0,1.0,PASS_TURN,0.0,0.0,18,opponent,448
1.0,1.0,1.0,3.0,2.0,6.0,6.0,3.0,3.0,0.0,0.0,1.0,0.0,0.0,0.0,0.0,0.0,ATTACH_ENERGY,0.3,0.7,1,opponent,449
2.0,0.9,1.0,3.0,2.0,6.0,6.0,2.0,3.0,0.0,0.0,1.0,0.0,0.0,0.0,0.0,0.0,ATTACH_ENERGY,0.3,0.7000000000000002,2,opponent,449
3.0,0.5,1.0,3.0,2.0,6.0,6.0,1.0,3.0,0.0,0.0,1.0,0.0,0.0,0.0,0.0,0.0,ATTACH_ENERGY,0.3,0.7000000000000002,3,opponent,449
4.0,0.5,1.0,3.0,2.0,6.0,6.0,0.0,3.0,1.0,0.0,0.0,0.0,0.0,0.0,0.0,0.0,ATTACK,2.5,0.5,4,opponent,449
5.0,0.5,0.5833333333333334,3.0,2.0,6.0,6.0,0.0,3.0,1.0,0.0,0.0,0.0,0.0,0.0,0.0,0.0,ATTACK,2.5,0.4999999999999998,5,opponent,449
6.0,0.2,0.16666666666666666,3.0,2.0,6.0,6.0,0.0,3.0,0.0,1.0,0.0,0.0,0.0,0.0,0.0,0.0,RETREAT,-0.1,0.0,6,opponent,449
7.0,0.6666666666666666,0.16666666666666666,3.0,2.0,6.0,6.0,0.0,3.0,0.0,1.0,0.0,0.0,0.0,0.0,0.0,0.0,RETREAT,-0.1,0.0,7,opponent,449
8.0,0.6666666666666666,0.16666666666666666,2.0,2.0,6.0,5.0,0.0,3.0,0.0,0.0,0.0,1.0,0.0,0.0,0.0,0.0,PLAY_SUPPORTER,0.4,0.0,8,opponent,449
9.0,1.0,0.16666666666666666,1.0,2.0,6.0,4.0,0.0,2.0,0.0,0.0,0.0,1.0,0.0,0.0,0.0,0.0,PLAY_SUPPORTER,0.4,0.0,9,opponent,449
10.0,0.9,0.16666666666666666,1.0,2.0,6.0,4.0,0.0,1.0,0.0,0.0,0.0,1.0,0.0,0.0,0.0,0.0,PLAY_SUPPORTER,0.4,0.0,10,opponent,449
11.0,0.8,0.16666666666666666,1.0,2.0,6.0,4.0,0.0,0.0,0.0,0.0,0.0,0.0,0.0,0.0,0.0,1.0,PASS_TURN,0.0,0.0,11,opponent,449
12.0,0.5,0.16666666666666666,1.0,2.0,6.0,4.0,0.0,0.0,0.0,0.0,0.0,0.0,0.0,0.0,0.0,1.0,PASS_TURN,0.0,0.0,12,opponent,449
13.0,0.2,0.16666666666666666,1.0,2.0,6.0,4.0,0.0,0.0,0.0,1.0,0.0,0.0,0.0,0.0,0.0,0.0,RETREAT,-0.1,0.0,13,opponent,449
14.0,0.75,0.16666666666666666,1.0,2.0,6.0,4.0,0.0,0.0,0.0,0.0,0.0,0.0,0.0,0.0,0.0,1.0,PASS_TURN,0.0,0.0,14,opponent,449
15.0,0.5833333333333334,0.16666666666666666,1.0,2.0,6.0,4.0,0.0,0.0,0.0,0.0,0.0,0.0,0.0,0.0,0.0,1.0,PASS_TURN,0.0,0.0,15,opponent,449
16.0,0.5,0.16666666666666666,1.0,2.0,6.0,4.0,0.0,0.0,0.0,0.0,0.0,0.0,0.0,0.0,0.0,1.0,PASS_TURN,0.0,0.0,16,opponent,449
17.0,0.25,0.16666666666666666,1.0,2.0,6.0,4.0,0.0,0.0,0.0,1.0,0.0,0.0,0.0,0.0,0.0,0.0,RETREAT,-0.1,0.0,17,opponent,449
18.0,0.25,0.16666666666666666,0.0,2.0,6.0,3.0,0.0,0.0,0.0,0.0,0.0,0.0,0.0,0.0,0.0,1.0,PASS_TURN,0.0,0.0,18,opponent,449
19.0,0.25,0.16666666666666666,0.0,2.0,6.0,3.0,0.0,0.0,0.0,0.0,0.0,0.0,0.0,0.0,0.0,1.0,PASS_TURN,0.0,0.0,19,opponent,449
20.0,0.08333333333333333,0.16666666666666666,0.0,2.0,6.0,3.0,0.0,0.0,0.0,0.0,0.0,0.0,0.0,0.0,0.0,1.0,PASS_TURN,0.0,0.0,20,opponent,449
1.0,1.0,1.0,1.0,3.0,6.0,6.0,2.0,4.0,0.0,0.0,1.0,0.0,0.0,0.0,0.0,0.0,ATTACH_ENERGY,0.3,0.7000000000000002,1,opponent,450
2.0,0.8888888888888888,1.0,1.0,3.0,6.0,6.0,1.0,4.0,0.0,0.0,1.0,0.0,0.0,0.0,0.0,0.0,ATTACH_ENERGY,0.3,0.7000000000000006,2,opponent,450
3.0,0.7777777777777778,1.0,1.0,3.0,6.0,6.0,0.0,4.0,0.0,0.0,0.0,0.0,0.0,0.0,0.0,1.0,PASS_TURN,0.0,0.0,3,opponent,450
4.0,0.7777777777777778,1.0,1.0,3.0,6.0,6.0,0.0,4.0,1.0,0.0,0.0,0.0,0.0,0.0,0.0,0.0,ATTACK,0.5,0.09999999999999964,4,opponent,450
5.0,0.3333333333333333,0.9285714285714286,1.0,3.0,6.0,6.0,0.0,4.0,0.0,0.0,0.0,1.0,0.0,0.0,0.0,0.0,PLAY_SUPPORTER,0.4,0.0,5,opponent,450
6.0,0.3333333333333333,0.9285714285714286,1.0,3.0,6.0,6.0,0.0,3.0,0.0,0.0,0.0,1.0,0.0,0.0,0.0,0.0,PLAY_SUPPORTER,0.4,0.0,6,opponent,450
7.0,1.0,0.9285714285714286,0.0,3.0,6.0,5.0,0.0,2.0,0.0,0.0,0.0,0.0,1.0,0.0,0.0,0.0,PLAY_BASIC_TO_BENCH,0.2,1.4,7,opponent,450
8.0,0.8888888888888888,0.9285714285714286,1.0,3.0,6.0,5.0,0.0,1.0,0.0,0.0,0.0,0.0,0.0,0.0,0.0,1.0,PASS_TURN,0.0,0.0,8,opponent,450
9.0,0.7777777777777778,0.9285714285714286,1.0,3.0,6.0,5.0,0.0,1.0,0.0,0.0,0.0,1.0,0.0,0.0,0.0,0.0,PLAY_SUPPORTER,0.4,0.0,9,opponent,450
10.0,0.6666666666666666,0.9285714285714286,1.0,3.0,6.0,5.0,0.0,0.0,0.0,0.0,0.0,0.0,0.0,0.0,0.0,1.0,PASS_TURN,0.0,0.0,10,opponent,450
11.0,0.3333333333333333,0.9285714285714286,1.0,3.0,6.0,5.0,0.0,0.0,0.0,0.0,0.0,0.0,0.0,0.0,0.0,1.0,PASS_TURN,0.0,0.0,11,opponent,450
12.0,1.0,0.9285714285714286,0.0,3.0,6.0,4.0,0.0,0.0,0.0,0.0,0.0,0.0,0.0,0.0,0.0,1.0,PASS_TURN,0.0,0.0,12,opponent,450
13.0,0.8888888888888888,0.9285714285714286,0.0,3.0,6.0,4.0,0.0,0.0,0.0,0.0,0.0,0.0,0.0,0.0,0.0,1.0,PASS_TURN,0.0,0.0,13,opponent,450
14.0,0.8888888888888888,0.9285714285714286,0.0,3.0,6.0,4.0,0.0,0.0,0.0,0.0,0.0,0.0,0.0,0.0,0.0,1.0,PASS_TURN,0.0,0.0,14,opponent,450
15.0,0.7777777777777778,0.9285714285714286,0.0,3.0,6.0,4.0,0.0,0.0,0.0,0.0,0.0,0.0,0.0,0.0,0.0,1.0,PASS_TURN,0.0,0.0,15,opponent,450
16.0,0.7777777777777778,0.9285714285714286,0.0,3.0,6.0,4.0,0.0,0.0,0.0,0.0,0.0,0.0,0.0,0.0,0.0,1.0,PASS_TURN,0.0,0.0,16,opponent,450
17.0,0.6666666666666666,0.9285714285714286,0.0,3.0,6.0,4.0,0.0,0.0,0.0,0.0,0.0,0.0,0.0,0.0,0.0,1.0,PASS_TURN,0.0,0.0,17,opponent,450
18.0,0.5555555555555556,0.9285714285714286,0.0,3.0,6.0,4.0,0.0,0.0,0.0,0.0,0.0,0.0,0.0,0.0,0.0,1.0,PASS_TURN,0.0,0.0,18,opponent,450
19.0,0.4444444444444444,0.9285714285714286,0.0,3.0,6.0,4.0,0.0,0.0,0.0,0.0,0.0,0.0,0.0,0.0,0.0,1.0,PASS_TURN,0.0,0.0,19,opponent,450
1.0,1.0,1.0,1.0,3.0,6.0,6.0,2.0,2.0,0.0,0.0,1.0,0.0,0.0,0.0,0.0,0.0,ATTACH_ENERGY,0.3,0.7000000000000002,1,opponent,451
2.0,0.5555555555555556,1.0,1.0,3.0,6.0,6.0,1.0,2.0,1.0,0.0,0.0,0.0,0.0,0.0,0.0,0.0,ATTACK,1.0,0.20000000000000018,2,opponent,451
3.0,0.2222222222222222,0.8333333333333334,1.0,3.0,6.0,6.0,1.0,2.0,0.0,1.0,0.0,0.0,0.0,0.0,0.0,0.0,RETREAT,-0.1,0.0,3,opponent,451
4.0,1.0,0.8333333333333334,1.0,3.0,6.0,6.0,1.0,2.0,0.0,0.0,0.0,1.0,0.0,0.0,0.0,0.0,PLAY_SUPPORTER,0.4,0.0,4,opponent,451
5.0,0.5,0.8333333333333334,1.0,3.0,6.0,6.0,1.0,1.0,0.0,0.0,0.0,1.0,0.0,0.0,0.0,0.0,PLAY_SUPPORTER,0.4,0.0,5,opponent,451
6.0,0.2222222222222222,0.8333333333333334,0.0,3.0,6.0,5.0,1.0,0.0,0.0,0.0,1.0,0.0,0.0,0.0,0.0,0.0,ATTACH_ENERGY,0.3,0.30000000000000004,6,opponent,451
1.0,1.0,1.0,3.0,2.0,6.0,6.0,3.0,2.0,0.0,0.0,1.0,0.0,0.0,0.0,0.0,0.0,ATTACH_ENERGY,0.3,0.7000000000000002,1,opponent,452
2.0,0.9166666666666666,1.0,3.0,2.0,6.0,6.0,2.0,2.0,0.0,0.0,1.0,0.0,0.0,0.0,0.0,0.0,ATTACH_ENERGY,0.3,0.6999999999999997,2,opponent,452
3.0,0.6666666666666666,1.0,3.0,2.0,6.0,6.0,1.0,2.0,1.0,0.0,0.0,0.0,0.0,0.0,0.0,0.0,ATTACK,1.5,0.2999999999999998,3,opponent,452
4.0,0.5,0.5714285714285714,3.0,2.0,6.0,6.0,1.0,2.0,1.0,0.0,0.0,0.0,0.0,0.0,0.0,0.0,ATTACK,1.5,0.2999999999999998,4,opponent,452
5.0,0.16666666666666666,0.14285714285714285,3.0,2.0,6.0,6.0,1.0,2.0,1.0,0.0,0.0,0.0,0.0,0.0,0.0,0.0,ATTACK,6.5,-2.4,5,opponent,452
6.0,1.0,1.0,2.0,1.0,5.0,5.0,1.0,2.0,0.0,0.0,0.0,1.0,0.0,0.0,0.0,0.0,PLAY_SUPPORTER,0.4,0.0,6,opponent,452
7.0,0.5,1.0,2.0,1.0,5.0,5.0,1.0,1.0,0.0,0.0,0.0,1.0,0.0,0.0,0.0,0.0,PLAY_SUPPORTER,0.4,0.0,7,opponent,452
8.0,0.16666666666666666,1.0,2.0,1.0,5.0,5.0,1.0,0.0,0.0,1.0,0.0,0.0,0.0,0.0,0.0,0.0,RETREAT,-0.1,0.0,8,opponent,452
9.0,0.5,1.0,2.0,1.0,5.0,5.0,1.0,0.0,0.0,0.0,1.0,0.0,0.0,0.0,0.0,0.0,ATTACH_ENERGY,0.3,0.3,9,opponent,452
10.0,0.25,1.0,2.0,1.0,5.0,5.0,0.0,0.0,0.0,1.0,0.0,0.0,0.0,0.0,0.0,0.0,RETREAT,-0.1,0.0,10,opponent,452
11.0,0.875,1.0,2.0,1.0,5.0,5.0,0.0,0.0,0.0,0.0,0.0,0.0,0.0,0.0,0.0,1.0,PASS_TURN,0.0,0.0,11,opponent,452
12.0,0.5,1.0,2.0,1.0,5.0,5.0,0.0,0.0,0.0,0.0,0.0,0.0,0.0,0.0,0.0,1.0,PASS_TURN,0.0,0.0,12,opponent,452
13.0,0.16666666666666666,1.0,1.0,1.0,5.0,4.0,0.0,0.0,0.0,1.0,0.0,0.0,0.0,0.0,0.0,0.0,RETREAT,-0.1,0.0,13,opponent,452
14.0,0.16666666666666666,1.0,0.0,1.0,5.0,3.0,0.0,0.0,0.0,0.0,0.0,0.0,0.0,0.0,0.0,1.0,PASS_TURN,0.0,0.0,14,opponent,452
1.0,1.0,1.0,0.0,2.0,6.0,6.0,2.0,6.0,0.0,0.0,1.0,0.0,0.0,0.0,0.0,0.0,ATTACH_ENERGY,0.3,0.6999999999999997,1,opponent,453
2.0,0.8333333333333334,1.0,0.0,2.0,6.0,6.0,1.0,6.0,0.0,0.0,1.0,0.0,0.0,0.0,0.0,0.0,ATTACH_ENERGY,0.3,0.7000000000000004,2,opponent,453
3.0,0.5,1.0,0.0,2.0,6.0,6.0,0.0,6.0,1.0,0.0,0.0,0.0,0.0,0.0,0.0,0.0,ATTACK,0.5,0.09999999999999964,3,opponent,453
4.0,0.5,0.8888888888888888,0.0,2.0,6.0,6.0,0.0,6.0,1.0,0.0,0.0,0.0,0.0,0.0,0.0,0.0,ATTACK,0.5,0.10000000000000009,4,opponent,453
5.0,0.4166666666666667,0.7777777777777778,0.0,2.0,6.0,6.0,0.0,6.0,1.0,0.0,0.0,0.0,0.0,0.0,0.0,0.0,ATTACK,0.5,0.10000000000000009,5,opponent,453
6.0,0.16666666666666666,0.6666666666666666,0.0,2.0,6.0,6.0,0.0,6.0,0.0,0.0,0.0,1.0,0.0,0.0,0.0,0.0,PLAY_SUPPORTER,0.4,0.0,6,opponent,453
1.0,1.0,1.0,0.0,1.0,6.0,6.0,2.0,3.0,0.0,0.0,0.0,1.0,0.0,0.0,0.0,0.0,PLAY_SUPPORTER,0.4,0.0,1,opponent,454
2.0,0.8571428571428571,1.0,0.0,1.0,6.0,6.0,2.0,2.0,0.0,0.0,1.0,0.0,0.0,0.0,0.0,0.0,ATTACH_ENERGY,0.3,0.7,2,opponent,454
3.0,0.8571428571428571,1.0,0.0,1.0,6.0,6.0,1.0,2.0,0.0,0.0,1.0,0.0,0.0,0.0,0.0,0.0,ATTACH_ENERGY,0.3,0.7000000000000001,3,opponent,454
4.0,0.6428571428571429,1.0,0.0,1.0,6.0,6.0,0.0,2.0,1.0,0.0,0.0,0.0,0.0,0.0,0.0,0.0,ATTACK,0.5,0.09999999999999987,4,opponent,454
5.0,0.5,0.8888888888888888,0.0,1.0,6.0,6.0,0.0,2.0,0.0,0.0,0.0,0.0,0.0,0.0,0.0,1.0,PASS_TURN,0.0,0.0,5,opponent,454
6.0,0.5,0.8888888888888888,0.0,1.0,6.0,6.0,0.0,2.0,1.0,0.0,0.0,0.0,0.0,0.0,0.0,0.0,ATTACK,0.5,0.10000000000000009,6,opponent,454
7.0,0.2857142857142857,0.7777777777777778,0.0,1.0,6.0,6.0,0.0,2.0,0.0,0.0,0.0,1.0,0.0,0.0,0.0,0.0,PLAY_SUPPORTER,0.4,0.0,7,opponent,454
8.0,0.21428571428571427,0.7777777777777778,0.0,1.0,6.0,6.0,0.0,1.0,0.0,0.0,0.0,1.0,0.0,0.0,0.0,0.0,PLAY_SUPPORTER,0.4,0.0,8,opponent,454
1.0,1.0,1.0,2.0,0.0,6.0,6.0,2.0,6.0,0.0,0.0,1.0,0.0,0.0,0.0,0.0,0.0,ATTACH_ENERGY,0.3,0.6999999999999997,1,me,455
2.0,0.7,1.0,2.0,0.0,6.0,6.0,1.0,6.0,0.0,0.0,1.0,0.0,0.0,0.0,0.0,0.0,ATTACH_ENERGY,0.3,0.7000000000000006,2,me,455
3.0,0.3,1.0,2.0,0.0,6.0,6.0,0.0,6.0,1.0,0.0,0.0,0.0,0.0,0.0,0.0,0.0,ATTACK,1.5,0.30000000000000027,3,me,455
4.0,0.2,0.7857142857142857,2.0,0.0,6.0,6.0,0.0,6.0,1.0,0.0,0.0,0.0,0.0,0.0,0.0,0.0,ATTACK,1.5,0.3000000000000007,4,me,455
5.0,0.2,0.5714285714285714,2.0,0.0,6.0,6.0,0.0,6.0,1.0,0.0,0.0,0.0,0.0,0.0,0.0,0.0,ATTACK,1.5,0.2999999999999998,5,me,455
6.0,1.0,0.35714285714285715,1.0,0.0,6.0,5.0,0.0,6.0,1.0,0.0,0.0,0.0,0.0,0.0,0.0,0.0,ATTACK,1.0,0.20000000000000018,6,me,455
7.0,0.75,0.21428571428571427,1.0,0.0,6.0,5.0,0.0,6.0,1.0,0.0,0.0,0.0,0.0,0.0,0.0,0.0,ATTACK,1.0,0.20000000000000018,7,me,455
8.0,0.75,0.07142857142857142,1.0,0.0,6.0,5.0,0.0,6.0,1.0,0.0,0.0,0.0,0.0,0.0,0.0,0.0,ATTACK,6.0,-2.9000000000000004,8,me,455
1.0,1.0,1.0,0.0,1.0,6.0,6.0,1.0,4.0,0.0,0.0,1.0,0.0,0.0,0.0,0.0,0.0,ATTACH_ENERGY,0.3,0.7000000000000001,1,opponent,456
2.0,0.3333333333333333,1.0,0.0,1.0,6.0,6.0,0.0,4.0,0.0,0.0,0.0,1.0,0.0,0.0,0.0,0.0,PLAY_SUPPORTER,0.4,0.0,2,opponent,456
1.0,1.0,1.0,2.0,1.0,6.0,6.0,0.0,5.0,0.0,0.0,0.0,1.0,0.0,0.0,0.0,0.0,PLAY_SUPPORTER,0.4,0.0,1,opponent,457
2.0,0.6,1.0,2.0,1.0,6.0,6.0,0.0,4.0,0.0,0.0,0.0,1.0,0.0,0.0,0.0,0.0,PLAY_SUPPORTER,0.4,0.0,2,opponent,457
3.0,0.2,1.0,2.0,1.0,6.0,6.0,0.0,3.0,0.0,1.0,0.0,0.0,0.0,0.0,0.0,0.0,RETREAT,-0.1,0.0,3,opponent,457
4.0,0.5714285714285714,1.0,2.0,1.0,6.0,6.0,0.0,3.0,0.0,0.0,0.0,1.0,0.0,0.0,0.0,0.0,PLAY_SUPPORTER,0.4,0.0,4,opponent,457
5.0,0.2,1.0,1.0,1.0,6.0,5.0,0.0,2.0,0.0,1.0,0.0,0.0,0.0,0.0,0.0,0.0,RETREAT,-0.1,0.0,5,opponent,457
6.0,0.7777777777777778,1.0,1.0,1.0,6.0,5.0,0.0,2.0,0.0,0.0,0.0,1.0,0.0,0.0,0.0,0.0,PLAY_SUPPORTER,0.4,0.0,6,opponent,457
7.0,0.3333333333333333,1.0,1.0,1.0,6.0,5.0,0.0,1.0,0.0,0.0,0.0,1.0,0.0,0.0,0.0,0.0,PLAY_SUPPORTER,0.4,0.0,7,opponent,457
8.0,0.2,1.0,0.0,1.0,6.0,4.0,0.0,0.0,0.0,0.0,0.0,0.0,0.0,0.0,0.0,1.0,PASS_TURN,0.0,0.0,8,opponent,457
1.0,1.0,1.0,3.0,3.0,6.0,6.0,1.0,7.0,0.0,0.0,1.0,0.0,0.0,0.0,0.0,0.0,ATTACH_ENERGY,0.3,0.7000000000000002,1,opponent,458
2.0,0.7857142857142857,1.0,3.0,3.0,6.0,6.0,0.0,7.0,1.0,0.0,0.0,0.0,0.0,0.0,0.0,0.0,ATTACK,1.0,0.19999999999999973,2,opponent,458
3.0,0.5714285714285714,0.7777777777777778,3.0,3.0,6.0,6.0,0.0,7.0,1.0,0.0,0.0,0.0,0.0,0.0,0.0,0.0,ATTACK,1.0,0.20000000000000018,3,opponent,458
4.0,0.42857142857142855,0.5555555555555556,3.0,3.0,6.0,6.0,0.0,7.0,1.0,0.0,0.0,0.0,0.0,0.0,0.0,0.0,ATTACK,1.0,0.20000000000000018,4,opponent,458
5.0,0.42857142857142855,0.3333333333333333,3.0,3.0,6.0,6.0,0.0,7.0,1.0,0.0,0.0,0.0,0.0,0.0,0.0,0.0,ATTACK,1.0,0.20000000000000018,5,opponent,458
6.0,0.21428571428571427,0.1111111111111111,3.0,3.0,6.0,6.0,0.0,7.0,0.0,1.0,0.0,0.0,0.0,0.0,0.0,0.0,RETREAT,-0.1,0.0,6,opponent,458
7.0,0.9285714285714286,0.1111111111111111,3.0,3.0,6.0,6.0,0.0,7.0,0.0,0.0,0.0,1.0,0.0,0.0,0.0,0.0,PLAY_SUPPORTER,0.4,0.0,7,opponent,458
8.0,0.8571428571428571,0.1111111111111111,3.0,3.0,6.0,6.0,0.0,6.0,0.0,0.0,0.0,1.0,0.0,0.0,0.0,0.0,PLAY_SUPPORTER,0.4,0.0,8,opponent,458
9.0,0.7142857142857143,0.1111111111111111,3.0,3.0,6.0,6.0,0.0,5.0,0.0,0.0,0.0,1.0,0.0,0.0,0.0,0.0,PLAY_SUPPORTER,0.4,0.0,9,opponent,458
10.0,0.6428571428571429,0.1111111111111111,3.0,3.0,6.0,6.0,0.0,4.0,0.0,0.0,0.0,1.0,0.0,0.0,0.0,0.0,PLAY_SUPPORTER,0.4,0.0,10,opponent,458
11.0,0.5,0.1111111111111111,3.0,3.0,6.0,6.0,0.0,3.0,0.0,0.0,0.0,1.0,0.0,0.0,0.0,0.0,PLAY_SUPPORTER,0.4,0.0,11,opponent,458
12.0,0.42857142857142855,0.1111111111111111,3.0,3.0,6.0,6.0,0.0,2.0,0.0,0.0,0.0,1.0,0.0,0.0,0.0,0.0,PLAY_SUPPORTER,0.4,0.0,12,opponent,458
13.0,0.35714285714285715,0.1111111111111111,3.0,3.0,6.0,6.0,0.0,1.0,0.0,0.0,0.0,1.0,0.0,0.0,0.0,0.0,PLAY_SUPPORTER,0.4,0.0,13,opponent,458
14.0,0.2857142857142857,0.1111111111111111,3.0,3.0,6.0,6.0,0.0,0.0,0.0,1.0,0.0,0.0,0.0,0.0,0.0,0.0,RETREAT,-0.1,0.0,14,opponent,458
15.0,0.21428571428571427,0.1111111111111111,3.0,3.0,6.0,6.0,0.0,0.0,1.0,0.0,0.0,0.0,0.0,0.0,0.0,0.0,ATTACK,6.0,-2.4,15,opponent,458
16.0,0.21428571428571427,1.0,3.0,2.0,5.0,6.0,0.0,0.0,0.0,1.0,0.0,0.0,0.0,0.0,0.0,0.0,RETREAT,-0.1,0.0,16,opponent,458
17.0,0.2857142857142857,1.0,3.0,2.0,5.0,6.0,0.0,0.0,0.0,1.0,0.0,0.0,0.0,0.0,0.0,0.0,RETREAT,-0.1,0.0,17,opponent,458
18.0,0.6666666666666666,1.0,3.0,2.0,5.0,6.0,0.0,0.0,0.0,0.0,0.0,0.0,0.0,0.0,0.0,1.0,PASS_TURN,0.0,0.0,18,opponent,458
19.0,0.16666666666666666,1.0,3.0,2.0,5.0,6.0,0.0,0.0,0.0,1.0,0.0,0.0,0.0,0.0,0.0,0.0,RETREAT,-0.1,0.0,19,opponent,458
20.0,0.21428571428571427,1.0,3.0,2.0,5.0,6.0,0.0,0.0,0.0,1.0,0.0,0.0,0.0,0.0,0.0,0.0,RETREAT,-0.1,0.0,20,opponent,458
21.0,0.21428571428571427,1.0,2.0,2.0,5.0,5.0,0.0,0.0,0.0,1.0,0.0,0.0,0.0,0.0,0.0,0.0,RETREAT,-0.1,0.0,21,opponent,458
22.0,0.21428571428571427,1.0,2.0,2.0,5.0,5.0,0.0,0.0,0.0,0.0,0.0,0.0,0.0,0.0,0.0,1.0,PASS_TURN,0.0,0.0,22,opponent,458
23.0,0.21428571428571427,1.0,1.0,2.0,5.0,4.0,0.0,0.0,0.0,1.0,0.0,0.0,0.0,0.0,0.0,0.0,RETREAT,-0.1,0.0,23,opponent,458
24.0,0.6666666666666666,1.0,1.0,2.0,5.0,4.0,0.0,0.0,0.0,0.0,0.0,0.0,0.0,0.0,0.0,1.0,PASS_TURN,0.0,0.0,24,opponent,458
25.0,0.5555555555555556,1.0,1.0,2.0,5.0,4.0,0.0,0.0,0.0,0.0,0.0,0.0,0.0,0.0,0.0,1.0,PASS_TURN,0.0,0.0,25,opponent,458
26.0,0.5555555555555556,1.0,1.0,2.0,5.0,4.0,0.0,0.0,0.0,0.0,0.0,0.0,0.0,0.0,0.0,1.0,PASS_TURN,0.0,0.0,26,opponent,458
27.0,0.3333333333333333,1.0,1.0,2.0,5.0,4.0,0.0,0.0,0.0,0.0,0.0,0.0,0.0,0.0,0.0,1.0,PASS_TURN,0.0,0.0,27,opponent,458
28.0,0.2222222222222222,1.0,1.0,2.0,5.0,4.0,0.0,0.0,0.0,1.0,0.0,0.0,0.0,0.0,0.0,0.0,RETREAT,-0.1,0.0,28,opponent,458
29.0,0.21428571428571427,1.0,1.0,2.0,5.0,4.0,0.0,0.0,1.0,0.0,0.0,0.0,0.0,0.0,0.0,0.0,ATTACK,1.0,0.20000000000000018,29,opponent,458
30.0,0.21428571428571427,0.8333333333333334,1.0,2.0,5.0,4.0,0.0,0.0,0.0,1.0,0.0,0.0,0.0,0.0,0.0,0.0,RETREAT,-0.1,0.0,30,opponent,458
31.0,0.1111111111111111,0.8333333333333334,1.0,2.0,5.0,4.0,0.0,0.0,0.0,1.0,0.0,0.0,0.0,0.0,0.0,0.0,RETREAT,-0.1,0.0,31,opponent,458
32.0,0.07142857142857142,0.8333333333333334,1.0,2.0,5.0,4.0,0.0,0.0,0.0,1.0,0.0,0.0,0.0,0.0,0.0,0.0,RETREAT,-0.1,0.0,32,opponent,458
33.0,0.07142857142857142,0.8333333333333334,0.0,2.0,5.0,3.0,0.0,0.0,1.0,0.0,0.0,0.0,0.0,0.0,0.0,0.0,ATTACK,1.0,0.19999999999999973,33,opponent,458
1.0,1.0,1.0,3.0,2.0,6.0,6.0,2.0,6.0,0.0,0.0,1.0,0.0,0.0,0.0,0.0,0.0,ATTACH_ENERGY,0.3,0.7000000000000002,1,opponent,459
2.0,0.3333333333333333,1.0,3.0,2.0,6.0,6.0,1.0,6.0,0.0,0.0,1.0,0.0,0.0,0.0,0.0,0.0,ATTACH_ENERGY,0.3,0.7000000000000002,2,opponent,459
3.0,1.0,1.0,2.0,2.0,6.0,5.0,0.0,6.0,0.0,0.0,0.0,1.0,0.0,0.0,0.0,0.0,PLAY_SUPPORTER,0.4,0.0,3,opponent,459
4.0,0.3333333333333333,1.0,2.0,2.0,6.0,5.0,0.0,5.0,0.0,0.0,0.0,1.0,0.0,0.0,0.0,0.0,PLAY_SUPPORTER,0.4,0.0,4,opponent,459
5.0,1.0,1.0,1.0,2.0,6.0,4.0,0.0,4.0,0.0,0.0,0.0,1.0,0.0,0.0,0.0,0.0,PLAY_SUPPORTER,0.4,0.0,5,opponent,459
6.0,0.8333333333333334,1.0,1.0,2.0,6.0,4.0,0.0,3.0,0.0,0.0,0.0,1.0,0.0,0.0,0.0,0.0,PLAY_SUPPORTER,0.4,0.0,6,opponent,459
7.0,0.5,1.0,1.0,2.0,6.0,4.0,0.0,2.0,0.0,0.0,0.0,1.0,0.0,0.0,0.0,0.0,PLAY_SUPPORTER,0.4,0.0,7,opponent,459
8.0,0.4166666666666667,1.0,1.0,2.0,6.0,4.0,0.0,1.0,0.0,0.0,0.0,1.0,0.0,0.0,0.0,0.0,PLAY_SUPPORTER,0.4,0.0,8,opponent,459
9.0,0.4166666666666667,1.0,1.0,2.0,6.0,4.0,0.0,0.0,0.0,0.0,0.0,0.0,0.0,0.0,0.0,1.0,PASS_TURN,0.0,0.0,9,opponent,459
10.0,0.4166666666666667,1.0,1.0,2.0,6.0,4.0,0.0,0.0,0.0,0.0,0.0,0.0,0.0,0.0,0.0,1.0,PASS_TURN,0.0,0.0,10,opponent,459
11.0,0.3333333333333333,1.0,1.0,2.0,6.0,4.0,0.0,0.0,0.0,0.0,0.0,0.0,0.0,0.0,0.0,1.0,PASS_TURN,0.0,0.0,11,opponent,459
12.0,0.08333333333333333,1.0,1.0,2.0,6.0,4.0,0.0,0.0,0.0,1.0,0.0,0.0,0.0,0.0,0.0,0.0,RETREAT,-0.1,0.0,12,opponent,459
13.0,0.7857142857142857,1.0,1.0,2.0,6.0,4.0,0.0,0.0,0.0,0.0,0.0,0.0,0.0,0.0,0.0,1.0,PASS_TURN,0.0,0.0,13,opponent,459
14.0,0.7142857142857143,1.0,1.0,2.0,6.0,4.0,0.0,0.0,0.0,0.0,0.0,0.0,0.0,0.0,0.0,1.0,PASS_TURN,0.0,0.0,14,opponent,459
15.0,0.5714285714285714,1.0,1.0,2.0,6.0,4.0,0.0,0.0,0.0,0.0,0.0,0.0,0.0,0.0,0.0,1.0,PASS_TURN,0.0,0.0,15,opponent,459
16.0,0.5,1.0,1.0,2.0,6.0,4.0,0.0,0.0,0.0,0.0,0.0,0.0,0.0,0.0,0.0,1.0,PASS_TURN,0.0,0.0,16,opponent,459
17.0,0.5,1.0,1.0,2.0,6.0,4.0,0.0,0.0,0.0,1.0,0.0,0.0,0.0,0.0,0.0,0.0,RETREAT,-0.1,0.0,17,opponent,459
18.0,0.5,1.0,0.0,2.0,6.0,3.0,0.0,0.0,0.0,0.0,0.0,0.0,0.0,0.0,0.0,1.0,PASS_TURN,0.0,0.0,18,opponent,459
19.0,0.5,1.0,0.0,2.0,6.0,3.0,0.0,0.0,0.0,0.0,0.0,0.0,0.0,0.0,0.0,1.0,PASS_TURN,0.0,0.0,19,opponent,459
20.0,0.42857142857142855,1.0,0.0,2.0,6.0,3.0,0.0,0.0,0.0,0.0,0.0,0.0,0.0,0.0,0.0,1.0,PASS_TURN,0.0,0.0,20,opponent,459
21.0,0.14285714285714285,1.0,0.0,2.0,6.0,3.0,0.0,0.0,0.0,0.0,0.0,0.0,0.0,0.0,0.0,1.0,PASS_TURN,0.0,0.0,21,opponent,459
1.0,1.0,1.0,3.0,0.0,6.0,6.0,0.0,7.0,0.0,0.0,0.0,1.0,0.0,0.0,0.0,0.0,PLAY_SUPPORTER,0.4,0.0,1,opponent,460
2.0,0.7777777777777778,1.0,3.0,0.0,6.0,6.0,0.0,6.0,0.0,0.0,0.0,1.0,0.0,0.0,0.0,0.0,PLAY_SUPPORTER,0.4,0.0,2,opponent,460
3.0,0.7777777777777778,1.0,3.0,0.0,6.0,6.0,0.0,5.0,0.0,0.0,0.0,1.0,0.0,0.0,0.0,0.0,PLAY_SUPPORTER,0.4,0.0,3,opponent,460
4.0,0.3333333333333333,1.0,3.0,0.0,6.0,6.0,0.0,4.0,0.0,0.0,0.0,1.0,0.0,0.0,0.0,0.0,PLAY_SUPPORTER,0.4,0.0,4,opponent,460
5.0,1.0,1.0,2.0,0.0,6.0,5.0,0.0,3.0,0.0,0.0,0.0,1.0,0.0,0.0,0.0,0.0,PLAY_SUPPORTER,0.4,0.0,5,opponent,460
6.0,0.6666666666666666,1.0,2.0,0.0,6.0,5.0,0.0,2.0,0.0,0.0,0.0,1.0,0.0,0.0,0.0,0.0,PLAY_SUPPORTER,0.4,0.0,6,opponent,460
7.0,0.5,1.0,2.0,0.0,6.0,5.0,0.0,1.0,0.0,0.0,0.0,1.0,0.0,0.0,0.0,0.0,PLAY_SUPPORTER,0.4,0.0,7,opponent,460
8.0,0.16666666666666666,1.0,2.0,0.0,6.0,5.0,0.0,0.0,0.0,1.0,0.0,0.0,0.0,0.0,0.0,0.0,RETREAT,-0.1,0.0,8,opponent,460
9.0,0.7142857142857143,1.0,2.0,0.0,6.0,5.0,0.0,0.0,0.0,0.0,0.0,0.0,0.0,0.0,0.0,1.0,PASS_TURN,0.0,0.0,9,opponent,460
10.0,0.2857142857142857,1.0,2.0,0.0,6.0,5.0,0.0,0.0,0.0,1.0,0.0,0.0,0.0,0.0,0.0,0.0,RETREAT,-0.1,0.0,10,opponent,460
11.0,0.2857142857142857,1.0,1.0,0.0,6.0,4.0,0.0,0.0,0.0,1.0,0.0,0.0,0.0,0.0,0.0,0.0,RETREAT,-0.1,0.0,11,opponent,460
12.0,0.7142857142857143,1.0,1.0,0.0,6.0,4.0,0.0,0.0,0.0,0.0,0.0,0.0,0.0,0.0,0.0,1.0,PASS_TURN,0.0,0.0,12,opponent,460
13.0,0.5,1.0,1.0,0.0,6.0,4.0,0.0,0.0,0.0,0.0,0.0,0.0,0.0,0.0,0.0,1.0,PASS_TURN,0.0,0.0,13,opponent,460
14.0,0.42857142857142855,1.0,1.0,0.0,6.0,4.0,0.0,0.0,0.0,0.0,0.0,0.0,0.0,0.0,0.0,1.0,PASS_TURN,0.0,0.0,14,opponent,460
15.0,0.21428571428571427,1.0,1.0,0.0,6.0,4.0,0.0,0.0,0.0,0.0,0.0,0.0,0.0,0.0,0.0,1.0,PASS_TURN,0.0,0.0,15,opponent,460
16.0,0.2857142857142857,1.0,0.0,0.0,6.0,3.0,0.0,0.0,0.0,0.0,0.0,0.0,0.0,0.0,0.0,1.0,PASS_TURN,0.0,0.0,16,opponent,460
17.0,0.2857142857142857,1.0,0.0,0.0,6.0,3.0,0.0,0.0,0.0,0.0,0.0,0.0,0.0,0.0,0.0,1.0,PASS_TURN,0.0,0.0,17,opponent,460
1.0,1.0,1.0,0.0,2.0,6.0,6.0,3.0,4.0,0.0,0.0,1.0,0.0,0.0,0.0,0.0,0.0,ATTACH_ENERGY,0.3,0.6999999999999997,1,opponent,461
2.0,0.6666666666666666,1.0,0.0,2.0,6.0,6.0,2.0,4.0,0.0,0.0,1.0,0.0,0.0,0.0,0.0,0.0,ATTACH_ENERGY,0.3,0.7000000000000006,2,opponent,461
3.0,0.5,1.0,0.0,2.0,6.0,6.0,1.0,4.0,0.0,0.0,1.0,0.0,0.0,0.0,0.0,0.0,ATTACH_ENERGY,0.3,0.7000000000000002,3,opponent,461
1.0,1.0,1.0,1.0,0.0,6.0,6.0,2.0,3.0,0.0,0.0,1.0,0.0,0.0,0.0,0.0,0.0,ATTACH_ENERGY,0.3,0.6999999999999997,1,opponent,462
2.0,0.7142857142857143,1.0,1.0,0.0,6.0,6.0,1.0,3.0,1.0,0.0,0.0,0.0,0.0,0.0,0.0,0.0,ATTACK,1.0,0.19999999999999973,2,opponent,462
3.0,0.14285714285714285,0.8,1.0,0.0,6.0,6.0,1.0,3.0,1.0,0.0,0.0,0.0,0.0,0.0,0.0,0.0,ATTACK,1.0,0.19999999999999996,3,opponent,462
4.0,1.0,0.6,0.0,0.0,6.0,5.0,1.0,3.0,0.0,0.0,0.0,1.0,0.0,0.0,0.0,0.0,PLAY_SUPPORTER,0.4,0.0,4,opponent,462
5.0,0.8,0.6,0.0,0.0,6.0,5.0,1.0,2.0,0.0,0.0,0.0,1.0,0.0,0.0,0.0,0.0,PLAY_SUPPORTER,0.4,0.0,5,opponent,462
6.0,0.7,0.6,0.0,0.0,6.0,5.0,1.0,1.0,0.0,0.0,0.0,1.0,0.0,0.0,0.0,0.0,PLAY_SUPPORTER,0.4,0.0,6,opponent,462
7.0,0.5,0.6,0.0,0.0,6.0,5.0,1.0,0.0,0.0,0.0,1.0,0.0,0.0,0.0,0.0,0.0,ATTACH_ENERGY,0.3,0.2999999999999998,7,opponent,462
8.0,0.1,0.6,0.0,0.0,6.0,5.0,0.0,0.0,0.0,0.0,0.0,0.0,0.0,0.0,0.0,1.0,PASS_TURN,0.0,0.0,8,opponent,462
1.0,1.0,1.0,1.0,0.0,6.0,6.0,0.0,6.0,0.0,0.0,0.0,1.0,0.0,0.0,0.0,0.0,PLAY_SUPPORTER,0.4,0.0,1,opponent,463
2.0,1.0,1.0,1.0,0.0,6.0,6.0,0.0,5.0,0.0,1.0,0.0,0.0,0.0,0.0,0.0,0.0,RETREAT,-0.1,0.0,2,opponent,463
3.0,1.0,1.0,1.0,0.0,6.0,6.0,0.0,5.0,0.0,0.0,0.0,1.0,0.0,0.0,0.0,0.0,PLAY_SUPPORTER,0.4,0.0,3,opponent,463
4.0,0.42857142857142855,1.0,1.0,0.0,6.0,6.0,0.0,4.0,0.0,0.0,0.0,1.0,0.0,0.0,0.0,0.0,PLAY_SUPPORTER,0.4,0.0,4,opponent,463
5.0,1.0,1.0,0.0,0.0,6.0,5.0,0.0,3.0,0.0,0.0,0.0,1.0,0.0,0.0,0.0,0.0,PLAY_SUPPORTER,0.4,0.0,5,opponent,463
6.0,0.8,1.0,0.0,0.0,6.0,5.0,0.0,2.0,0.0,0.0,0.0,1.0,0.0,0.0,0.0,0.0,PLAY_SUPPORTER,0.4,0.0,6,opponent,463
7.0,0.4,1.0,0.0,0.0,6.0,5.0,0.0,1.0,0.0,0.0,0.0,1.0,0.0,0.0,0.0,0.0,PLAY_SUPPORTER,0.4,0.0,7,opponent,463
8.0,0.2,1.0,0.0,0.0,6.0,5.0,0.0,0.0,0.0,0.0,0.0,0.0,0.0,0.0,0.0,1.0,PASS_TURN,0.0,0.0,8,opponent,463
1.0,1.0,1.0,1.0,2.0,6.0,6.0,3.0,5.0,0.0,0.0,1.0,0.0,0.0,0.0,0.0,0.0,ATTACH_ENERGY,0.3,0.7000000000000002,1,opponent,464
2.0,1.0,1.0,1.0,2.0,6.0,6.0,2.0,5.0,0.0,0.0,1.0,0.0,0.0,0.0,0.0,0.0,ATTACH_ENERGY,0.3,0.7000000000000001,2,opponent,464
3.0,0.8888888888888888,1.0,1.0,2.0,6.0,6.0,1.0,5.0,0.0,0.0,1.0,0.0,0.0,0.0,0.0,0.0,ATTACH_ENERGY,0.3,0.6999999999999997,3,opponent,464
4.0,0.7777777777777778,1.0,1.0,2.0,6.0,6.0,0.0,5.0,1.0,0.0,0.0,0.0,0.0,0.0,0.0,0.0,ATTACK,3.0,0.5999999999999999,4,opponent,464
5.0,0.3333333333333333,0.4,1.0,2.0,6.0,6.0,0.0,5.0,1.0,0.0,0.0,0.0,0.0,0.0,0.0,0.0,ATTACK,8.0,-2.1,5,opponent,464
6.0,0.2222222222222222,1.0,1.0,1.0,5.0,6.0,0.0,5.0,1.0,0.0,0.0,0.0,0.0,0.0,0.0,0.0,ATTACK,3.0,0.6000000000000001,6,opponent,464
7.0,1.0,0.5714285714285714,0.0,1.0,5.0,5.0,0.0,5.0,0.0,0.0,0.0,0.0,0.0,0.0,0.0,1.0,PASS_TURN,0.0,0.0,7,opponent,464
8.0,1.0,0.5714285714285714,0.0,1.0,5.0,5.0,0.0,5.0,0.0,0.0,0.0,1.0,0.0,0.0,0.0,0.0,PLAY_SUPPORTER,0.4,0.0,8,opponent,464
9.0,0.8333333333333334,0.5714285714285714,0.0,1.0,5.0,5.0,0.0,4.0,0.0,0.0,0.0,1.0,0.0,0.0,0.0,0.0,PLAY_SUPPORTER,0.4,0.0,9,opponent,464
10.0,0.75,0.5714285714285714,0.0,1.0,5.0,5.0,0.0,3.0,0.0,0.0,0.0,1.0,0.0,0.0,0.0,0.0,PLAY_SUPPORTER,0.4,0.0,10,opponent,464
11.0,0.6666666666666666,0.5714285714285714,0.0,1.0,5.0,5.0,0.0,2.0,0.0,0.0,0.0,1.0,0.0,0.0,0.0,0.0,PLAY_SUPPORTER,0.4,0.0,11,opponent,464
12.0,0.3333333333333333,0.5714285714285714,0.0,1.0,5.0,5.0,0.0,1.0,0.0,0.0,0.0,1.0,0.0,0.0,0.0,0.0,PLAY_SUPPORTER,0.4,0.0,12,opponent,464
13.0,0.16666666666666666,0.5714285714285714,0.0,1.0,5.0,5.0,0.0,0.0,0.0,0.0,0.0,0.0,0.0,0.0,0.0,1.0,PASS_TURN,0.0,0.0,13,opponent,464
14.0,0.16666666666666666,0.5714285714285714,0.0,1.0,5.0,5.0,0.0,0.0,0.0,0.0,0.0,0.0,0.0,0.0,0.0,1.0,PASS_TURN,0.0,0.0,14,opponent,464
15.0,0.16666666666666666,0.5714285714285714,0.0,1.0,5.0,5.0,0.0,0.0,0.0,0.0,0.0,0.0,0.0,0.0,0.0,1.0,PASS_TURN,0.0,0.0,15,opponent,464
1.0,1.0,1.0,1.0,1.0,6.0,6.0,3.0,5.0,0.0,0.0,1.0,0.0,0.0,0.0,0.0,0.0,ATTACH_ENERGY,0.3,0.7000000000000001,1,opponent,465
2.0,0.6666666666666666,1.0,1.0,1.0,6.0,6.0,2.0,5.0,0.0,0.0,1.0,0.0,0.0,0.0,0.0,0.0,ATTACH_ENERGY,0.3,0.7000000000000002,2,opponent,465
3.0,0.5,1.0,1.0,1.0,6.0,6.0,1.0,5.0,0.0,0.0,1.0,0.0,0.0,0.0,0.0,0.0,ATTACH_ENERGY,0.3,0.7000000000000002,3,opponent,465
4.0,0.16666666666666666,1.0,1.0,1.0,6.0,6.0,0.0,5.0,0.0,1.0,0.0,0.0,0.0,0.0,0.0,0.0,RETREAT,-0.1,0.0,4,opponent,465
5.0,0.7857142857142857,1.0,1.0,1.0,6.0,6.0,0.0,5.0,0.0,0.0,0.0,1.0,0.0,0.0,0.0,0.0,PLAY_SUPPORTER,0.4,0.0,5,opponent,465
6.0,0.6428571428571429,1.0,1.0,1.0,6.0,6.0,0.0,4.0,0.0,0.0,0.0,1.0,0.0,0.0,0.0,0.0,PLAY_SUPPORTER,0.4,0.0,6,opponent,465
7.0,0.5,1.0,1.0,1.0,6.0,6.0,0.0,3.0,0.0,0.0,0.0,1.0,0.0,0.0,0.0,0.0,PLAY_SUPPORTER,0.4,0.0,7,opponent,465
8.0,0.2857142857142857,1.0,1.0,1.0,6.0,6.0,0.0,2.0,0.0,1.0,0.0,0.0,0.0,0.0,0.0,0.0,RETREAT,-0.1,0.0,8,opponent,465
9.0,0.2857142857142857,1.0,0.0,1.0,6.0,5.0,0.0,2.0,0.0,0.0,0.0,1.0,0.0,0.0,0.0,0.0,PLAY_SUPPORTER,0.4,0.0,9,opponent,465
1.0,1.0,1.0,0.0,3.0,6.0,6.0,2.0,2.0,0.0,0.0,1.0,0.0,0.0,0.0,0.0,0.0,ATTACH_ENERGY,0.3,0.7000000000000002,1,opponent,466
2.0,0.6666666666666666,1.0,0.0,3.0,6.0,6.0,1.0,2.0,1.0,0.0,0.0,0.0,0.0,0.0,0.0,0.0,ATTACK,1.0,0.20000000000000018,2,opponent,466
3.0,0.6666666666666666,0.8571428571428571,0.0,3.0,6.0,6.0,1.0,2.0,1.0,0.0,0.0,0.0,0.0,0.0,0.0,0.0,ATTACK,1.0,0.20000000000000018,3,opponent,466
1.0,1.0,1.0,2.0,1.0,6.0,6.0,2.0,5.0,0.0,0.0,1.0,0.0,0.0,0.0,0.0,0.0,ATTACH_ENERGY,0.3,0.7000000000000002,1,opponent,467
2.0,0.7777777777777778,1.0,2.0,1.0,6.0,6.0,1.0,5.0,0.0,0.0,1.0,0.0,0.0,0.0,0.0,0.0,ATTACH_ENERGY,0.3,0.7000000000000002,2,opponent,467
3.0,0.5555555555555556,1.0,2.0,1.0,6.0,6.0,0.0,5.0,1.0,0.0,0.0,0.0,0.0,0.0,0.0,0.0,ATTACK,0.5,0.10000000000000009,3,opponent,467
4.0,0.1111111111111111,0.8888888888888888,2.0,1.0,6.0,6.0,0.0,5.0,0.0,1.0,0.0,0.0,0.0,0.0,0.0,0.0,RETREAT,-0.1,0.0,4,opponent,467
5.0,0.8571428571428571,0.8888888888888888,2.0,1.0,6.0,6.0,0.0,5.0,0.0,0.0,0.0,1.0,0.0,0.0,0.0,0.0,PLAY_SUPPORTER,0.4,0.0,5,opponent,467
6.0,0.5714285714285714,0.8888888888888888,2.0,1.0,6.0,6.0,0.0,4.0,0.0,0.0,0.0,1.0,0.0,0.0,0.0,0.0,PLAY_SUPPORTER,0.4,0.0,6,opponent,467
7.0,0.35714285714285715,0.8888888888888888,2.0,1.0,6.0,6.0,0.0,3.0,0.0,0.0,0.0,1.0,0.0,0.0,0.0,0.0,PLAY_SUPPORTER,0.4,0.0,7,opponent,467
8.0,0.35714285714285715,0.8888888888888888,2.0,1.0,6.0,6.0,0.0,2.0,0.0,0.0,0.0,1.0,0.0,0.0,0.0,0.0,PLAY_SUPPORTER,0.4,0.0,8,opponent,467
9.0,0.21428571428571427,0.8888888888888888,2.0,1.0,6.0,6.0,0.0,1.0,0.0,1.0,0.0,0.0,0.0,0.0,0.0,0.0,RETREAT,-0.1,0.0,9,opponent,467
10.0,0.21428571428571427,0.8888888888888888,1.0,1.0,6.0,5.0,0.0,1.0,0.0,1.0,0.0,0.0,0.0,0.0,0.0,0.0,RETREAT,-0.1,0.0,10,opponent,467
11.0,0.5714285714285714,0.8888888888888888,1.0,1.0,6.0,5.0,0.0,1.0,0.0,0.0,0.0,1.0,0.0,0.0,0.0,0.0,PLAY_SUPPORTER,0.4,0.0,11,opponent,467
12.0,0.14285714285714285,0.8888888888888888,1.0,1.0,6.0,5.0,0.0,0.0,0.0,0.0,0.0,0.0,0.0,0.0,0.0,1.0,PASS_TURN,0.0,0.0,12,opponent,467
13.0,0.21428571428571427,0.8888888888888888,0.0,1.0,6.0,4.0,0.0,0.0,0.0,0.0,0.0,0.0,0.0,0.0,0.0,1.0,PASS_TURN,0.0,0.0,13,opponent,467
1.0,1.0,1.0,2.0,0.0,6.0,6.0,2.0,2.0,0.0,0.0,1.0,0.0,0.0,0.0,0.0,0.0,ATTACH_ENERGY,0.3,0.7000000000000002,1,me,468
2.0,0.8888888888888888,1.0,2.0,0.0,6.0,6.0,1.0,2.0,1.0,0.0,0.0,0.0,0.0,0.0,0.0,0.0,ATTACK,1.5,0.2999999999999998,2,me,468
3.0,0.5555555555555556,0.5,2.0,0.0,6.0,6.0,1.0,2.0,0.0,0.0,0.0,0.0,1.0,0.0,0.0,0.0,PLAY_BASIC_TO_BENCH,0.2,1.8999999999999995,3,me,468
4.0,0.2222222222222222,0.5,3.0,0.0,6.0,6.0,1.0,1.0,1.0,0.0,0.0,0.0,0.0,0.0,0.0,0.0,ATTACK,6.5,-2.7000000000000006,4,me,468
1.0,1.0,1.0,3.0,1.0,6.0,6.0,1.0,4.0,0.0,0.0,1.0,0.0,0.0,0.0,0.0,0.0,ATTACH_ENERGY,0.3,0.6999999999999997,1,opponent,469
2.0,1.0,1.0,3.0,1.0,6.0,6.0,0.0,4.0,1.0,0.0,0.0,0.0,0.0,0.0,0.0,0.0,ATTACK,1.5,0.2999999999999994,2,opponent,469
3.0,0.3333333333333333,0.6666666666666666,3.0,1.0,6.0,6.0,0.0,4.0,0.0,1.0,0.0,0.0,0.0,0.0,0.0,0.0,RETREAT,-0.1,0.0,3,opponent,469
4.0,0.8,0.6666666666666666,3.0,1.0,6.0,6.0,0.0,4.0,0.0,0.0,0.0,1.0,0.0,0.0,0.0,0.0,PLAY_SUPPORTER,0.4,0.0,4,opponent,469
5.0,0.8,0.6666666666666666,3.0,1.0,6.0,6.0,0.0,3.0,0.0,1.0,0.0,0.0,0.0,0.0,0.0,0.0,RETREAT,-0.1,0.0,5,opponent,469
6.0,0.875,0.6666666666666666,3.0,1.0,6.0,6.0,0.0,3.0,0.0,0.0,0.0,1.0,0.0,0.0,0.0,0.0,PLAY_SUPPORTER,0.4,0.0,6,opponent,469
7.0,0.375,0.6666666666666666,3.0,1.0,6.0,6.0,0.0,2.0,0.0,0.0,0.0,1.0,0.0,0.0,0.0,0.0,PLAY_SUPPORTER,0.4,0.0,7,opponent,469
8.0,0.8,0.6666666666666666,2.0,1.0,6.0,5.0,0.0,1.0,0.0,0.0,0.0,1.0,0.0,0.0,0.0,0.0,PLAY_SUPPORTER,0.4,0.0,8,opponent,469
9.0,0.5,0.6666666666666666,2.0,1.0,6.0,5.0,0.0,0.0,0.0,0.0,0.0,0.0,0.0,0.0,0.0,1.0,PASS_TURN,0.0,0.0,9,opponent,469
10.0,0.3,0.6666666666666666,2.0,1.0,6.0,5.0,0.0,0.0,0.0,0.0,0.0,0.0,0.0,0.0,0.0,1.0,PASS_TURN,0.0,0.0,10,opponent,469
11.0,1.0,0.6666666666666666,1.0,1.0,6.0,4.0,0.0,0.0,0.0,0.0,0.0,0.0,0.0,0.0,0.0,1.0,PASS_TURN,0.0,0.0,11,opponent,469
12.0,0.6666666666666666,0.6666666666666666,1.0,1.0,6.0,4.0,0.0,0.0,0.0,0.0,0.0,0.0,0.0,0.0,0.0,1.0,PASS_TURN,0.0,0.0,12,opponent,469
13.0,0.6666666666666666,0.6666666666666666,1.0,1.0,6.0,4.0,0.0,0.0,0.0,0.0,0.0,0.0,0.0,0.0,0.0,1.0,PASS_TURN,0.0,0.0,13,opponent,469
14.0,0.4444444444444444,0.6666666666666666,1.0,1.0,6.0,4.0,0.0,0.0,0.0,0.0,0.0,0.0,0.0,0.0,0.0,1.0,PASS_TURN,0.0,0.0,14,opponent,469
15.0,0.3333333333333333,0.6666666666666666,1.0,1.0,6.0,4.0,0.0,0.0,0.0,0.0,0.0,0.0,0.0,0.0,0.0,1.0,PASS_TURN,0.0,0.0,15,opponent,469
16.0,0.3333333333333333,0.6666666666666666,0.0,1.0,6.0,3.0,0.0,0.0,1.0,0.0,0.0,0.0,0.0,0.0,0.0,0.0,ATTACK,1.5,0.2999999999999998,16,opponent,469
17.0,0.3333333333333333,0.3333333333333333,0.0,1.0,6.0,3.0,0.0,0.0,1.0,0.0,0.0,0.0,0.0,0.0,0.0,0.0,ATTACK,6.5,-2.2,17,opponent,469
18.0,0.16666666666666666,1.0,0.0,0.0,5.0,3.0,0.0,0.0,0.0,0.0,0.0,0.0,0.0,0.0,0.0,1.0,PASS_TURN,0.0,0.0,18,opponent,469
1.0,1.0,1.0,1.0,3.0,6.0,6.0,0.0,5.0,0.0,0.0,0.0,1.0,0.0,0.0,0.0,0.0,PLAY_SUPPORTER,0.4,0.0,1,opponent,470
2.0,0.75,1.0,1.0,3.0,6.0,6.0,0.0,4.0,0.0,0.0,0.0,1.0,0.0,0.0,0.0,0.0,PLAY_SUPPORTER,0.4,0.0,2,opponent,470
3.0,0.625,1.0,1.0,3.0,6.0,6.0,0.0,3.0,0.0,0.0,0.0,1.0,0.0,0.0,0.0,0.0,PLAY_SUPPORTER,0.4,0.0,3,opponent,470
4.0,0.5,1.0,1.0,3.0,6.0,6.0,0.0,2.0,0.0,0.0,0.0,1.0,0.0,0.0,0.0,0.0,PLAY_SUPPORTER,0.4,0.0,4,opponent,470
5.0,0.375,1.0,1.0,3.0,6.0,6.0,0.0,1.0,0.0,0.0,0.0,1.0,0.0,0.0,0.0,0.0,PLAY_SUPPORTER,0.4,0.0,5,opponent,470
6.0,0.25,1.0,1.0,3.0,6.0,6.0,0.0,0.0,0.0,1.0,0.0,0.0,0.0,0.0,0.0,0.0,RETREAT,-0.1,0.0,6,opponent,470
7.0,0.7857142857142857,1.0,1.0,3.0,6.0,6.0,0.0,0.0,0.0,0.0,0.0,0.0,0.0,0.0,0.0,1.0,PASS_TURN,0.0,0.0,7,opponent,470
8.0,0.6428571428571429,1.0,1.0,3.0,6.0,6.0,0.0,0.0,0.0,1.0,0.0,0.0,0.0,0.0,0.0,0.0,RETREAT,-0.1,0.0,8,opponent,470
9.0,0.6428571428571429,1.0,0.0,3.0,6.0,5.0,0.0,0.0,0.0,0.0,0.0,0.0,0.0,0.0,0.0,1.0,PASS_TURN,0.0,0.0,9,opponent,470
10.0,0.35714285714285715,1.0,0.0,3.0,6.0,5.0,0.0,0.0,0.0,0.0,0.0,0.0,0.0,0.0,0.0,1.0,PASS_TURN,0.0,0.0,10,opponent,470
11.0,0.21428571428571427,1.0,0.0,3.0,6.0,5.0,0.0,0.0,0.0,0.0,0.0,0.0,0.0,0.0,0.0,1.0,PASS_TURN,0.0,0.0,11,opponent,470
1.0,1.0,1.0,2.0,0.0,6.0,6.0,0.0,3.0,0.0,1.0,0.0,0.0,0.0,0.0,0.0,0.0,RETREAT,-0.1,0.0,1,opponent,471
2.0,0.7142857142857143,1.0,2.0,0.0,6.0,6.0,0.0,3.0,0.0,0.0,0.0,1.0,0.0,0.0,0.0,0.0,PLAY_SUPPORTER,0.4,0.0,2,opponent,471
3.0,0.7142857142857143,1.0,2.0,0.0,6.0,6.0,0.0,2.0,0.0,0.0,0.0,1.0,0.0,0.0,0.0,0.0,PLAY_SUPPORTER,0.4,0.0,3,opponent,471
4.0,0.42857142857142855,1.0,2.0,0.0,6.0,6.0,0.0,1.0,0.0,0.0,0.0,1.0,0.0,0.0,0.0,0.0,PLAY_SUPPORTER,0.4,0.0,4,opponent,471
5.0,0.42857142857142855,1.0,2.0,0.0,6.0,6.0,0.0,0.0,0.0,0.0,0.0,0.0,0.0,0.0,0.0,1.0,PASS_TURN,0.0,0.0,5,opponent,471
6.0,0.35714285714285715,1.0,2.0,0.0,6.0,6.0,0.0,0.0,0.0,0.0,0.0,0.0,0.0,0.0,0.0,1.0,PASS_TURN,0.0,0.0,6,opponent,471
7.0,0.2857142857142857,1.0,2.0,0.0,6.0,6.0,0.0,0.0,0.0,1.0,0.0,0.0,0.0,0.0,0.0,0.0,RETREAT,-0.1,0.0,7,opponent,471
8.0,0.8333333333333334,1.0,2.0,0.0,6.0,6.0,0.0,0.0,0.0,0.0,0.0,0.0,0.0,0.0,0.0,1.0,PASS_TURN,0.0,0.0,8,opponent,471
9.0,0.8333333333333334,1.0,2.0,0.0,6.0,6.0,0.0,0.0,0.0,0.0,0.0,0.0,0.0,0.0,0.0,1.0,PASS_TURN,0.0,0.0,9,opponent,471
10.0,0.5,1.0,2.0,0.0,6.0,6.0,0.0,0.0,0.0,0.0,0.0,0.0,0.0,0.0,0.0,1.0,PASS_TURN,0.0,0.0,10,opponent,471
11.0,0.3333333333333333,1.0,2.0,0.0,6.0,6.0,0.0,0.0,0.0,0.0,0.0,0.0,0.0,0.0,0.0,1.0,PASS_TURN,0.0,0.0,11,opponent,471
12.0,0.3333333333333333,1.0,2.0,0.0,6.0,6.0,0.0,0.0,0.0,0.0,0.0,0.0,0.0,0.0,0.0,1.0,PASS_TURN,0.0,0.0,12,opponent,471
13.0,0.3333333333333333,1.0,2.0,0.0,6.0,6.0,0.0,0.0,0.0,0.0,0.0,0.0,0.0,0.0,0.0,1.0,PASS_TURN,0.0,0.0,13,opponent,471
14.0,0.3333333333333333,1.0,2.0,0.0,6.0,6.0,0.0,0.0,0.0,0.0,0.0,0.0,0.0,0.0,0.0,1.0,PASS_TURN,0.0,0.0,14,opponent,471
15.0,0.16666666666666666,1.0,2.0,0.0,6.0,6.0,0.0,0.0,0.0,1.0,0.0,0.0,0.0,0.0,0.0,0.0,RETREAT,-0.1,0.0,15,opponent,471
16.0,0.21428571428571427,1.0,2.0,0.0,6.0,6.0,0.0,0.0,0.0,0.0,0.0,0.0,0.0,0.0,0.0,1.0,PASS_TURN,0.0,0.0,16,opponent,471
17.0,0.16666666666666666,1.0,1.0,0.0,6.0,5.0,0.0,0.0,0.0,1.0,0.0,0.0,0.0,0.0,0.0,0.0,RETREAT,-0.1,0.0,17,opponent,471
18.0,0.6666666666666666,1.0,1.0,0.0,6.0,5.0,0.0,0.0,0.0,0.0,0.0,0.0,0.0,0.0,0.0,1.0,PASS_TURN,0.0,0.0,18,opponent,471
19.0,0.6666666666666666,1.0,1.0,0.0,6.0,5.0,0.0,0.0,0.0,0.0,0.0,0.0,0.0,0.0,0.0,1.0,PASS_TURN,0.0,0.0,19,opponent,471
20.0,0.6666666666666666,1.0,1.0,0.0,6.0,5.0,0.0,0.0,0.0,0.0,0.0,0.0,0.0,0.0,0.0,1.0,PASS_TURN,0.0,0.0,20,opponent,471
21.0,0.6666666666666666,1.0,1.0,0.0,6.0,5.0,0.0,0.0,0.0,0.0,0.0,0.0,0.0,0.0,0.0,1.0,PASS_TURN,0.0,0.0,21,opponent,471
22.0,0.4444444444444444,1.0,1.0,0.0,6.0,5.0,0.0,0.0,0.0,0.0,0.0,0.0,0.0,0.0,0.0,1.0,PASS_TURN,0.0,0.0,22,opponent,471
23.0,0.2222222222222222,1.0,1.0,0.0,6.0,5.0,0.0,0.0,0.0,1.0,0.0,0.0,0.0,0.0,0.0,0.0,RETREAT,-0.1,0.0,23,opponent,471
24.0,0.16666666666666666,1.0,1.0,0.0,6.0,5.0,0.0,0.0,0.0,1.0,0.0,0.0,0.0,0.0,0.0,0.0,RETREAT,-0.1,0.0,24,opponent,471
25.0,0.16666666666666666,1.0,0.0,0.0,6.0,4.0,0.0,0.0,0.0,0.0,0.0,0.0,0.0,0.0,0.0,1.0,PASS_TURN,0.0,0.0,25,opponent,471
1.0,1.0,1.0,3.0,2.0,6.0,6.0,2.0,3.0,0.0,0.0,1.0,0.0,0.0,0.0,0.0,0.0,ATTACH_ENERGY,0.3,0.6999999999999997,1,opponent,472
2.0,0.5,1.0,3.0,2.0,6.0,6.0,1.0,3.0,1.0,0.0,0.0,0.0,0.0,0.0,0.0,0.0,ATTACK,1.5,0.2999999999999994,2,opponent,472
3.0,0.375,0.7,3.0,2.0,6.0,6.0,1.0,3.0,0.0,0.0,0.0,0.0,1.0,0.0,0.0,0.0,PLAY_BASIC_TO_BENCH,0.2,1.5999999999999996,3,opponent,472
4.0,1.0,0.7,3.0,2.0,6.0,5.0,1.0,2.0,0.0,0.0,0.0,1.0,0.0,0.0,0.0,0.0,PLAY_SUPPORTER,0.4,0.0,4,opponent,472
5.0,0.8571428571428571,0.7,3.0,2.0,6.0,5.0,1.0,1.0,0.0,0.0,0.0,1.0,0.0,0.0,0.0,0.0,PLAY_SUPPORTER,0.4,0.0,5,opponent,472
6.0,0.2857142857142857,0.7,3.0,2.0,6.0,5.0,1.0,0.0,0.0,1.0,0.0,0.0,0.0,0.0,0.0,0.0,RETREAT,-0.1,0.0,6,opponent,472
7.0,0.9285714285714286,0.7,3.0,2.0,6.0,5.0,1.0,0.0,0.0,0.0,1.0,0.0,0.0,0.0,0.0,0.0,ATTACH_ENERGY,0.3,0.2999999999999998,7,opponent,472
8.0,0.8571428571428571,0.7,3.0,2.0,6.0,5.0,0.0,0.0,1.0,0.0,0.0,0.0,0.0,0.0,0.0,0.0,ATTACK,1.5,0.2999999999999998,8,opponent,472
9.0,0.7142857142857143,0.4,3.0,2.0,6.0,5.0,0.0,0.0,1.0,0.0,0.0,0.0,0.0,0.0,0.0,0.0,ATTACK,1.5,0.2999999999999998,9,opponent,472
10.0,0.42857142857142855,0.1,3.0,2.0,6.0,5.0,0.0,0.0,1.0,0.0,0.0,0.0,0.0,0.0,0.0,0.0,ATTACK,6.5,-2.4000000000000004,10,opponent,472
11.0,0.14285714285714285,1.0,3.0,1.0,5.0,5.0,0.0,0.0,1.0,0.0,0.0,0.0,0.0,0.0,0.0,0.0,ATTACK,1.5,0.2999999999999998,11,opponent,472
12.0,1.0,0.5,2.0,1.0,5.0,4.0,0.0,0.0,0.0,1.0,0.0,0.0,0.0,0.0,0.0,0.0,RETREAT,-0.1,0.0,12,opponent,472
13.0,0.14285714285714285,0.5,2.0,1.0,5.0,4.0,0.0,0.0,0.0,1.0,0.0,0.0,0.0,0.0,0.0,0.0,RETREAT,-0.1,0.0,13,opponent,472
14.0,0.9285714285714286,0.5,2.0,1.0,5.0,4.0,0.0,0.0,0.0,0.0,0.0,0.0,0.0,0.0,0.0,1.0,PASS_TURN,0.0,0.0,14,opponent,472
15.0,0.7142857142857143,0.5,2.0,1.0,5.0,4.0,0.0,0.0,0.0,0.0,0.0,0.0,0.0,0.0,0.0,1.0,PASS_TURN,0.0,0.0,15,opponent,472
16.0,0.5714285714285714,0.5,2.0,1.0,5.0,4.0,0.0,0.0,0.0,0.0,0.0,0.0,0.0,0.0,0.0,1.0,PASS_TURN,0.0,0.0,16,opponent,472
17.0,0.5,0.5,2.0,1.0,5.0,4.0,0.0,0.0,0.0,1.0,0.0,0.0,0.0,0.0,0.0,0.0,RETREAT,-0.1,0.0,17,opponent,472
18.0,0.5,0.5,1.0,1.0,5.0,3.0,0.0,0.0,0.0,0.0,0.0,0.0,0.0,0.0,0.0,1.0,PASS_TURN,0.0,0.0,18,opponent,472
19.0,0.35714285714285715,0.5,1.0,1.0,5.0,3.0,0.0,0.0,0.0,0.0,0.0,0.0,0.0,0.0,0.0,1.0,PASS_TURN,0.0,0.0,19,opponent,472
20.0,0.35714285714285715,0.5,1.0,1.0,5.0,3.0,0.0,0.0,0.0,0.0,0.0,0.0,0.0,0.0,0.0,1.0,PASS_TURN,0.0,0.0,20,opponent,472
21.0,0.35714285714285715,0.5,1.0,1.0,5.0,3.0,0.0,0.0,0.0,0.0,0.0,0.0,0.0,0.0,0.0,1.0,PASS_TURN,0.0,0.0,21,opponent,472
22.0,0.35714285714285715,0.5,1.0,1.0,5.0,3.0,0.0,0.0,0.0,0.0,0.0,0.0,0.0,0.0,0.0,1.0,PASS_TURN,0.0,0.0,22,opponent,472
23.0,0.2857142857142857,0.5,1.0,1.0,5.0,3.0,0.0,0.0,0.0,1.0,0.0,0.0,0.0,0.0,0.0,0.0,RETREAT,-0.1,0.0,23,opponent,472
24.0,0.7142857142857143,0.5,1.0,1.0,5.0,3.0,0.0,0.0,0.0,0.0,0.0,0.0,0.0,0.0,0.0,1.0,PASS_TURN,0.0,0.0,24,opponent,472
25.0,0.5714285714285714,0.5,1.0,1.0,5.0,3.0,0.0,0.0,0.0,0.0,0.0,0.0,0.0,0.0,0.0,1.0,PASS_TURN,0.0,0.0,25,opponent,472
26.0,0.2857142857142857,0.5,1.0,1.0,5.0,3.0,0.0,0.0,0.0,1.0,0.0,0.0,0.0,0.0,0.0,0.0,RETREAT,-0.1,0.0,26,opponent,472
27.0,0.21428571428571427,0.5,1.0,1.0,5.0,3.0,0.0,0.0,0.0,1.0,0.0,0.0,0.0,0.0,0.0,0.0,RETREAT,-0.1,0.0,27,opponent,472
28.0,0.21428571428571427,0.5,0.0,1.0,5.0,2.0,0.0,0.0,0.0,0.0,0.0,0.0,0.0,0.0,0.0,1.0,PASS_TURN,0.0,0.0,28,opponent,472
29.0,0.14285714285714285,0.5,0.0,1.0,5.0,2.0,0.0,0.0,0.0,0.0,0.0,0.0,0.0,0.0,0.0,1.0,PASS_TURN,0.0,0.0,29,opponent,472
30.0,0.07142857142857142,0.5,0.0,1.0,5.0,2.0,0.0,0.0,0.0,0.0,0.0,0.0,0.0,0.0,0.0,1.0,PASS_TURN,0.0,0.0,30,opponent,472
1.0,1.0,1.0,1.0,2.0,6.0,6.0,0.0,4.0,0.0,0.0,0.0,1.0,0.0,0.0,0.0,0.0,PLAY_SUPPORTER,0.4,0.0,1,opponent,473
2.0,0.8,1.0,1.0,2.0,6.0,6.0,0.0,3.0,0.0,0.0,0.0,1.0,0.0,0.0,0.0,0.0,PLAY_SUPPORTER,0.4,0.0,2,opponent,473
3.0,0.4,1.0,1.0,2.0,6.0,6.0,0.0,2.0,0.0,0.0,0.0,1.0,0.0,0.0,0.0,0.0,PLAY_SUPPORTER,0.4,0.0,3,opponent,473
4.0,0.4,1.0,1.0,2.0,6.0,6.0,0.0,1.0,0.0,0.0,0.0,1.0,0.0,0.0,0.0,0.0,PLAY_SUPPORTER,0.4,0.0,4,opponent,473
5.0,0.2,1.0,1.0,2.0,6.0,6.0,0.0,0.0,0.0,1.0,0.0,0.0,0.0,0.0,0.0,0.0,RETREAT,-0.1,0.0,5,opponent,473
6.0,0.875,1.0,1.0,2.0,6.0,6.0,0.0,0.0,0.0,0.0,0.0,0.0,0.0,0.0,0.0,1.0,PASS_TURN,0.0,0.0,6,opponent,473
7.0,0.625,1.0,1.0,2.0,6.0,6.0,0.0,0.0,0.0,0.0,0.0,0.0,0.0,0.0,0.0,1.0,PASS_TURN,0.0,0.0,7,opponent,473
8.0,0.625,1.0,1.0,2.0,6.0,6.0,0.0,0.0,0.0,0.0,0.0,0.0,0.0,0.0,0.0,1.0,PASS_TURN,0.0,0.0,8,opponent,473
9.0,0.625,1.0,1.0,2.0,6.0,6.0,0.0,0.0,0.0,0.0,0.0,0.0,0.0,0.0,0.0,1.0,PASS_TURN,0.0,0.0,9,opponent,473
10.0,0.625,1.0,1.0,2.0,6.0,6.0,0.0,0.0,0.0,0.0,0.0,0.0,0.0,0.0,0.0,1.0,PASS_TURN,0.0,0.0,10,opponent,473
11.0,0.625,1.0,1.0,2.0,6.0,6.0,0.0,0.0,0.0,0.0,0.0,0.0,0.0,0.0,0.0,1.0,PASS_TURN,0.0,0.0,11,opponent,473
12.0,0.5,1.0,1.0,2.0,6.0,6.0,0.0,0.0,0.0,0.0,0.0,0.0,0.0,0.0,0.0,1.0,PASS_TURN,0.0,0.0,12,opponent,473
13.0,0.125,1.0,1.0,2.0,6.0,6.0,0.0,0.0,0.0,1.0,0.0,0.0,0.0,0.0,0.0,0.0,RETREAT,-0.1,0.0,13,opponent,473
14.0,0.1,1.0,1.0,2.0,6.0,6.0,0.0,0.0,0.0,1.0,0.0,0.0,0.0,0.0,0.0,0.0,RETREAT,-0.1,0.0,14,opponent,473
15.0,0.1,1.0,0.0,2.0,6.0,5.0,0.0,0.0,0.0,0.0,0.0,0.0,0.0,0.0,0.0,1.0,PASS_TURN,0.0,0.0,15,opponent,473
1.0,1.0,1.0,2.0,1.0,6.0,6.0,1.0,3.0,0.0,0.0,1.0,0.0,0.0,0.0,0.0,0.0,ATTACH_ENERGY,0.3,0.7000000000000002,1,opponent,474
2.0,0.875,1.0,2.0,1.0,6.0,6.0,0.0,3.0,1.0,0.0,0.0,0.0,0.0,0.0,0.0,0.0,ATTACK,0.5,0.09999999999999964,2,opponent,474
3.0,0.5,0.8571428571428571,2.0,1.0,6.0,6.0,0.0,3.0,1.0,0.0,0.0,0.0,0.0,0.0,0.0,0.0,ATTACK,0.5,0.09999999999999964,3,opponent,474
4.0,0.125,0.7142857142857143,2.0,1.0,6.0,6.0,0.0,3.0,0.0,0.0,0.0,0.0,0.0,0.0,0.0,1.0,PASS_TURN,0.0,0.0,4,opponent,474
5.0,0.125,0.7142857142857143,2.0,1.0,6.0,6.0,0.0,3.0,0.0,1.0,0.0,0.0,0.0,0.0,0.0,0.0,RETREAT,-0.1,0.0,5,opponent,474
6.0,0.6666666666666666,0.7142857142857143,2.0,1.0,6.0,6.0,0.0,3.0,0.0,0.0,0.0,0.0,0.0,0.0,0.0,1.0,PASS_TURN,0.0,0.0,6,opponent,474
7.0,0.5833333333333334,0.7142857142857143,2.0,1.0,6.0,6.0,0.0,3.0,0.0,0.0,0.0,1.0,0.0,0.0,0.0,0.0,PLAY_SUPPORTER,0.4,0.0,7,opponent,474
8.0,0.5,0.7142857142857143,2.0,1.0,6.0,6.0,0.0,2.0,0.0,0.0,0.0,1.0,0.0,0.0,0.0,0.0,PLAY_SUPPORTER,0.4,0.0,8,opponent,474
9.0,0.3333333333333333,0.7142857142857143,2.0,1.0,6.0,6.0,0.0,1.0,0.0,0.0,0.0,1.0,0.0,0.0,0.0,0.0,PLAY_SUPPORTER,0.4,0.0,9,opponent,474
10.0,0.08333333333333333,0.7142857142857143,2.0,1.0,6.0,6.0,0.0,0.0,0.0,1.0,0.0,0.0,0.0,0.0,0.0,0.0,RETREAT,-0.1,0.0,10,opponent,474
11.0,0.125,0.7142857142857143,2.0,1.0,6.0,6.0,0.0,0.0,0.0,1.0,0.0,0.0,0.0,0.0,0.0,0.0,RETREAT,-0.1,0.0,11,opponent,474
12.0,0.125,0.7142857142857143,1.0,1.0,6.0,5.0,0.0,0.0,0.0,1.0,0.0,0.0,0.0,0.0,0.0,0.0,RETREAT,-0.1,0.0,12,opponent,474
13.0,0.5714285714285714,0.7142857142857143,1.0,1.0,6.0,5.0,0.0,0.0,0.0,0.0,0.0,0.0,0.0,0.0,0.0,1.0,PASS_TURN,0.0,0.0,13,opponent,474
14.0,0.2857142857142857,0.7142857142857143,1.0,1.0,6.0,5.0,0.0,0.0,0.0,1.0,0.0,0.0,0.0,0.0,0.0,0.0,RETREAT,-0.1,0.0,14,opponent,474
15.0,0.2857142857142857,0.7142857142857143,0.0,1.0,6.0,4.0,0.0,0.0,0.0,0.0,0.0,0.0,0.0,0.0,0.0,1.0,PASS_TURN,0.0,0.0,15,opponent,474
16.0,0.2857142857142857,0.7142857142857143,0.0,1.0,6.0,4.0,0.0,0.0,0.0,0.0,0.0,0.0,0.0,0.0,0.0,1.0,PASS_TURN,0.0,0.0,16,opponent,474
1.0,1.0,1.0,3.0,0.0,6.0,6.0,2.0,7.0,0.0,0.0,1.0,0.0,0.0,0.0,0.0,0.0,ATTACH_ENERGY,0.3,0.7000000000000002,1,me,475
2.0,0.8333333333333334,1.0,3.0,0.0,6.0,6.0,1.0,7.0,1.0,0.0,0.0,0.0,0.0,0.0,0.0,0.0,ATTACK,1.0,0.20000000000000018,2,me,475
3.0,0.8333333333333334,0.8571428571428571,3.0,0.0,6.0,6.0,1.0,7.0,0.0,0.0,1.0,0.0,0.0,0.0,0.0,0.0,ATTACH_ENERGY,0.3,0.7000000000000002,3,me,475
4.0,0.8333333333333334,0.8571428571428571,3.0,0.0,6.0,6.0,0.0,7.0,1.0,0.0,0.0,0.0,0.0,0.0,0.0,0.0,ATTACK,1.0,0.20000000000000018,4,me,475
5.0,0.6666666666666666,0.7142857142857143,3.0,0.0,6.0,6.0,0.0,7.0,1.0,0.0,0.0,0.0,0.0,0.0,0.0,0.0,ATTACK,1.0,0.20000000000000018,5,me,475
6.0,0.5,0.5714285714285714,3.0,0.0,6.0,6.0,0.0,7.0,1.0,0.0,0.0,0.0,0.0,0.0,0.0,0.0,ATTACK,1.0,0.20000000000000018,6,me,475
7.0,0.5,0.42857142857142855,3.0,0.0,6.0,6.0,0.0,7.0,1.0,0.0,0.0,0.0,0.0,0.0,0.0,0.0,ATTACK,1.0,0.1999999999999993,7,me,475
8.0,0.16666666666666666,0.2857142857142857,3.0,0.0,6.0,6.0,0.0,7.0,0.0,1.0,0.0,0.0,0.0,0.0,0.0,0.0,RETREAT,-0.1,0.0,8,me,475
9.0,0.5,0.2857142857142857,3.0,0.0,6.0,6.0,0.0,7.0,0.0,1.0,0.0,0.0,0.0,0.0,0.0,0.0,RETREAT,-0.1,0.0,9,me,475
10.0,0.5,0.2857142857142857,3.0,0.0,6.0,6.0,0.0,7.0,0.0,0.0,0.0,1.0,0.0,0.0,0.0,0.0,PLAY_SUPPORTER,0.4,0.0,10,me,475
11.0,0.3333333333333333,0.2857142857142857,3.0,0.0,6.0,6.0,0.0,6.0,0.0,0.0,0.0,1.0,0.0,0.0,0.0,0.0,PLAY_SUPPORTER,0.4,0.0,11,me,475
12.0,0.16666666666666666,0.2857142857142857,3.0,0.0,6.0,6.0,0.0,5.0,0.0,0.0,0.0,0.0,1.0,0.0,0.0,0.0,PLAY_BASIC_TO_BENCH,0.2,1.4,12,me,475
13.0,0.16666666666666666,0.2857142857142857,3.0,0.0,6.0,5.0,0.0,4.0,0.0,1.0,0.0,0.0,0.0,0.0,0.0,0.0,RETREAT,-0.1,0.0,13,me,475
14.0,0.125,0.2857142857142857,3.0,0.0,6.0,5.0,0.0,4.0,1.0,0.0,0.0,0.0,0.0,0.0,0.0,0.0,ATTACK,1.5,0.2999999999999998,14,me,475
15.0,0.16666666666666666,0.07142857142857142,2.0,0.0,6.0,4.0,0.0,4.0,1.0,0.0,0.0,0.0,0.0,0.0,0.0,0.0,ATTACK,6.0,-2.9000000000000004,15,me,475
1.0,1.0,1.0,1.0,1.0,6.0,6.0,0.0,2.0,0.0,0.0,0.0,1.0,0.0,0.0,0.0,0.0,PLAY_SUPPORTER,0.4,0.0,1,opponent,476
2.0,0.6,1.0,1.0,1.0,6.0,6.0,0.0,1.0,0.0,0.0,0.0,1.0,0.0,0.0,0.0,0.0,PLAY_SUPPORTER,0.4,0.0,2,opponent,476
3.0,0.3,1.0,1.0,1.0,6.0,6.0,0.0,0.0,0.0,0.0,0.0,0.0,0.0,0.0,0.0,1.0,PASS_TURN,0.0,0.0,3,opponent,476
4.0,1.0,1.0,0.0,1.0,6.0,5.0,0.0,0.0,0.0,0.0,0.0,0.0,0.0,0.0,0.0,1.0,PASS_TURN,0.0,0.0,4,opponent,476
5.0,0.5,1.0,0.0,1.0,6.0,5.0,0.0,0.0,0.0,0.0,0.0,0.0,0.0,0.0,0.0,1.0,PASS_TURN,0.0,0.0,5,opponent,476
1.0,1.0,1.0,0.0,0.0,6.0,6.0,3.0,4.0,0.0,0.0,1.0,0.0,0.0,0.0,0.0,0.0,ATTACH_ENERGY,0.3,0.7,1,opponent,477
2.0,0.5714285714285714,1.0,0.0,0.0,6.0,6.0,2.0,4.0,1.0,0.0,0.0,0.0,0.0,0.0,0.0,0.0,ATTACK,1.5,0.3,2,opponent,477
1.0,1.0,1.0,1.0,1.0,6.0,6.0,2.0,4.0,0.0,0.0,1.0,0.0,0.0,0.0,0.0,0.0,ATTACH_ENERGY,0.3,0.7,1,opponent,478
2.0,0.8,1.0,1.0,1.0,6.0,6.0,1.0,4.0,0.0,0.0,1.0,0.0,0.0,0.0,0.0,0.0,ATTACH_ENERGY,0.3,0.7,2,opponent,478
3.0,0.4,1.0,1.0,1.0,6.0,6.0,0.0,4.0,1.0,0.0,0.0,0.0,0.0,0.0,0.0,0.0,ATTACK,1.0,0.20000000000000018,3,opponent,478
4.0,1.0,0.7777777777777778,0.0,1.0,6.0,5.0,0.0,4.0,1.0,0.0,0.0,0.0,0.0,0.0,0.0,0.0,ATTACK,1.5,0.2999999999999998,4,opponent,478
5.0,0.6,0.4444444444444444,0.0,1.0,6.0,5.0,0.0,4.0,1.0,0.0,0.0,0.0,0.0,0.0,0.0,0.0,ATTACK,1.5,0.2999999999999998,5,opponent,478
6.0,0.4,0.1111111111111111,0.0,1.0,6.0,5.0,0.0,4.0,1.0,0.0,0.0,0.0,0.0,0.0,0.0,0.0,ATTACK,6.5,-2.4,6,opponent,478
1.0,1.0,1.0,2.0,2.0,6.0,6.0,0.0,6.0,0.0,0.0,0.0,1.0,0.0,0.0,0.0,0.0,PLAY_SUPPORTER,0.4,0.0,1,opponent,479
2.0,0.9,1.0,2.0,2.0,6.0,6.0,0.0,5.0,0.0,0.0,0.0,1.0,0.0,0.0,0.0,0.0,PLAY_SUPPORTER,0.4,0.0,2,opponent,479
3.0,0.9,1.0,2.0,2.0,6.0,6.0,0.0,4.0,0.0,0.0,0.0,1.0,0.0,0.0,0.0,0.0,PLAY_SUPPORTER,0.4,0.0,3,opponent,479
4.0,0.7,1.0,2.0,2.0,6.0,6.0,0.0,3.0,0.0,0.0,0.0,1.0,0.0,0.0,0.0,0.0,PLAY_SUPPORTER,0.4,0.0,4,opponent,479
5.0,0.7,1.0,2.0,2.0,6.0,6.0,0.0,2.0,0.0,0.0,0.0,1.0,0.0,0.0,0.0,0.0,PLAY_SUPPORTER,0.4,0.0,5,opponent,479
6.0,0.4,1.0,2.0,2.0,6.0,6.0,0.0,1.0,0.0,0.0,0.0,1.0,0.0,0.0,0.0,0.0,PLAY_SUPPORTER,0.4,0.0,6,opponent,479
7.0,0.2,1.0,2.0,2.0,6.0,6.0,0.0,0.0,0.0,1.0,0.0,0.0,0.0,0.0,0.0,0.0,RETREAT,-0.1,0.0,7,opponent,479
8.0,0.8888888888888888,1.0,2.0,2.0,6.0,6.0,0.0,0.0,0.0,0.0,0.0,0.0,0.0,0.0,0.0,1.0,PASS_TURN,0.0,0.0,8,opponent,479
9.0,0.8888888888888888,1.0,2.0,2.0,6.0,6.0,0.0,0.0,0.0,0.0,0.0,0.0,0.0,0.0,0.0,1.0,PASS_TURN,0.0,0.0,9,opponent,479
10.0,0.8888888888888888,1.0,2.0,2.0,6.0,6.0,0.0,0.0,0.0,0.0,0.0,0.0,0.0,0.0,0.0,1.0,PASS_TURN,0.0,0.0,10,opponent,479
11.0,0.6666666666666666,1.0,2.0,2.0,6.0,6.0,0.0,0.0,0.0,0.0,0.0,0.0,0.0,0.0,0.0,1.0,PASS_TURN,0.0,0.0,11,opponent,479
12.0,0.6666666666666666,1.0,2.0,2.0,6.0,6.0,0.0,0.0,0.0,1.0,0.0,0.0,0.0,0.0,0.0,0.0,RETREAT,-0.1,0.0,12,opponent,479
13.0,0.6666666666666666,1.0,2.0,2.0,6.0,6.0,0.0,0.0,0.0,0.0,0.0,0.0,0.0,0.0,0.0,1.0,PASS_TURN,0.0,0.0,13,opponent,479
14.0,0.2,1.0,1.0,2.0,6.0,5.0,0.0,0.0,0.0,1.0,0.0,0.0,0.0,0.0,0.0,0.0,RETREAT,-0.1,0.0,14,opponent,479
15.0,0.4444444444444444,1.0,1.0,2.0,6.0,5.0,0.0,0.0,0.0,0.0,0.0,0.0,0.0,0.0,0.0,1.0,PASS_TURN,0.0,0.0,15,opponent,479
16.0,0.2,1.0,0.0,2.0,6.0,4.0,0.0,0.0,0.0,0.0,0.0,0.0,0.0,0.0,0.0,1.0,PASS_TURN,0.0,0.0,16,opponent,479
17.0,0.2,1.0,0.0,2.0,6.0,4.0,0.0,0.0,0.0,0.0,0.0,0.0,0.0,0.0,0.0,1.0,PASS_TURN,0.0,0.0,17,opponent,479
18.0,0.2,1.0,0.0,2.0,6.0,4.0,0.0,0.0,0.0,0.0,0.0,0.0,0.0,0.0,0.0,1.0,PASS_TURN,0.0,0.0,18,opponent,479
1.0,1.0,1.0,3.0,3.0,6.0,6.0,3.0,3.0,0.0,0.0,1.0,0.0,0.0,0.0,0.0,0.0,ATTACH_ENERGY,0.3,0.7,1,opponent,480
2.0,0.42857142857142855,1.0,3.0,3.0,6.0,6.0,2.0,3.0,1.0,0.0,0.0,0.0,0.0,0.0,0.0,0.0,ATTACK,1.0,0.19999999999999996,2,opponent,480
3.0,0.2857142857142857,0.8333333333333334,3.0,3.0,6.0,6.0,2.0,3.0,0.0,0.0,1.0,0.0,0.0,0.0,0.0,0.0,ATTACH_ENERGY,0.3,0.6999999999999997,3,opponent,480
4.0,1.0,0.8333333333333334,2.0,3.0,6.0,5.0,1.0,3.0,1.0,0.0,0.0,0.0,0.0,0.0,0.0,0.0,ATTACK,0.5,0.09999999999999964,4,opponent,480
5.0,0.5,0.75,2.0,3.0,6.0,5.0,1.0,3.0,1.0,0.0,0.0,0.0,0.0,0.0,0.0,0.0,ATTACK,0.5,0.10000000000000009,5,opponent,480
6.0,0.5,0.6666666666666666,2.0,3.0,6.0,5.0,1.0,3.0,0.0,0.0,1.0,0.0,0.0,0.0,0.0,0.0,ATTACH_ENERGY,0.3,0.30000000000000004,6,opponent,480
7.0,0.16666666666666666,0.6666666666666666,2.0,3.0,6.0,5.0,0.0,3.0,0.0,1.0,0.0,0.0,0.0,0.0,0.0,0.0,RETREAT,-0.1,0.0,7,opponent,480
8.0,0.6666666666666666,0.6666666666666666,2.0,3.0,6.0,5.0,0.0,3.0,1.0,0.0,0.0,0.0,0.0,0.0,0.0,0.0,ATTACK,1.5,0.30000000000000027,8,opponent,480
9.0,0.3333333333333333,0.4166666666666667,2.0,3.0,6.0,5.0,0.0,3.0,1.0,0.0,0.0,0.0,0.0,0.0,0.0,0.0,ATTACK,1.5,0.30000000000000027,9,opponent,480
10.0,0.16666666666666666,0.16666666666666666,2.0,3.0,6.0,5.0,0.0,3.0,1.0,0.0,0.0,0.0,0.0,0.0,0.0,0.0,ATTACK,6.5,-2.3,10,opponent,480
11.0,0.16666666666666666,1.0,2.0,2.0,5.0,5.0,0.0,3.0,1.0,0.0,0.0,0.0,0.0,0.0,0.0,0.0,ATTACK,1.5,0.2999999999999998,11,opponent,480
12.0,0.16666666666666666,0.7857142857142857,1.0,2.0,5.0,4.0,0.0,3.0,0.0,1.0,0.0,0.0,0.0,0.0,0.0,0.0,RETREAT,-0.1,0.0,12,opponent,480
13.0,1.0,0.7857142857142857,1.0,2.0,5.0,4.0,0.0,3.0,0.0,0.0,0.0,1.0,0.0,0.0,0.0,0.0,PLAY_SUPPORTER,0.4,0.0,13,opponent,480
14.0,0.8571428571428571,0.7857142857142857,1.0,2.0,5.0,4.0,0.0,2.0,0.0,0.0,0.0,1.0,0.0,0.0,0.0,0.0,PLAY_SUPPORTER,0.4,0.0,14,opponent,480
15.0,0.42857142857142855,0.7857142857142857,1.0,2.0,5.0,4.0,0.0,1.0,0.0,0.0,0.0,1.0,0.0,0.0,0.0,0.0,PLAY_SUPPORTER,0.4,0.0,15,opponent,480
16.0,0.16666666666666666,0.7857142857142857,0.0,2.0,5.0,3.0,0.0,0.0,0.0,0.0,0.0,0.0,0.0,0.0,0.0,1.0,PASS_TURN,0.0,0.0,16,opponent,480
1.0,1.0,1.0,3.0,3.0,6.0,6.0,2.0,6.0,0.0,0.0,1.0,0.0,0.0,0.0,0.0,0.0,ATTACH_ENERGY,0.3,0.7,1,opponent,481
2.0,0.75,1.0,3.0,3.0,6.0,6.0,1.0,6.0,1.0,0.0,0.0,0.0,0.0,0.0,0.0,0.0,ATTACK,1.0,0.19999999999999996,2,opponent,481
3.0,0.375,0.7142857142857143,3.0,3.0,6.0,6.0,1.0,6.0,0.0,1.0,0.0,0.0,0.0,0.0,0.0,0.0,RETREAT,-0.1,0.0,3,opponent,481
4.0,0.6,0.7142857142857143,3.0,3.0,6.0,6.0,1.0,6.0,0.0,0.0,0.0,1.0,0.0,0.0,0.0,0.0,PLAY_SUPPORTER,0.4,0.0,4,opponent,481
5.0,0.5,0.7142857142857143,3.0,3.0,6.0,6.0,1.0,5.0,0.0,0.0,0.0,1.0,0.0,0.0,0.0,0.0,PLAY_SUPPORTER,0.4,0.0,5,opponent,481
6.0,0.2,0.7142857142857143,3.0,3.0,6.0,6.0,1.0,4.0,0.0,1.0,0.0,0.0,0.0,0.0,0.0,0.0,RETREAT,-0.1,0.0,6,opponent,481
7.0,0.8333333333333334,0.7142857142857143,3.0,3.0,6.0,6.0,1.0,4.0,0.0,0.0,0.0,1.0,0.0,0.0,0.0,0.0,PLAY_SUPPORTER,0.4,0.0,7,opponent,481
8.0,0.6666666666666666,0.7142857142857143,3.0,3.0,6.0,6.0,1.0,3.0,0.0,0.0,0.0,1.0,0.0,0.0,0.0,0.0,PLAY_SUPPORTER,0.4,0.0,8,opponent,481
9.0,0.6666666666666666,0.7142857142857143,3.0,3.0,6.0,6.0,1.0,2.0,0.0,0.0,0.0,1.0,0.0,0.0,0.0,0.0,PLAY_SUPPORTER,0.4,0.0,9,opponent,481
10.0,0.5833333333333334,0.7142857142857143,3.0,3.0,6.0,6.0,1.0,1.0,0.0,0.0,0.0,1.0,0.0,0.0,0.0,0.0,PLAY_SUPPORTER,0.4,0.0,10,opponent,481
11.0,0.3333333333333333,0.7142857142857143,3.0,3.0,6.0,6.0,1.0,0.0,0.0,0.0,1.0,0.0,0.0,0.0,0.0,0.0,ATTACH_ENERGY,0.3,0.30000000000000004,11,opponent,481
12.0,0.08333333333333333,0.7142857142857143,3.0,3.0,6.0,6.0,0.0,0.0,0.0,1.0,0.0,0.0,0.0,0.0,0.0,0.0,RETREAT,-0.1,0.0,12,opponent,481
13.0,0.1,0.7142857142857143,3.0,3.0,6.0,6.0,0.0,0.0,0.0,1.0,0.0,0.0,0.0,0.0,0.0,0.0,RETREAT,-0.1,0.0,13,opponent,481
14.0,0.1,0.7142857142857143,2.0,3.0,6.0,5.0,0.0,0.0,0.0,1.0,0.0,0.0,0.0,0.0,0.0,0.0,RETREAT,-0.1,0.0,14,opponent,481
15.0,0.7777777777777778,0.7142857142857143,2.0,3.0,6.0,5.0,0.0,0.0,0.0,1.0,0.0,0.0,0.0,0.0,0.0,0.0,RETREAT,-0.1,0.0,15,opponent,481
16.0,0.125,0.7142857142857143,2.0,3.0,6.0,5.0,0.0,0.0,0.0,1.0,0.0,0.0,0.0,0.0,0.0,0.0,RETREAT,-0.1,0.0,16,opponent,481
17.0,0.6666666666666666,0.7142857142857143,2.0,3.0,6.0,5.0,0.0,0.0,0.0,1.0,0.0,0.0,0.0,0.0,0.0,0.0,RETREAT,-0.1,0.0,17,opponent,481
18.0,0.125,0.7142857142857143,1.0,3.0,6.0,4.0,0.0,0.0,0.0,1.0,0.0,0.0,0.0,0.0,0.0,0.0,RETREAT,-0.1,0.0,18,opponent,481
19.0,0.3333333333333333,0.7142857142857143,1.0,3.0,6.0,4.0,0.0,0.0,0.0,0.0,0.0,0.0,0.0,0.0,0.0,1.0,PASS_TURN,0.0,0.0,19,opponent,481
20.0,0.3333333333333333,0.7142857142857143,1.0,3.0,6.0,4.0,0.0,0.0,0.0,0.0,0.0,0.0,0.0,0.0,0.0,1.0,PASS_TURN,0.0,0.0,20,opponent,481
21.0,0.2222222222222222,0.7142857142857143,1.0,3.0,6.0,4.0,0.0,0.0,0.0,1.0,0.0,0.0,0.0,0.0,0.0,0.0,RETREAT,-0.1,0.0,21,opponent,481
22.0,0.2222222222222222,0.7142857142857143,0.0,3.0,6.0,3.0,0.0,0.0,0.0,0.0,0.0,0.0,0.0,0.0,0.0,1.0,PASS_TURN,0.0,0.0,22,opponent,481
1.0,1.0,1.0,3.0,0.0,6.0,6.0,2.0,7.0,0.0,0.0,1.0,0.0,0.0,0.0,0.0,0.0,ATTACH_ENERGY,0.3,0.7000000000000002,1,opponent,482
2.0,0.6,1.0,3.0,0.0,6.0,6.0,1.0,7.0,0.0,0.0,1.0,0.0,0.0,0.0,0.0,0.0,ATTACH_ENERGY,0.3,0.6999999999999993,2,opponent,482
3.0,0.3,1.0,3.0,0.0,6.0,6.0,0.0,7.0,0.0,0.0,0.0,1.0,0.0,0.0,0.0,0.0,PLAY_SUPPORTER,0.4,0.0,3,opponent,482
4.0,0.1,1.0,3.0,0.0,6.0,6.0,0.0,6.0,0.0,1.0,0.0,0.0,0.0,0.0,0.0,0.0,RETREAT,-0.1,0.0,4,opponent,482
5.0,0.75,1.0,3.0,0.0,6.0,6.0,0.0,6.0,0.0,0.0,0.0,1.0,0.0,0.0,0.0,0.0,PLAY_SUPPORTER,0.4,0.0,5,opponent,482
6.0,0.5,1.0,3.0,0.0,6.0,6.0,0.0,5.0,0.0,0.0,0.0,1.0,0.0,0.0,0.0,0.0,PLAY_SUPPORTER,0.4,0.0,6,opponent,482
7.0,0.375,1.0,3.0,0.0,6.0,6.0,0.0,4.0,0.0,0.0,0.0,1.0,0.0,0.0,0.0,0.0,PLAY_SUPPORTER,0.4,0.0,7,opponent,482
8.0,0.1,1.0,2.0,0.0,6.0,5.0,0.0,3.0,0.0,1.0,0.0,0.0,0.0,0.0,0.0,0.0,RETREAT,-0.1,0.0,8,opponent,482
9.0,1.0,1.0,2.0,0.0,6.0,5.0,0.0,3.0,0.0,0.0,0.0,1.0,0.0,0.0,0.0,0.0,PLAY_SUPPORTER,0.4,0.0,9,opponent,482
10.0,0.8333333333333334,1.0,2.0,0.0,6.0,5.0,0.0,2.0,0.0,0.0,0.0,0.0,0.0,0.0,0.0,1.0,PASS_TURN,0.0,0.0,10,opponent,482
11.0,0.6666666666666666,1.0,2.0,0.0,6.0,5.0,0.0,2.0,0.0,0.0,0.0,1.0,0.0,0.0,0.0,0.0,PLAY_SUPPORTER,0.4,0.0,11,opponent,482
12.0,0.3333333333333333,1.0,2.0,0.0,6.0,5.0,0.0,1.0,0.0,0.0,0.0,1.0,0.0,0.0,0.0,0.0,PLAY_SUPPORTER,0.4,0.0,12,opponent,482
13.0,0.25,1.0,2.0,0.0,6.0,5.0,0.0,0.0,0.0,1.0,0.0,0.0,0.0,0.0,0.0,0.0,RETREAT,-0.1,0.0,13,opponent,482
14.0,0.25,1.0,1.0,0.0,6.0,4.0,0.0,0.0,0.0,1.0,0.0,0.0,0.0,0.0,0.0,0.0,RETREAT,-0.1,0.0,14,opponent,482
15.0,0.6666666666666666,1.0,1.0,0.0,6.0,4.0,0.0,0.0,0.0,0.0,0.0,0.0,0.0,0.0,0.0,1.0,PASS_TURN,0.0,0.0,15,opponent,482
16.0,0.3333333333333333,1.0,1.0,0.0,6.0,4.0,0.0,0.0,0.0,1.0,0.0,0.0,0.0,0.0,0.0,0.0,RETREAT,-0.1,0.0,16,opponent,482
17.0,0.3333333333333333,1.0,0.0,0.0,6.0,3.0,0.0,0.0,0.0,0.0,0.0,0.0,0.0,0.0,0.0,1.0,PASS_TURN,0.0,0.0,17,opponent,482
18.0,0.3333333333333333,1.0,0.0,0.0,6.0,3.0,0.0,0.0,0.0,0.0,0.0,0.0,0.0,0.0,0.0,1.0,PASS_TURN,0.0,0.0,18,opponent,482
19.0,0.1111111111111111,1.0,0.0,0.0,6.0,3.0,0.0,0.0,0.0,0.0,0.0,0.0,0.0,0.0,0.0,1.0,PASS_TURN,0.0,0.0,19,opponent,482
1.0,1.0,1.0,3.0,0.0,6.0,6.0,1.0,4.0,0.0,0.0,1.0,0.0,0.0,0.0,0.0,0.0,ATTACH_ENERGY,0.3,0.6999999999999993,1,me,483
2.0,0.8571428571428571,1.0,3.0,0.0,6.0,6.0,0.0,4.0,1.0,0.0,0.0,0.0,0.0,0.0,0.0,0.0,ATTACK,1.5,0.3000000000000007,2,me,483
3.0,0.5714285714285714,0.5,3.0,0.0,6.0,6.0,0.0,4.0,0.0,0.0,0.0,0.0,1.0,0.0,0.0,0.0,PLAY_BASIC_TO_BENCH,0.2,1.5,3,me,483
4.0,0.42857142857142855,0.5,4.0,0.0,6.0,6.0,0.0,3.0,1.0,0.0,0.0,0.0,0.0,0.0,0.0,0.0,ATTACK,6.5,-2.7,4,me,483
1.0,1.0,1.0,0.0,3.0,6.0,6.0,2.0,7.0,0.0,0.0,1.0,0.0,0.0,0.0,0.0,0.0,ATTACH_ENERGY,0.3,0.6999999999999997,1,opponent,484
2.0,0.7,1.0,0.0,3.0,6.0,6.0,1.0,7.0,1.0,0.0,0.0,0.0,0.0,0.0,0.0,0.0,ATTACK,1.0,0.20000000000000018,2,opponent,484
3.0,0.7,0.7777777777777778,0.0,3.0,6.0,6.0,1.0,7.0,1.0,0.0,0.0,0.0,0.0,0.0,0.0,0.0,ATTACK,1.0,0.20000000000000018,3,opponent,484
4.0,0.7,0.5555555555555556,0.0,3.0,6.0,6.0,1.0,7.0,1.0,0.0,0.0,0.0,0.0,0.0,0.0,0.0,ATTACK,1.0,0.19999999999999973,4,opponent,484
5.0,0.5,0.3333333333333333,0.0,3.0,6.0,6.0,1.0,7.0,1.0,0.0,0.0,0.0,0.0,0.0,0.0,0.0,ATTACK,1.0,0.19999999999999973,5,opponent,484
6.0,0.4,0.1111111111111111,0.0,3.0,6.0,6.0,1.0,7.0,1.0,0.0,0.0,0.0,0.0,0.0,0.0,0.0,ATTACK,6.0,-2.3999999999999995,6,opponent,484
7.0,0.3,1.0,0.0,2.0,5.0,6.0,1.0,7.0,0.0,0.0,0.0,1.0,0.0,0.0,0.0,0.0,PLAY_SUPPORTER,0.4,0.0,7,opponent,484
8.0,0.3,1.0,0.0,2.0,5.0,6.0,1.0,6.0,0.0,0.0,0.0,0.0,0.0,0.0,0.0,1.0,PASS_TURN,0.0,0.0,8,opponent,484
1.0,1.0,1.0,1.0,3.0,6.0,6.0,3.0,5.0,0.0,0.0,1.0,0.0,0.0,0.0,0.0,0.0,ATTACH_ENERGY,0.3,0.7,1,opponent,485
2.0,0.8888888888888888,1.0,1.0,3.0,6.0,6.0,2.0,5.0,1.0,0.0,0.0,0.0,0.0,0.0,0.0,0.0,ATTACK,1.0,0.20000000000000018,2,opponent,485
3.0,0.8888888888888888,0.8,1.0,3.0,6.0,6.0,2.0,5.0,1.0,0.0,0.0,0.0,0.0,0.0,0.0,0.0,ATTACK,1.0,0.19999999999999973,3,opponent,485
4.0,0.4444444444444444,0.6,1.0,3.0,6.0,6.0,2.0,5.0,0.0,0.0,1.0,0.0,0.0,0.0,0.0,0.0,ATTACH_ENERGY,0.3,0.7000000000000004,4,opponent,485
5.0,0.3333333333333333,0.6,1.0,3.0,6.0,6.0,1.0,5.0,0.0,0.0,0.0,1.0,0.0,0.0,0.0,0.0,PLAY_SUPPORTER,0.4,0.0,5,opponent,485
6.0,0.3333333333333333,0.6,1.0,3.0,6.0,6.0,1.0,4.0,0.0,0.0,0.0,1.0,0.0,0.0,0.0,0.0,PLAY_SUPPORTER,0.4,0.0,6,opponent,485
7.0,1.0,0.6,0.0,3.0,6.0,5.0,1.0,3.0,1.0,0.0,0.0,0.0,0.0,0.0,0.0,0.0,ATTACK,1.5,0.29999999999999977,7,opponent,485
8.0,0.6666666666666666,0.3,0.0,3.0,6.0,5.0,1.0,3.0,1.0,0.0,0.0,0.0,0.0,0.0,0.0,0.0,ATTACK,6.5,-2.2,8,opponent,485
9.0,0.3333333333333333,1.0,0.0,2.0,5.0,5.0,1.0,3.0,0.0,0.0,0.0,0.0,1.0,0.0,0.0,0.0,PLAY_BASIC_TO_BENCH,0.2,1.1000000000000003,9,opponent,485
10.0,0.16666666666666666,1.0,1.0,2.0,5.0,5.0,1.0,2.0,1.0,0.0,0.0,0.0,0.0,0.0,0.0,0.0,ATTACK,1.5,0.30000000000000027,10,opponent,485
11.0,1.0,0.7,0.0,2.0,5.0,4.0,1.0,2.0,0.0,0.0,0.0,1.0,0.0,0.0,0.0,0.0,PLAY_SUPPORTER,0.4,0.0,11,opponent,485
12.0,1.0,0.7,0.0,2.0,5.0,4.0,1.0,1.0,0.0,0.0,0.0,1.0,0.0,0.0,0.0,0.0,PLAY_SUPPORTER,0.4,0.0,12,opponent,485
13.0,0.8333333333333334,0.7,0.0,2.0,5.0,4.0,1.0,0.0,0.0,0.0,1.0,0.0,0.0,0.0,0.0,0.0,ATTACH_ENERGY,0.3,0.30000000000000004,13,opponent,485
14.0,0.6666666666666666,0.7,0.0,2.0,5.0,4.0,0.0,0.0,1.0,0.0,0.0,0.0,0.0,0.0,0.0,0.0,ATTACK,1.5,0.30000000000000004,14,opponent,485
15.0,0.3333333333333333,0.4,0.0,2.0,5.0,4.0,0.0,0.0,1.0,0.0,0.0,0.0,0.0,0.0,0.0,0.0,ATTACK,1.5,0.30000000000000004,15,opponent,485
1.0,1.0,1.0,2.0,3.0,6.0,6.0,3.0,2.0,0.0,0.0,1.0,0.0,0.0,0.0,0.0,0.0,ATTACH_ENERGY,0.3,0.7000000000000002,1,opponent,486
2.0,0.42857142857142855,1.0,2.0,3.0,6.0,6.0,2.0,2.0,0.0,0.0,1.0,0.0,0.0,0.0,0.0,0.0,ATTACH_ENERGY,0.3,0.7,2,opponent,486
3.0,1.0,1.0,1.0,3.0,6.0,5.0,1.0,2.0,0.0,0.0,1.0,0.0,0.0,0.0,0.0,0.0,ATTACH_ENERGY,0.3,0.7000000000000002,3,opponent,486
4.0,1.0,1.0,1.0,3.0,6.0,5.0,0.0,2.0,1.0,0.0,0.0,0.0,0.0,0.0,0.0,0.0,ATTACK,0.5,0.09999999999999964,4,opponent,486
5.0,0.6666666666666666,0.9285714285714286,1.0,3.0,6.0,5.0,0.0,2.0,1.0,0.0,0.0,0.0,0.0,0.0,0.0,0.0,ATTACK,0.5,0.10000000000000009,5,opponent,486
6.0,0.2222222222222222,0.8571428571428571,1.0,3.0,6.0,5.0,0.0,2.0,0.0,1.0,0.0,0.0,0.0,0.0,0.0,0.0,RETREAT,-0.1,0.0,6,opponent,486
7.0,0.7,0.8571428571428571,1.0,3.0,6.0,5.0,0.0,2.0,0.0,0.0,0.0,1.0,0.0,0.0,0.0,0.0,PLAY_SUPPORTER,0.4,0.0,7,opponent,486
8.0,0.4,0.8571428571428571,1.0,3.0,6.0,5.0,0.0,1.0,0.0,0.0,0.0,0.0,1.0,0.0,0.0,0.0,PLAY_BASIC_TO_BENCH,0.2,1.1,8,opponent,486
9.0,0.4,0.8571428571428571,2.0,3.0,6.0,5.0,0.0,0.0,0.0,0.0,0.0,0.0,0.0,0.0,0.0,1.0,PASS_TURN,0.0,0.0,9,opponent,486
10.0,0.2,0.8571428571428571,2.0,3.0,6.0,5.0,0.0,0.0,0.0,1.0,0.0,0.0,0.0,0.0,0.0,0.0,RETREAT,-0.1,0.0,10,opponent,486
11.0,0.2,0.8571428571428571,1.0,3.0,6.0,4.0,0.0,0.0,0.0,1.0,0.0,0.0,0.0,0.0,0.0,0.0,RETREAT,-0.1,0.0,11,opponent,486
12.0,0.6666666666666666,0.8571428571428571,1.0,3.0,6.0,4.0,0.0,0.0,0.0,0.0,0.0,0.0,0.0,0.0,0.0,1.0,PASS_TURN,0.0,0.0,12,opponent,486
13.0,0.2,0.8571428571428571,0.0,3.0,6.0,3.0,0.0,0.0,0.0,0.0,0.0,0.0,0.0,0.0,0.0,1.0,PASS_TURN,0.0,0.0,13,opponent,486
1.0,1.0,1.0,0.0,1.0,6.0,6.0,0.0,4.0,0.0,0.0,0.0,1.0,0.0,0.0,0.0,0.0,PLAY_SUPPORTER,0.4,0.0,1,opponent,487
2.0,0.9285714285714286,1.0,0.0,1.0,6.0,6.0,0.0,3.0,0.0,0.0,0.0,1.0,0.0,0.0,0.0,0.0,PLAY_SUPPORTER,0.4,0.0,2,opponent,487
3.0,0.7142857142857143,1.0,0.0,1.0,6.0,6.0,0.0,2.0,0.0,0.0,0.0,1.0,0.0,0.0,0.0,0.0,PLAY_SUPPORTER,0.4,0.0,3,opponent,487
4.0,0.5,1.0,0.0,1.0,6.0,6.0,0.0,1.0,0.0,0.0,0.0,1.0,0.0,0.0,0.0,0.0,PLAY_SUPPORTER,0.4,0.0,4,opponent,487
5.0,0.21428571428571427,1.0,0.0,1.0,6.0,6.0,0.0,0.0,0.0,0.0,0.0,0.0,0.0,0.0,0.0,1.0,PASS_TURN,0.0,0.0,5,opponent,487
6.0,0.14285714285714285,1.0,0.0,1.0,6.0,6.0,0.0,0.0,0.0,0.0,0.0,0.0,0.0,0.0,0.0,1.0,PASS_TURN,0.0,0.0,6,opponent,487
1.0,1.0,1.0,3.0,3.0,6.0,6.0,3.0,2.0,0.0,0.0,1.0,0.0,0.0,0.0,0.0,0.0,ATTACH_ENERGY,0.3,0.7,1,opponent,488
2.0,0.3333333333333333,1.0,3.0,3.0,6.0,6.0,2.0,2.0,0.0,0.0,1.0,0.0,0.0,0.0,0.0,0.0,ATTACH_ENERGY,0.3,0.6999999999999997,2,opponent,488
3.0,0.16666666666666666,1.0,3.0,3.0,6.0,6.0,1.0,2.0,0.0,1.0,0.0,0.0,0.0,0.0,0.0,0.0,RETREAT,-0.1,0.0,3,opponent,488
4.0,0.6666666666666666,1.0,3.0,3.0,6.0,6.0,1.0,2.0,0.0,0.0,0.0,1.0,0.0,0.0,0.0,0.0,PLAY_SUPPORTER,0.4,0.0,4,opponent,488
5.0,0.5,1.0,3.0,3.0,6.0,6.0,1.0,1.0,0.0,0.0,0.0,1.0,0.0,0.0,0.0,0.0,PLAY_SUPPORTER,0.4,0.0,5,opponent,488
6.0,0.5,1.0,3.0,3.0,6.0,6.0,1.0,0.0,0.0,0.0,1.0,0.0,0.0,0.0,0.0,0.0,ATTACH_ENERGY,0.3,0.29999999999999993,6,opponent,488
7.0,0.16666666666666666,1.0,2.0,3.0,6.0,5.0,0.0,0.0,0.0,1.0,0.0,0.0,0.0,0.0,0.0,0.0,RETREAT,-0.1,0.0,7,opponent,488
8.0,0.7777777777777778,1.0,2.0,3.0,6.0,5.0,0.0,0.0,0.0,0.0,0.0,0.0,0.0,0.0,0.0,1.0,PASS_TURN,0.0,0.0,8,opponent,488
9.0,0.7777777777777778,1.0,2.0,3.0,6.0,5.0,0.0,0.0,0.0,0.0,0.0,0.0,0.0,0.0,0.0,1.0,PASS_TURN,0.0,0.0,9,opponent,488
10.0,0.7777777777777778,1.0,2.0,3.0,6.0,5.0,0.0,0.0,0.0,0.0,0.0,0.0,0.0,0.0,0.0,1.0,PASS_TURN,0.0,0.0,10,opponent,488
11.0,0.7777777777777778,1.0,2.0,3.0,6.0,5.0,0.0,0.0,0.0,0.0,0.0,0.0,0.0,0.0,0.0,1.0,PASS_TURN,0.0,0.0,11,opponent,488
12.0,0.5555555555555556,1.0,2.0,3.0,6.0,5.0,0.0,0.0,0.0,0.0,0.0,0.0,0.0,0.0,0.0,1.0,PASS_TURN,0.0,0.0,12,opponent,488
13.0,0.2222222222222222,1.0,2.0,3.0,6.0,5.0,0.0,0.0,0.0,0.0,0.0,0.0,0.0,0.0,0.0,1.0,PASS_TURN,0.0,0.0,13,opponent,488
14.0,0.16666666666666666,1.0,1.0,3.0,6.0,4.0,0.0,0.0,0.0,1.0,0.0,0.0,0.0,0.0,0.0,0.0,RETREAT,-0.1,0.0,14,opponent,488
15.0,0.7142857142857143,1.0,1.0,3.0,6.0,4.0,0.0,0.0,0.0,0.0,0.0,0.0,0.0,0.0,0.0,1.0,PASS_TURN,0.0,0.0,15,opponent,488
16.0,0.6428571428571429,1.0,1.0,3.0,6.0,4.0,0.0,0.0,0.0,0.0,0.0,0.0,0.0,0.0,0.0,1.0,PASS_TURN,0.0,0.0,16,opponent,488
17.0,0.5714285714285714,1.0,1.0,3.0,6.0,4.0,0.0,0.0,0.0,0.0,0.0,0.0,0.0,0.0,0.0,1.0,PASS_TURN,0.0,0.0,17,opponent,488
18.0,0.2857142857142857,1.0,1.0,3.0,6.0,4.0,0.0,0.0,0.0,1.0,0.0,0.0,0.0,0.0,0.0,0.0,RETREAT,-0.1,0.0,18,opponent,488
19.0,0.2857142857142857,1.0,0.0,3.0,6.0,3.0,0.0,0.0,0.0,0.0,0.0,0.0,0.0,0.0,0.0,1.0,PASS_TURN,0.0,0.0,19,opponent,488
20.0,0.14285714285714285,1.0,0.0,3.0,6.0,3.0,0.0,0.0,0.0,0.0,0.0,0.0,0.0,0.0,0.0,1.0,PASS_TURN,0.0,0.0,20,opponent,488
1.0,1.0,1.0,1.0,2.0,6.0,6.0,1.0,5.0,0.0,0.0,1.0,0.0,0.0,0.0,0.0,0.0,ATTACH_ENERGY,0.3,0.7000000000000001,1,opponent,489
2.0,0.75,1.0,1.0,2.0,6.0,6.0,0.0,5.0,1.0,0.0,0.0,0.0,0.0,0.0,0.0,0.0,ATTACK,1.5,0.30000000000000004,2,opponent,489
3.0,0.5833333333333334,0.5,1.0,2.0,6.0,6.0,0.0,5.0,1.0,0.0,0.0,0.0,0.0,0.0,0.0,0.0,ATTACK,6.5,-2.2000000000000006,3,opponent,489
4.0,0.5833333333333334,1.0,1.0,1.0,5.0,6.0,0.0,5.0,1.0,0.0,0.0,0.0,0.0,0.0,0.0,0.0,ATTACK,1.5,0.3000000000000005,4,opponent,489
5.0,0.5833333333333334,0.7,1.0,1.0,5.0,6.0,0.0,5.0,1.0,0.0,0.0,0.0,0.0,0.0,0.0,0.0,ATTACK,1.5,0.2999999999999998,5,opponent,489
6.0,0.25,0.4,1.0,1.0,5.0,6.0,0.0,5.0,0.0,0.0,0.0,0.0,0.0,0.0,0.0,1.0,PASS_TURN,0.0,0.0,6,opponent,489
7.0,0.16666666666666666,0.4,1.0,1.0,5.0,6.0,0.0,5.0,0.0,0.0,0.0,0.0,0.0,0.0,0.0,1.0,PASS_TURN,0.0,0.0,7,opponent,489
8.0,0.16666666666666666,0.4,1.0,1.0,5.0,6.0,0.0,5.0,1.0,0.0,0.0,0.0,0.0,0.0,0.0,0.0,ATTACK,1.5,0.30000000000000027,8,opponent,489
9.0,1.0,0.1,0.0,1.0,5.0,5.0,0.0,5.0,0.0,0.0,0.0,1.0,0.0,0.0,0.0,0.0,PLAY_SUPPORTER,0.4,0.0,9,opponent,489
10.0,0.625,0.1,0.0,1.0,5.0,5.0,0.0,4.0,0.0,0.0,0.0,1.0,0.0,0.0,0.0,0.0,PLAY_SUPPORTER,0.4,0.0,10,opponent,489
11.0,0.125,0.1,0.0,1.0,5.0,5.0,0.0,3.0,0.0,0.0,0.0,1.0,0.0,0.0,0.0,0.0,PLAY_SUPPORTER,0.4,0.0,11,opponent,489
1.0,1.0,1.0,3.0,0.0,6.0,6.0,3.0,5.0,0.0,0.0,1.0,0.0,0.0,0.0,0.0,0.0,ATTACH_ENERGY,0.3,0.7000000000000002,1,opponent,490
2.0,0.5,1.0,3.0,0.0,6.0,6.0,2.0,5.0,0.0,0.0,0.0,0.0,0.0,0.0,0.0,1.0,PASS_TURN,0.0,0.0,2,opponent,490
3.0,0.375,1.0,3.0,0.0,6.0,6.0,2.0,5.0,1.0,0.0,0.0,0.0,0.0,0.0,0.0,0.0,ATTACK,1.0,0.1999999999999993,3,opponent,490
4.0,0.25,0.7142857142857143,3.0,0.0,6.0,6.0,2.0,5.0,0.0,1.0,0.0,0.0,0.0,0.0,0.0,0.0,RETREAT,-0.1,0.0,4,opponent,490
5.0,0.875,0.7142857142857143,3.0,0.0,6.0,6.0,2.0,5.0,0.0,0.0,0.0,1.0,0.0,0.0,0.0,0.0,PLAY_SUPPORTER,0.4,0.0,5,opponent,490
6.0,0.625,0.7142857142857143,3.0,0.0,6.0,6.0,2.0,4.0,0.0,0.0,0.0,1.0,0.0,0.0,0.0,0.0,PLAY_SUPPORTER,0.4,0.0,6,opponent,490
7.0,0.375,0.7142857142857143,3.0,0.0,6.0,6.0,2.0,3.0,0.0,0.0,0.0,1.0,0.0,0.0,0.0,0.0,PLAY_SUPPORTER,0.4,0.0,7,opponent,490
8.0,0.125,0.7142857142857143,3.0,0.0,6.0,6.0,2.0,2.0,0.0,1.0,0.0,0.0,0.0,0.0,0.0,0.0,RETREAT,-0.1,0.0,8,opponent,490
9.0,0.125,0.7142857142857143,2.0,0.0,6.0,5.0,2.0,2.0,0.0,1.0,0.0,0.0,0.0,0.0,0.0,0.0,RETREAT,-0.1,0.0,9,opponent,490
10.0,0.875,0.7142857142857143,2.0,0.0,6.0,5.0,2.0,2.0,0.0,0.0,0.0,1.0,0.0,0.0,0.0,0.0,PLAY_SUPPORTER,0.4,0.0,10,opponent,490
11.0,0.5,0.7142857142857143,2.0,0.0,6.0,5.0,2.0,1.0,0.0,0.0,0.0,1.0,0.0,0.0,0.0,0.0,PLAY_SUPPORTER,0.4,0.0,11,opponent,490
12.0,0.125,0.7142857142857143,1.0,0.0,6.0,4.0,2.0,0.0,0.0,1.0,0.0,0.0,0.0,0.0,0.0,0.0,RETREAT,-0.1,0.0,12,opponent,490
13.0,0.75,0.7142857142857143,1.0,0.0,6.0,4.0,2.0,0.0,0.0,1.0,0.0,0.0,0.0,0.0,0.0,0.0,RETREAT,-0.1,0.0,13,opponent,490
14.0,0.75,0.7142857142857143,0.0,0.0,6.0,3.0,2.0,0.0,0.0,0.0,1.0,0.0,0.0,0.0,0.0,0.0,ATTACH_ENERGY,0.3,0.3000000000000007,14,opponent,490
15.0,0.75,0.7142857142857143,0.0,0.0,6.0,3.0,1.0,0.0,1.0,0.0,0.0,0.0,0.0,0.0,0.0,0.0,ATTACK,0.5,0.09999999999999964,15,opponent,490
16.0,0.5,0.5714285714285714,0.0,0.0,6.0,3.0,1.0,0.0,0.0,0.0,0.0,0.0,0.0,0.0,0.0,1.0,PASS_TURN,0.0,0.0,16,opponent,490
17.0,0.5,0.5714285714285714,0.0,0.0,6.0,3.0,1.0,0.0,1.0,0.0,0.0,0.0,0.0,0.0,0.0,0.0,ATTACK,0.5,0.09999999999999964,17,opponent,490
18.0,0.375,0.42857142857142855,0.0,0.0,6.0,3.0,1.0,0.0,1.0,0.0,0.0,0.0,0.0,0.0,0.0,0.0,ATTACK,0.5,0.09999999999999964,18,opponent,490
1.0,1.0,1.0,1.0,1.0,6.0,6.0,0.0,2.0,0.0,0.0,0.0,1.0,0.0,0.0,0.0,0.0,PLAY_SUPPORTER,0.4,0.0,1,opponent,491
2.0,0.5555555555555556,1.0,1.0,1.0,6.0,6.0,0.0,1.0,0.0,0.0,0.0,1.0,0.0,0.0,0.0,0.0,PLAY_SUPPORTER,0.4,0.0,2,opponent,491
3.0,0.3333333333333333,1.0,1.0,1.0,6.0,6.0,0.0,0.0,0.0,0.0,0.0,0.0,0.0,0.0,0.0,1.0,PASS_TURN,0.0,0.0,3,opponent,491
4.0,0.1111111111111111,1.0,1.0,1.0,6.0,6.0,0.0,0.0,0.0,1.0,0.0,0.0,0.0,0.0,0.0,0.0,RETREAT,-0.1,0.0,4,opponent,491
5.0,0.9285714285714286,1.0,1.0,1.0,6.0,6.0,0.0,0.0,0.0,0.0,0.0,0.0,0.0,0.0,0.0,1.0,PASS_TURN,0.0,0.0,5,opponent,491
6.0,0.9285714285714286,1.0,1.0,1.0,6.0,6.0,0.0,0.0,0.0,0.0,0.0,0.0,0.0,0.0,0.0,1.0,PASS_TURN,0.0,0.0,6,opponent,491
7.0,0.6428571428571429,1.0,1.0,1.0,6.0,6.0,0.0,0.0,0.0,0.0,0.0,0.0,0.0,0.0,0.0,1.0,PASS_TURN,0.0,0.0,7,opponent,491
8.0,0.6428571428571429,1.0,1.0,1.0,6.0,6.0,0.0,0.0,0.0,0.0,0.0,0.0,0.0,0.0,0.0,1.0,PASS_TURN,0.0,0.0,8,opponent,491
9.0,0.6428571428571429,1.0,1.0,1.0,6.0,6.0,0.0,0.0,0.0,0.0,0.0,0.0,0.0,0.0,0.0,1.0,PASS_TURN,0.0,0.0,9,opponent,491
10.0,0.42857142857142855,1.0,1.0,1.0,6.0,6.0,0.0,0.0,0.0,0.0,0.0,0.0,0.0,0.0,0.0,1.0,PASS_TURN,0.0,0.0,10,opponent,491
11.0,0.35714285714285715,1.0,1.0,1.0,6.0,6.0,0.0,0.0,0.0,0.0,0.0,0.0,0.0,0.0,0.0,1.0,PASS_TURN,0.0,0.0,11,opponent,491
12.0,0.35714285714285715,1.0,1.0,1.0,6.0,6.0,0.0,0.0,0.0,0.0,0.0,0.0,0.0,0.0,0.0,1.0,PASS_TURN,0.0,0.0,12,opponent,491
13.0,0.35714285714285715,1.0,1.0,1.0,6.0,6.0,0.0,0.0,0.0,0.0,0.0,0.0,0.0,0.0,0.0,1.0,PASS_TURN,0.0,0.0,13,opponent,491
14.0,0.2857142857142857,1.0,1.0,1.0,6.0,6.0,0.0,0.0,0.0,1.0,0.0,0.0,0.0,0.0,0.0,0.0,RETREAT,-0.1,0.0,14,opponent,491
15.0,0.2857142857142857,1.0,0.0,1.0,6.0,5.0,0.0,0.0,0.0,0.0,0.0,0.0,0.0,0.0,0.0,1.0,PASS_TURN,0.0,0.0,15,opponent,491
16.0,0.2857142857142857,1.0,0.0,1.0,6.0,5.0,0.0,0.0,0.0,0.0,0.0,0.0,0.0,0.0,0.0,1.0,PASS_TURN,0.0,0.0,16,opponent,491
17.0,0.21428571428571427,1.0,0.0,1.0,6.0,5.0,0.0,0.0,0.0,0.0,0.0,0.0,0.0,0.0,0.0,1.0,PASS_TURN,0.0,0.0,17,opponent,491
18.0,0.07142857142857142,1.0,0.0,1.0,6.0,5.0,0.0,0.0,0.0,0.0,0.0,0.0,0.0,0.0,0.0,1.0,PASS_TURN,0.0,0.0,18,opponent,491
1.0,1.0,1.0,3.0,1.0,6.0,6.0,1.0,7.0,0.0,0.0,1.0,0.0,0.0,0.0,0.0,0.0,ATTACH_ENERGY,0.3,0.6999999999999997,1,opponent,492
2.0,0.7857142857142857,1.0,3.0,1.0,6.0,6.0,0.0,7.0,1.0,0.0,0.0,0.0,0.0,0.0,0.0,0.0,ATTACK,1.0,0.1999999999999993,2,opponent,492
3.0,0.7142857142857143,0.8333333333333334,3.0,1.0,6.0,6.0,0.0,7.0,0.0,0.0,0.0,0.0,1.0,0.0,0.0,0.0,PLAY_BASIC_TO_BENCH,0.2,1.9000000000000004,3,opponent,492
4.0,0.5,0.8333333333333334,4.0,1.0,6.0,6.0,0.0,6.0,1.0,0.0,0.0,0.0,0.0,0.0,0.0,0.0,ATTACK,1.0,0.20000000000000107,4,opponent,492
5.0,0.42857142857142855,0.6666666666666666,4.0,1.0,6.0,6.0,0.0,6.0,0.0,0.0,0.0,0.0,1.0,0.0,0.0,0.0,PLAY_BASIC_TO_BENCH,0.2,1.4000000000000004,5,opponent,492
6.0,0.35714285714285715,0.6666666666666666,5.0,1.0,6.0,6.0,0.0,5.0,1.0,0.0,0.0,0.0,0.0,0.0,0.0,0.0,ATTACK,1.0,0.20000000000000018,6,opponent,492
7.0,0.2857142857142857,0.5,5.0,1.0,6.0,6.0,0.0,5.0,0.0,0.0,0.0,1.0,0.0,0.0,0.0,0.0,PLAY_SUPPORTER,0.4,0.0,7,opponent,492
8.0,0.2857142857142857,0.5,5.0,1.0,6.0,6.0,0.0,4.0,0.0,1.0,0.0,0.0,0.0,0.0,0.0,0.0,RETREAT,-0.1,0.0,8,opponent,492
9.0,0.8333333333333334,0.5,5.0,1.0,6.0,6.0,0.0,4.0,0.0,0.0,0.0,1.0,0.0,0.0,0.0,0.0,PLAY_SUPPORTER,0.4,0.0,9,opponent,492
10.0,0.16666666666666666,0.5,5.0,1.0,6.0,6.0,0.0,3.0,0.0,1.0,0.0,0.0,0.0,0.0,0.0,0.0,RETREAT,-0.1,0.0,10,opponent,492
11.0,0.21428571428571427,0.5,5.0,1.0,6.0,6.0,0.0,3.0,0.0,1.0,0.0,0.0,0.0,0.0,0.0,0.0,RETREAT,-0.1,0.0,11,opponent,492
12.0,0.21428571428571427,0.5,4.0,1.0,6.0,5.0,0.0,3.0,0.0,1.0,0.0,0.0,0.0,0.0,0.0,0.0,RETREAT,-0.1,0.0,12,opponent,492
13.0,0.8571428571428571,0.5,4.0,1.0,6.0,5.0,0.0,3.0,0.0,0.0,0.0,1.0,0.0,0.0,0.0,0.0,PLAY_SUPPORTER,0.4,0.0,13,opponent,492
14.0,0.7142857142857143,0.5,4.0,1.0,6.0,5.0,0.0,2.0,0.0,0.0,0.0,1.0,0.0,0.0,0.0,0.0,PLAY_SUPPORTER,0.4,0.0,14,opponent,492
15.0,0.5714285714285714,0.5,4.0,1.0,6.0,5.0,0.0,1.0,0.0,0.0,0.0,1.0,0.0,0.0,0.0,0.0,PLAY_SUPPORTER,0.4,0.0,15,opponent,492
16.0,0.14285714285714285,0.5,4.0,1.0,6.0,5.0,0.0,0.0,0.0,1.0,0.0,0.0,0.0,0.0,0.0,0.0,RETREAT,-0.1,0.0,16,opponent,492
17.0,0.21428571428571427,0.5,4.0,1.0,6.0,5.0,0.0,0.0,0.0,1.0,0.0,0.0,0.0,0.0,0.0,0.0,RETREAT,-0.1,0.0,17,opponent,492
18.0,0.21428571428571427,0.5,3.0,1.0,6.0,4.0,0.0,0.0,0.0,1.0,0.0,0.0,0.0,0.0,0.0,0.0,RETREAT,-0.1,0.0,18,opponent,492
19.0,0.5,0.5,3.0,1.0,6.0,4.0,0.0,0.0,0.0,0.0,0.0,0.0,0.0,0.0,0.0,1.0,PASS_TURN,0.0,0.0,19,opponent,492
20.0,0.125,0.5,3.0,1.0,6.0,4.0,0.0,0.0,0.0,1.0,0.0,0.0,0.0,0.0,0.0,0.0,RETREAT,-0.1,0.0,20,opponent,492
21.0,0.125,0.5,2.0,1.0,6.0,3.0,0.0,0.0,0.0,1.0,0.0,0.0,0.0,0.0,0.0,0.0,RETREAT,-0.1,0.0,21,opponent,492
22.0,0.8,0.5,2.0,1.0,6.0,3.0,0.0,0.0,0.0,0.0,0.0,0.0,0.0,0.0,0.0,1.0,PASS_TURN,0.0,0.0,22,opponent,492
23.0,0.8,0.5,2.0,1.0,6.0,3.0,0.0,0.0,0.0,0.0,0.0,0.0,0.0,0.0,0.0,1.0,PASS_TURN,0.0,0.0,23,opponent,492
24.0,0.5,0.5,2.0,1.0,6.0,3.0,0.0,0.0,0.0,0.0,0.0,0.0,0.0,0.0,0.0,1.0,PASS_TURN,0.0,0.0,24,opponent,492
25.0,0.5,0.5,2.0,1.0,6.0,3.0,0.0,0.0,0.0,0.0,0.0,0.0,0.0,0.0,0.0,1.0,PASS_TURN,0.0,0.0,25,opponent,492
26.0,0.3,0.5,2.0,1.0,6.0,3.0,0.0,0.0,0.0,0.0,0.0,0.0,0.0,0.0,0.0,1.0,PASS_TURN,0.0,0.0,26,opponent,492
27.0,0.125,0.5,1.0,1.0,6.0,2.0,0.0,0.0,0.0,1.0,0.0,0.0,0.0,0.0,0.0,0.0,RETREAT,-0.1,0.0,27,opponent,492
28.0,1.0,0.5,1.0,1.0,6.0,2.0,0.0,0.0,0.0,0.0,0.0,0.0,0.0,0.0,0.0,1.0,PASS_TURN,0.0,0.0,28,opponent,492
29.0,0.5555555555555556,0.5,1.0,1.0,6.0,2.0,0.0,0.0,0.0,0.0,0.0,0.0,0.0,0.0,0.0,1.0,PASS_TURN,0.0,0.0,29,opponent,492
30.0,0.3333333333333333,0.5,1.0,1.0,6.0,2.0,0.0,0.0,0.0,0.0,0.0,0.0,0.0,0.0,0.0,1.0,PASS_TURN,0.0,0.0,30,opponent,492
31.0,0.2222222222222222,0.5,1.0,1.0,6.0,2.0,0.0,0.0,0.0,1.0,0.0,0.0,0.0,0.0,0.0,0.0,RETREAT,-0.1,0.0,31,opponent,492
32.0,0.2222222222222222,0.5,0.0,1.0,6.0,1.0,0.0,0.0,0.0,0.0,0.0,0.0,0.0,0.0,0.0,1.0,PASS_TURN,0.0,0.0,32,opponent,492
33.0,0.2222222222222222,0.5,0.0,1.0,6.0,1.0,0.0,0.0,0.0,0.0,0.0,0.0,0.0,0.0,0.0,1.0,PASS_TURN,0.0,0.0,33,opponent,492
1.0,1.0,1.0,2.0,3.0,6.0,6.0,2.0,4.0,0.0,0.0,1.0,0.0,0.0,0.0,0.0,0.0,ATTACH_ENERGY,0.3,0.7000000000000002,1,opponent,493
2.0,0.42857142857142855,1.0,2.0,3.0,6.0,6.0,1.0,4.0,0.0,0.0,1.0,0.0,0.0,0.0,0.0,0.0,ATTACH_ENERGY,0.3,0.7,2,opponent,493
3.0,0.14285714285714285,1.0,2.0,3.0,6.0,6.0,0.0,4.0,0.0,0.0,0.0,0.0,0.0,0.0,0.0,1.0,PASS_TURN,0.0,0.0,3,opponent,493
4.0,1.0,1.0,1.0,3.0,6.0,5.0,0.0,4.0,0.0,0.0,0.0,1.0,0.0,0.0,0.0,0.0,PLAY_SUPPORTER,0.4,0.0,4,opponent,493
5.0,0.75,1.0,1.0,3.0,6.0,5.0,0.0,3.0,0.0,0.0,0.0,1.0,0.0,0.0,0.0,0.0,PLAY_SUPPORTER,0.4,0.0,5,opponent,493
6.0,0.25,1.0,1.0,3.0,6.0,5.0,0.0,2.0,0.0,1.0,0.0,0.0,0.0,0.0,0.0,0.0,RETREAT,-0.1,0.0,6,opponent,493
7.0,0.6666666666666666,1.0,1.0,3.0,6.0,5.0,0.0,2.0,0.0,0.0,0.0,1.0,0.0,0.0,0.0,0.0,PLAY_SUPPORTER,0.4,0.0,7,opponent,493
8.0,0.5833333333333334,1.0,1.0,3.0,6.0,5.0,0.0,1.0,0.0,0.0,0.0,1.0,0.0,0.0,0.0,0.0,PLAY_SUPPORTER,0.4,0.0,8,opponent,493
9.0,0.3333333333333333,1.0,1.0,3.0,6.0,5.0,0.0,0.0,0.0,0.0,0.0,0.0,0.0,0.0,0.0,1.0,PASS_TURN,0.0,0.0,9,opponent,493
10.0,0.25,1.0,0.0,3.0,6.0,4.0,0.0,0.0,0.0,0.0,0.0,0.0,0.0,0.0,0.0,1.0,PASS_TURN,0.0,0.0,10,opponent,493
1.0,1.0,1.0,0.0,3.0,6.0,6.0,0.0,3.0,0.0,0.0,0.0,1.0,0.0,0.0,0.0,0.0,PLAY_SUPPORTER,0.4,0.0,1,opponent,494
2.0,0.875,1.0,0.0,3.0,6.0,6.0,0.0,2.0,0.0,0.0,0.0,1.0,0.0,0.0,0.0,0.0,PLAY_SUPPORTER,0.4,0.0,2,opponent,494
3.0,0.375,1.0,0.0,3.0,6.0,6.0,0.0,1.0,0.0,0.0,0.0,1.0,0.0,0.0,0.0,0.0,PLAY_SUPPORTER,0.4,0.0,3,opponent,494
4.0,0.25,1.0,0.0,3.0,6.0,6.0,0.0,0.0,0.0,0.0,0.0,0.0,0.0,0.0,0.0,1.0,PASS_TURN,0.0,0.0,4,opponent,494
5.0,0.25,1.0,0.0,3.0,6.0,6.0,0.0,0.0,0.0,0.0,0.0,0.0,0.0,0.0,0.0,1.0,PASS_TURN,0.0,0.0,5,opponent,494
6.0,0.125,1.0,0.0,3.0,6.0,6.0,0.0,0.0,0.0,0.0,0.0,0.0,0.0,0.0,0.0,1.0,PASS_TURN,0.0,0.0,6,opponent,494
7.0,0.125,1.0,0.0,3.0,6.0,6.0,0.0,0.0,0.0,0.0,0.0,0.0,0.0,0.0,0.0,1.0,PASS_TURN,0.0,0.0,7,opponent,494
1.0,1.0,1.0,0.0,2.0,6.0,6.0,0.0,7.0,0.0,0.0,0.0,0.0,1.0,0.0,0.0,0.0,PLAY_BASIC_TO_BENCH,0.2,1.6,1,opponent,495
2.0,1.0,1.0,1.0,2.0,6.0,6.0,0.0,6.0,0.0,0.0,0.0,1.0,0.0,0.0,0.0,0.0,PLAY_SUPPORTER,0.4,0.0,2,opponent,495
3.0,0.3333333333333333,1.0,1.0,2.0,6.0,6.0,0.0,5.0,0.0,0.0,0.0,1.0,0.0,0.0,0.0,0.0,PLAY_SUPPORTER,0.4,0.0,3,opponent,495
4.0,1.0,1.0,0.0,2.0,6.0,5.0,0.0,4.0,0.0,0.0,0.0,1.0,0.0,0.0,0.0,0.0,PLAY_SUPPORTER,0.4,0.0,4,opponent,495
5.0,0.8571428571428571,1.0,0.0,2.0,6.0,5.0,0.0,3.0,0.0,0.0,0.0,1.0,0.0,0.0,0.0,0.0,PLAY_SUPPORTER,0.4,0.0,5,opponent,495
6.0,0.2857142857142857,1.0,0.0,2.0,6.0,5.0,0.0,2.0,0.0,0.0,0.0,0.0,0.0,0.0,0.0,1.0,PASS_TURN,0.0,0.0,6,opponent,495
1.0,1.0,1.0,3.0,1.0,6.0,6.0,2.0,5.0,0.0,0.0,1.0,0.0,0.0,0.0,0.0,0.0,ATTACH_ENERGY,0.3,0.6999999999999997,1,opponent,496
2.0,0.8571428571428571,1.0,3.0,1.0,6.0,6.0,1.0,5.0,0.0,0.0,1.0,0.0,0.0,0.0,0.0,0.0,ATTACH_ENERGY,0.3,0.7000000000000011,2,opponent,496
3.0,0.7142857142857143,1.0,3.0,1.0,6.0,6.0,0.0,5.0,1.0,0.0,0.0,0.0,0.0,0.0,0.0,0.0,ATTACK,0.5,0.09999999999999964,3,opponent,496
4.0,0.14285714285714285,0.8571428571428571,3.0,1.0,6.0,6.0,0.0,5.0,0.0,1.0,0.0,0.0,0.0,0.0,0.0,0.0,RETREAT,-0.1,0.0,4,opponent,496
5.0,0.5,0.8571428571428571,3.0,1.0,6.0,6.0,0.0,5.0,0.0,0.0,0.0,1.0,0.0,0.0,0.0,0.0,PLAY_SUPPORTER,0.4,0.0,5,opponent,496
6.0,0.5,0.8571428571428571,3.0,1.0,6.0,6.0,0.0,4.0,0.0,0.0,0.0,1.0,0.0,0.0,0.0,0.0,PLAY_SUPPORTER,0.4,0.0,6,opponent,496
7.0,0.125,0.8571428571428571,3.0,1.0,6.0,6.0,0.0,3.0,0.0,1.0,0.0,0.0,0.0,0.0,0.0,0.0,RETREAT,-0.1,0.0,7,opponent,496
8.0,0.125,0.8571428571428571,2.0,1.0,6.0,5.0,0.0,3.0,0.0,1.0,0.0,0.0,0.0,0.0,0.0,0.0,RETREAT,-0.1,0.0,8,opponent,496
9.0,0.3333333333333333,0.8571428571428571,2.0,1.0,6.0,5.0,0.0,3.0,0.0,0.0,0.0,1.0,0.0,0.0,0.0,0.0,PLAY_SUPPORTER,0.4,0.0,9,opponent,496
10.0,0.125,0.8571428571428571,1.0,1.0,6.0,4.0,0.0,2.0,0.0,1.0,0.0,0.0,0.0,0.0,0.0,0.0,RETREAT,-0.1,0.0,10,opponent,496
11.0,0.6666666666666666,0.8571428571428571,1.0,1.0,6.0,4.0,0.0,2.0,0.0,0.0,0.0,1.0,0.0,0.0,0.0,0.0,PLAY_SUPPORTER,0.4,0.0,11,opponent,496
12.0,0.4444444444444444,0.8571428571428571,1.0,1.0,6.0,4.0,0.0,1.0,0.0,0.0,0.0,1.0,0.0,0.0,0.0,0.0,PLAY_SUPPORTER,0.4,0.0,12,opponent,496
13.0,0.4444444444444444,0.8571428571428571,1.0,1.0,6.0,4.0,0.0,0.0,0.0,0.0,0.0,0.0,0.0,0.0,0.0,1.0,PASS_TURN,0.0,0.0,13,opponent,496
14.0,0.4444444444444444,0.8571428571428571,1.0,1.0,6.0,4.0,0.0,0.0,0.0,0.0,0.0,0.0,0.0,0.0,0.0,1.0,PASS_TURN,0.0,0.0,14,opponent,496
15.0,0.125,0.8571428571428571,0.0,1.0,6.0,3.0,0.0,0.0,0.0,0.0,0.0,0.0,0.0,0.0,0.0,1.0,PASS_TURN,0.0,0.0,15,opponent,496
1.0,1.0,1.0,2.0,2.0,6.0,6.0,1.0,3.0,0.0,0.0,1.0,0.0,0.0,0.0,0.0,0.0,ATTACH_ENERGY,0.3,0.7,1,opponent,497
2.0,0.8571428571428571,1.0,2.0,2.0,6.0,6.0,0.0,3.0,1.0,0.0,0.0,0.0,0.0,0.0,0.0,0.0,ATTACK,0.5,0.09999999999999987,2,opponent,497
3.0,0.2857142857142857,0.8333333333333334,2.0,2.0,6.0,6.0,0.0,3.0,0.0,1.0,0.0,0.0,0.0,0.0,0.0,0.0,RETREAT,-0.1,0.0,3,opponent,497
4.0,0.7142857142857143,0.8333333333333334,2.0,2.0,6.0,6.0,0.0,3.0,0.0,0.0,0.0,0.0,1.0,0.0,0.0,0.0,PLAY_BASIC_TO_BENCH,0.2,1.9,4,opponent,497
5.0,0.42857142857142855,0.8333333333333334,3.0,2.0,6.0,6.0,0.0,2.0,0.0,0.0,0.0,1.0,0.0,0.0,0.0,0.0,PLAY_SUPPORTER,0.4,0.0,5,opponent,497
6.0,0.35714285714285715,0.8333333333333334,3.0,2.0,6.0,6.0,0.0,1.0,0.0,0.0,0.0,1.0,0.0,0.0,0.0,0.0,PLAY_SUPPORTER,0.4,0.0,6,opponent,497
7.0,0.14285714285714285,0.8333333333333334,3.0,2.0,6.0,6.0,0.0,0.0,0.0,1.0,0.0,0.0,0.0,0.0,0.0,0.0,RETREAT,-0.1,0.0,7,opponent,497
8.0,0.14285714285714285,0.8333333333333334,2.0,2.0,6.0,5.0,0.0,0.0,0.0,1.0,0.0,0.0,0.0,0.0,0.0,0.0,RETREAT,-0.1,0.0,8,opponent,497
9.0,0.5714285714285714,0.8333333333333334,2.0,2.0,6.0,5.0,0.0,0.0,0.0,0.0,0.0,0.0,0.0,0.0,0.0,1.0,PASS_TURN,0.0,0.0,9,opponent,497
10.0,0.14285714285714285,0.8333333333333334,1.0,2.0,6.0,4.0,0.0,0.0,0.0,1.0,0.0,0.0,0.0,0.0,0.0,0.0,RETREAT,-0.1,0.0,10,opponent,497
11.0,0.9,0.8333333333333334,1.0,2.0,6.0,4.0,0.0,0.0,0.0,0.0,0.0,0.0,0.0,0.0,0.0,1.0,PASS_TURN,0.0,0.0,11,opponent,497
12.0,0.8,0.8333333333333334,1.0,2.0,6.0,4.0,0.0,0.0,0.0,0.0,0.0,0.0,0.0,0.0,0.0,1.0,PASS_TURN,0.0,0.0,12,opponent,497
13.0,0.5,0.8333333333333334,1.0,2.0,6.0,4.0,0.0,0.0,0.0,0.0,0.0,0.0,0.0,0.0,0.0,1.0,PASS_TURN,0.0,0.0,13,opponent,497
14.0,0.1,0.8333333333333334,1.0,2.0,6.0,4.0,0.0,0.0,0.0,1.0,0.0,0.0,0.0,0.0,0.0,0.0,RETREAT,-0.1,0.0,14,opponent,497
15.0,0.1,0.8333333333333334,0.0,2.0,6.0,3.0,0.0,0.0,0.0,0.0,0.0,0.0,0.0,0.0,0.0,1.0,PASS_TURN,0.0,0.0,15,opponent,497
16.0,0.1,0.8333333333333334,0.0,2.0,6.0,3.0,0.0,0.0,0.0,0.0,0.0,0.0,0.0,0.0,0.0,1.0,PASS_TURN,0.0,0.0,16,opponent,497
1.0,1.0,1.0,2.0,3.0,6.0,6.0,0.0,5.0,0.0,1.0,0.0,0.0,0.0,0.0,0.0,0.0,RETREAT,-0.1,0.0,1,opponent,498
2.0,0.8888888888888888,1.0,2.0,3.0,6.0,6.0,0.0,5.0,0.0,0.0,0.0,1.0,0.0,0.0,0.0,0.0,PLAY_SUPPORTER,0.4,0.0,2,opponent,498
3.0,0.5555555555555556,1.0,2.0,3.0,6.0,6.0,0.0,4.0,0.0,0.0,0.0,1.0,0.0,0.0,0.0,0.0,PLAY_SUPPORTER,0.4,0.0,3,opponent,498
4.0,0.4444444444444444,1.0,2.0,3.0,6.0,6.0,0.0,3.0,0.0,0.0,0.0,1.0,0.0,0.0,0.0,0.0,PLAY_SUPPORTER,0.4,0.0,4,opponent,498
5.0,0.3333333333333333,1.0,2.0,3.0,6.0,6.0,0.0,2.0,0.0,0.0,0.0,1.0,0.0,0.0,0.0,0.0,PLAY_SUPPORTER,0.4,0.0,5,opponent,498
6.0,0.1111111111111111,1.0,2.0,3.0,6.0,6.0,0.0,1.0,0.0,1.0,0.0,0.0,0.0,0.0,0.0,0.0,RETREAT,-0.1,0.0,6,opponent,498
7.0,0.5,1.0,2.0,3.0,6.0,6.0,0.0,1.0,0.0,1.0,0.0,0.0,0.0,0.0,0.0,0.0,RETREAT,-0.1,0.0,7,opponent,498
8.0,0.5,1.0,1.0,3.0,6.0,5.0,0.0,1.0,0.0,0.0,0.0,1.0,0.0,0.0,0.0,0.0,PLAY_SUPPORTER,0.4,0.0,8,opponent,498
9.0,0.5,1.0,1.0,3.0,6.0,5.0,0.0,0.0,0.0,0.0,0.0,0.0,0.0,0.0,0.0,1.0,PASS_TURN,0.0,0.0,9,opponent,498
10.0,1.0,1.0,0.0,3.0,6.0,4.0,0.0,0.0,0.0,0.0,0.0,0.0,0.0,0.0,0.0,1.0,PASS_TURN,0.0,0.0,10,opponent,498
11.0,0.6,1.0,0.0,3.0,6.0,4.0,0.0,0.0,0.0,0.0,0.0,0.0,0.0,0.0,0.0,1.0,PASS_TURN,0.0,0.0,11,opponent,498
12.0,0.3,1.0,0.0,3.0,6.0,4.0,0.0,0.0,0.0,0.0,0.0,0.0,0.0,0.0,0.0,1.0,PASS_TURN,0.0,0.0,12,opponent,498
13.0,0.1,1.0,0.0,3.0,6.0,4.0,0.0,0.0,0.0,0.0,0.0,0.0,0.0,0.0,0.0,1.0,PASS_TURN,0.0,0.0,13,opponent,498
1.0,1.0,1.0,0.0,2.0,6.0,6.0,0.0,4.0,0.0,0.0,0.0,1.0,0.0,0.0,0.0,0.0,PLAY_SUPPORTER,0.4,0.0,1,opponent,499
2.0,0.8571428571428571,1.0,0.0,2.0,6.0,6.0,0.0,3.0,0.0,0.0,0.0,1.0,0.0,0.0,0.0,0.0,PLAY_SUPPORTER,0.4,0.0,2,opponent,499
3.0,0.42857142857142855,1.0,0.0,2.0,6.0,6.0,0.0,2.0,0.0,0.0,0.0,1.0,0.0,0.0,0.0,0.0,PLAY_SUPPORTER,0.4,0.0,3,opponent,499
4.0,0.2857142857142857,1.0,0.0,2.0,6.0,6.0,0.0,1.0,0.0,0.0,0.0,1.0,0.0,0.0,0.0,0.0,PLAY_SUPPORTER,0.4,0.0,4,opponent,499
